Concurso;Data Sorteio;Bola1;Bola2;Bola3;Bola4;Bola5;Bola6;Bola7;Bola8;Bola9;Bola10;Bola11;Bola12;Bola13;Bola14;Bola15;Observação
3698;29/05/2026;1;3;5;6;7;8;9;10;12;13;16;18;20;21;23;
3697;28/05/2026;1;5;6;7;9;10;13;15;17;18;19;20;21;24;25;
3696;27/05/2026;2;3;5;6;7;9;11;13;15;16;17;19;21;23;24;
3695;26/05/2026;1;2;3;4;6;8;9;13;15;17;18;21;22;23;24;
3694;25/05/2026;2;4;5;7;8;9;13;14;17;18;19;20;22;23;24;
3693;23/05/2026;1;4;6;7;9;10;11;13;14;16;17;18;20;21;25;
3692;22/05/2026;2;3;5;6;7;9;10;13;14;15;19;20;23;24;25;
3691;21/05/2026;2;3;5;8;9;10;13;14;15;18;19;21;23;24;25;
3690;20/05/2026;2;5;6;7;8;9;12;15;18;19;20;21;22;24;25;
3689;19/05/2026;3;5;7;8;10;11;12;13;14;15;16;18;19;20;23;
3688;18/05/2026;1;2;3;4;5;6;7;11;12;16;17;19;21;24;25;
3687;16/05/2026;3;4;5;6;12;13;14;16;17;18;20;21;23;24;25;
3686;15/05/2026;1;2;4;5;6;8;9;10;13;15;18;19;23;24;25;
3685;14/05/2026;1;2;4;8;10;11;14;15;17;19;20;21;23;24;25;
3684;13/05/2026;1;3;5;6;9;10;11;12;13;17;18;19;20;21;23;
3683;12/05/2026;2;3;5;7;8;9;10;11;12;14;16;19;20;24;25;
3682;11/05/2026;1;2;4;5;7;9;10;11;12;13;17;18;21;22;24;
3681;09/05/2026;1;2;4;5;7;9;11;12;14;15;16;20;21;22;25;
3680;08/05/2026;1;2;3;4;5;7;8;9;11;15;16;19;22;24;25;
3679;07/05/2026;1;2;3;7;8;10;11;13;14;17;18;21;22;23;24;
3678;06/05/2026;1;2;3;4;5;6;8;10;11;14;18;20;23;24;25;
3677;05/05/2026;1;2;3;8;9;10;12;13;14;15;16;18;22;23;24;
3676;04/05/2026;4;5;6;8;10;13;15;16;18;19;21;22;23;24;25;
3675;02/05/2026;2;3;4;5;7;8;10;12;13;15;17;18;19;23;24;
3674;30/04/2026;2;6;7;8;9;10;15;17;19;20;21;22;23;24;25;
3673;29/04/2026;1;3;4;8;10;11;12;15;16;18;19;20;21;22;25;
3672;28/04/2026;1;3;5;7;9;10;11;12;13;14;16;20;23;24;25;
3671;27/04/2026;1;3;4;5;6;7;9;10;12;13;15;16;17;18;21;
3670;25/04/2026;1;2;3;5;6;10;11;14;15;17;18;19;21;23;24;
3669;24/04/2026;2;3;4;5;8;9;10;11;12;15;16;17;22;23;24;
3668;23/04/2026;1;2;3;5;7;8;9;10;11;13;15;17;18;21;24;
3667;22/04/2026;1;3;4;5;6;7;9;11;14;15;19;21;22;23;25;
3666;20/04/2026;1;4;6;7;9;12;14;15;16;17;19;20;21;22;23;
3665;18/04/2026;1;2;3;5;6;7;9;10;11;13;16;18;22;23;25;
3664;17/04/2026;1;2;4;5;6;7;10;11;12;16;18;19;20;22;23;
3663;16/04/2026;1;3;4;5;6;10;12;14;17;19;20;22;23;24;25;
3662;15/04/2026;4;5;6;7;8;9;10;11;12;13;15;18;20;23;25;
3661;14/04/2026;2;3;4;5;6;7;8;10;12;14;15;19;21;23;24;
3660;13/04/2026;1;2;5;6;7;8;10;11;12;14;17;18;22;23;24;
3659;11/04/2026;3;5;6;7;8;9;10;11;13;14;15;16;17;23;25;
3658;10/04/2026;2;3;4;5;9;10;11;12;13;16;18;20;22;23;24;
3657;09/04/2026;1;2;4;7;8;10;12;13;17;18;19;20;22;23;24;
3656;08/04/2026;3;4;6;7;8;11;12;14;15;18;19;20;21;24;25;
3655;07/04/2026;1;2;4;5;6;10;11;12;17;18;19;21;22;23;24;
3654;06/04/2026;1;2;3;4;6;7;11;15;17;19;20;22;23;24;25;
3653;04/04/2026;2;3;4;6;7;8;10;11;13;14;16;18;19;20;21;
3652;02/04/2026;1;3;6;7;11;12;13;15;16;18;19;20;21;23;24;
3651;01/04/2026;2;3;5;8;10;12;13;14;16;17;18;20;21;24;25;
3650;31/03/2026;2;5;6;7;8;10;11;12;13;16;17;20;21;22;25;
3649;30/03/2026;6;8;9;10;11;12;13;14;15;17;18;20;21;24;25;
3648;28/03/2026;1;2;5;7;8;9;10;11;13;14;15;18;19;20;22;
3647;27/03/2026;2;4;5;8;10;12;15;16;17;19;20;21;22;24;25;
3646;26/03/2026;1;3;5;7;8;11;13;15;16;18;19;20;23;24;25;
3645;25/03/2026;1;3;6;7;8;9;10;12;13;15;17;18;19;21;25;
3644;24/03/2026;1;4;5;9;10;11;13;14;19;20;21;22;23;24;25;
3643;23/03/2026;3;4;5;6;8;9;10;13;17;19;20;22;23;24;25;
3642;21/03/2026;1;2;4;5;6;7;9;10;12;13;14;18;20;23;25;
3641;20/03/2026;1;2;3;5;6;9;10;13;14;16;19;20;21;22;25;
3640;19/03/2026;1;4;6;7;9;10;11;13;14;15;16;18;19;22;24;
3639;18/03/2026;1;3;4;5;6;7;9;10;11;12;13;15;18;23;25;
3638;17/03/2026;2;3;6;7;8;10;11;13;15;18;19;20;22;24;25;
3637;16/03/2026;3;4;6;7;8;9;10;11;12;16;17;20;21;22;25;
3636;14/03/2026;1;2;3;4;5;6;12;13;15;16;17;18;22;24;25;
3635;13/03/2026;1;2;3;5;11;12;14;15;16;19;20;22;23;24;25;
3634;12/03/2026;3;4;5;6;7;8;10;11;13;14;16;18;19;21;25;
3633;11/03/2026;1;5;6;7;10;11;13;17;18;20;21;22;23;24;25;
3632;10/03/2026;1;2;3;5;6;9;10;15;17;19;20;21;22;23;25;
3631;09/03/2026;4;7;8;9;12;13;14;15;16;17;19;20;21;23;25;
3630;07/03/2026;2;3;4;5;6;7;8;11;12;14;15;17;19;23;24;
3629;06/03/2026;1;4;7;13;14;15;16;17;19;20;21;22;23;24;25;
3628;05/03/2026;2;3;4;6;9;10;13;15;16;17;20;21;23;24;25;
3627;04/03/2026;1;2;6;7;8;9;10;12;13;14;15;16;17;19;21;
3626;03/03/2026;1;2;3;6;7;9;10;13;15;16;17;18;20;21;25;
3625;02/03/2026;1;4;8;9;10;13;15;16;17;18;19;21;23;24;25;
3624;28/02/2026;1;2;4;5;6;9;11;12;13;16;18;22;23;24;25;
3623;27/02/2026;2;4;6;7;9;10;11;12;13;14;16;19;20;22;24;
3622;26/02/2026;2;3;6;7;9;10;11;12;14;15;16;18;19;20;21;
3621;25/02/2026;1;2;4;6;7;9;10;11;13;15;18;22;23;24;25;
3620;24/02/2026;1;2;4;7;9;11;12;15;16;18;19;20;21;24;25;
3619;23/02/2026;1;2;7;8;10;11;13;14;16;18;19;20;23;24;25;
3618;21/02/2026;1;3;4;5;9;10;11;12;14;15;20;21;22;23;24;
3617;20/02/2026;2;4;7;8;10;11;12;13;16;19;20;21;22;23;25;
3616;19/02/2026;1;4;5;6;10;11;13;14;16;18;19;20;21;23;24;
3615;18/02/2026;2;3;6;7;8;9;10;11;14;15;17;18;21;23;25;
3614;14/02/2026;2;4;5;6;9;10;11;12;14;15;16;17;20;23;25;
3613;13/02/2026;1;3;4;7;9;10;11;12;15;16;18;20;21;22;23;
3612;12/02/2026;4;6;8;9;11;14;15;16;17;18;19;20;21;22;25;
3611;11/02/2026;1;2;3;4;5;6;10;11;12;14;15;17;18;19;25;
3610;10/02/2026;1;3;5;7;8;10;13;14;17;20;21;22;23;24;25;
3609;09/02/2026;2;5;6;8;9;10;11;12;13;17;19;20;22;24;25;
3608;07/02/2026;2;5;6;8;9;11;14;16;17;18;19;20;22;23;25;
3607;06/02/2026;1;2;4;5;6;8;9;13;14;15;16;18;19;20;23;
3606;05/02/2026;2;3;6;7;9;11;12;14;15;17;19;20;21;23;24;
3605;04/02/2026;1;3;4;7;10;12;13;14;19;20;21;22;23;24;25;
3604;03/02/2026;1;2;3;6;7;8;11;13;15;16;19;21;22;23;24;
3603;02/02/2026;2;4;5;9;10;11;12;14;15;17;19;20;21;22;24;
3602;31/01/2026;1;2;3;4;5;6;8;9;15;18;19;20;22;23;24;
3601;30/01/2026;2;3;4;6;7;8;9;11;16;17;20;21;23;24;25;
3600;29/01/2026;3;4;5;6;7;8;9;11;12;16;17;20;21;22;25;
3599;28/01/2026;1;4;6;7;8;9;11;12;13;16;19;20;21;23;24;
3598;27/01/2026;1;3;4;5;6;7;8;9;11;16;18;21;22;23;24;
3597;26/01/2026;1;4;5;7;10;11;13;14;15;16;19;20;21;23;25;
3596;24/01/2026;1;2;3;4;5;6;7;8;14;15;16;18;20;21;22;
3595;23/01/2026;1;2;4;5;6;8;10;12;13;15;16;20;21;22;25;
3594;22/01/2026;1;2;4;5;7;8;9;11;14;15;18;20;21;23;24;
3593;21/01/2026;1;3;4;6;7;8;9;10;12;15;18;19;23;24;25;
3592;20/01/2026;1;4;5;6;7;9;12;13;17;18;20;21;22;23;25;
3591;19/01/2026;1;2;3;4;6;7;10;11;13;14;15;17;18;19;20;
3590;17/01/2026;4;6;8;10;11;12;13;15;16;17;19;20;21;22;23;
3589;16/01/2026;1;2;3;4;8;10;11;12;15;18;19;21;22;24;25;
3588;15/01/2026;3;5;7;8;9;11;14;15;16;17;19;21;22;23;24;
3587;14/01/2026;1;2;4;8;9;10;11;12;13;16;17;18;19;20;22;
3586;13/01/2026;1;2;6;10;11;12;13;14;15;17;18;21;22;24;25;
3585;12/01/2026;1;2;4;8;9;10;13;16;17;19;20;21;22;23;25;
3584;10/01/2026;1;2;4;7;8;9;13;15;16;17;18;20;21;23;25;
3583;09/01/2026;2;3;4;6;9;10;12;13;14;15;21;22;23;24;25;
3582;08/01/2026;2;5;6;7;8;9;10;11;12;13;16;18;23;24;25;
3581;07/01/2026;2;3;4;5;6;7;8;10;12;15;16;17;20;22;24;
3580;06/01/2026;1;4;5;6;8;9;12;13;15;16;19;20;21;23;25;
3579;05/01/2026;1;2;3;4;8;10;11;13;15;17;19;20;21;23;25;
3578;03/01/2026;2;3;4;5;6;7;9;10;14;17;19;20;22;23;24;
3577;02/01/2026;1;2;4;5;6;8;9;10;12;16;18;20;23;24;25;
3576;01/01/2026;1;2;3;5;7;8;10;13;16;18;19;21;22;23;25;
3575;30/12/2025;2;4;5;7;8;9;10;12;13;14;15;17;21;22;25;
3574;29/12/2025;1;3;4;5;6;8;12;13;15;16;17;18;20;21;25;
3573;27/12/2025;1;2;7;8;10;11;12;14;15;16;17;20;22;23;25;
3572;26/12/2025;1;2;4;5;7;10;12;14;15;16;17;18;19;22;24;
3571;24/12/2025;2;3;4;5;6;8;11;12;13;14;17;20;22;24;25;
3570;23/12/2025;1;2;3;5;6;10;11;13;15;18;19;20;21;22;24;
3569;22/12/2025;1;2;3;4;5;6;8;10;14;15;17;18;19;20;24;
3568;20/12/2025;1;2;4;5;6;7;8;10;11;13;18;19;20;22;24;
3567;19/12/2025;1;2;4;8;9;10;11;12;14;15;18;19;20;24;25;
3566;18/12/2025;1;2;4;7;8;12;13;14;15;17;20;21;22;23;24;
3565;17/12/2025;1;4;10;11;13;16;17;18;19;20;21;22;23;24;25;
3564;16/12/2025;5;6;7;8;9;11;12;13;14;19;20;21;23;24;25;
3563;15/12/2025;1;3;4;9;10;11;12;13;15;17;19;20;21;23;25;
3562;13/12/2025;3;5;6;7;9;10;11;12;13;14;15;19;22;23;25;
3561;12/12/2025;1;2;4;5;6;7;8;10;15;16;17;18;20;21;25;
3560;11/12/2025;1;3;4;6;7;8;10;11;12;13;17;18;19;23;24;
3559;10/12/2025;1;2;6;8;9;10;11;13;14;15;16;19;20;24;25;
3558;09/12/2025;2;3;4;7;9;12;13;14;15;18;20;22;23;24;25;
3557;08/12/2025;5;6;7;9;10;13;14;15;16;17;19;20;21;22;24;
3556;06/12/2025;1;2;3;4;5;7;9;10;12;14;16;17;19;21;23;
3555;05/12/2025;1;2;3;4;7;8;10;13;14;15;18;19;20;23;24;
3554;04/12/2025;1;3;4;5;8;9;11;12;14;15;16;18;22;23;25;
3553;03/12/2025;1;2;3;7;8;9;12;13;16;17;19;21;22;23;24;
3552;02/12/2025;4;5;6;7;11;12;14;15;16;17;18;20;21;23;25;
3551;01/12/2025;1;2;3;7;8;10;11;12;15;16;17;19;21;22;25;
3550;29/11/2025;1;4;6;7;8;12;13;15;16;18;19;20;22;23;24;
3549;28/11/2025;2;5;7;8;9;11;12;14;17;20;21;22;23;24;25;
3548;27/11/2025;4;8;9;10;11;12;13;15;16;17;19;21;23;24;25;
3547;26/11/2025;2;5;6;7;9;10;14;15;17;18;19;20;21;24;25;
3546;25/11/2025;2;3;5;7;8;11;12;13;18;19;20;22;23;24;25;
3545;24/11/2025;1;4;5;6;7;8;11;12;14;17;19;20;21;22;25;
3544;22/11/2025;1;4;5;6;8;10;11;12;15;17;20;21;22;23;25;
3543;21/11/2025;1;4;5;6;7;8;9;14;15;16;17;20;21;22;25;
3542;19/11/2025;1;2;5;8;11;12;13;15;18;19;21;22;23;24;25;
3541;18/11/2025;1;2;3;4;6;8;13;14;16;17;18;19;21;23;25;
3540;17/11/2025;1;2;3;5;6;9;10;13;14;15;16;18;22;23;25;
3539;14/11/2025;1;2;7;8;9;11;12;13;14;16;18;19;20;23;24;
3538;13/11/2025;2;3;5;8;9;10;13;14;17;19;20;21;22;24;25;
3537;12/11/2025;1;2;3;4;7;9;10;12;15;19;20;21;22;24;25;
3536;11/11/2025;1;3;4;6;7;8;9;10;11;15;16;17;18;22;24;
3535;10/11/2025;2;3;6;7;8;9;11;13;18;19;20;21;22;24;25;
3534;08/11/2025;1;3;7;9;11;12;13;14;15;16;17;19;20;21;22;
3533;07/11/2025;1;3;5;6;8;11;12;13;14;15;19;20;22;23;25;
3532;06/11/2025;2;3;4;5;6;7;8;10;11;12;14;15;17;23;25;
3531;05/11/2025;1;3;4;5;7;8;10;11;12;14;15;16;18;19;22;
3530;04/11/2025;1;2;3;5;7;11;12;13;15;16;20;22;23;24;25;
3529;03/11/2025;1;7;8;10;11;12;14;15;16;17;18;19;20;22;24;
3528;01/11/2025;1;3;5;6;7;9;10;16;18;19;20;22;23;24;25;
3527;31/10/2025;2;3;4;6;7;9;13;14;15;16;17;19;20;23;24;
3526;30/10/2025;1;3;7;8;10;12;14;15;17;18;19;20;21;22;23;
3525;29/10/2025;1;2;3;7;10;11;14;15;16;17;18;20;21;23;24;
3524;28/10/2025;2;3;4;5;7;9;12;13;14;15;16;17;18;22;24;
3523;27/10/2025;5;6;8;9;10;11;12;14;15;16;17;19;23;24;25;
3522;25/10/2025;1;2;4;5;7;8;10;11;12;14;15;17;20;22;24;
3521;24/10/2025;6;7;8;9;10;11;12;13;14;15;19;20;21;22;23;
3520;23/10/2025;1;3;7;8;10;12;13;15;16;18;19;20;21;22;23;
3519;22/10/2025;4;5;6;7;8;13;14;16;17;18;20;21;22;23;25;
3518;21/10/2025;2;5;6;7;11;12;13;14;16;17;19;21;22;24;25;
3517;20/10/2025;1;2;3;7;8;11;12;14;17;18;19;20;21;22;24;
3516;18/10/2025;2;3;6;11;12;13;14;15;17;18;19;20;21;23;25;
3515;17/10/2025;1;2;3;4;5;6;7;9;14;15;16;17;21;23;24;
3514;16/10/2025;1;3;4;5;6;8;10;12;13;16;17;20;21;23;24;
3513;15/10/2025;3;4;5;6;7;11;13;14;15;16;18;20;22;23;24;
3512;14/10/2025;1;2;3;4;5;6;9;12;13;14;15;17;19;20;22;
3511;13/10/2025;2;3;5;6;7;8;9;12;13;14;15;19;20;23;24;
3510;11/10/2025;1;2;3;4;5;6;7;8;13;14;15;17;21;22;23;
3509;10/10/2025;1;3;4;7;9;10;12;14;15;16;19;21;22;24;25;
3508;09/10/2025;1;3;4;5;6;8;11;13;14;16;17;20;21;22;24;
3507;08/10/2025;2;3;4;7;9;10;11;12;17;18;19;21;22;24;25;
3506;07/10/2025;3;4;5;6;8;11;12;13;16;17;18;22;23;24;25;
3505;06/10/2025;1;2;3;4;6;7;8;9;11;14;16;20;21;23;25;
3504;04/10/2025;1;2;4;6;7;9;10;12;15;16;17;21;22;23;25;
3503;03/10/2025;1;4;6;7;8;10;11;12;14;15;16;18;21;24;25;
3502;02/10/2025;4;5;6;7;8;9;14;15;16;17;18;19;20;21;25;
3501;01/10/2025;1;3;7;9;11;12;13;15;16;18;19;20;21;22;24;
3500;30/09/2025;1;2;4;5;6;7;9;10;11;12;14;16;18;19;21;
3499;29/09/2025;1;5;7;9;10;11;12;13;14;17;18;19;23;24;25;
3498;27/09/2025;1;2;3;4;5;7;8;9;15;16;17;19;21;22;24;
3497;26/09/2025;1;2;3;4;6;10;11;12;13;14;15;18;19;21;25;
3496;25/09/2025;1;4;5;8;9;11;13;14;15;16;17;18;20;23;24;
3495;24/09/2025;2;3;6;8;9;11;12;15;16;18;19;20;22;23;25;
3494;23/09/2025;1;4;9;10;11;12;14;15;16;17;19;21;22;24;25;
3493;22/09/2025;2;3;4;5;6;10;11;13;15;16;19;20;21;23;24;
3492;20/09/2025;2;3;4;8;9;10;13;17;18;19;20;21;22;23;25;
3491;19/09/2025;1;2;4;8;9;10;12;13;15;17;21;22;23;24;25;
3490;18/09/2025;2;3;4;7;8;11;13;14;15;16;18;19;21;23;25;
3489;17/09/2025;1;2;5;8;9;11;14;16;17;20;21;22;23;24;25;
3488;16/09/2025;1;3;4;5;6;8;9;11;12;13;14;15;17;22;25;
3487;15/09/2025;2;4;5;7;10;12;13;15;16;17;18;19;21;22;23;
3486;13/09/2025;2;6;7;8;9;10;11;12;16;17;18;19;22;24;25;
3485;12/09/2025;2;3;4;5;6;9;10;11;12;13;15;18;20;22;25;
3484;11/09/2025;1;3;4;5;7;8;9;11;13;14;15;17;23;24;25;
3483;10/09/2025;2;4;7;8;9;12;13;14;15;17;18;20;22;24;25;
3482;09/09/2025;1;2;4;5;9;10;13;14;15;17;19;20;22;24;25;
3481;08/09/2025;1;2;3;4;5;7;9;10;13;14;19;21;22;23;24;
3480;06/09/2025;3;5;6;8;9;12;13;14;15;16;17;20;21;22;23;
3479;26/08/2025;1;5;6;8;9;10;12;13;15;16;18;19;23;24;25;
3478;25/08/2025;1;4;5;6;7;8;9;10;12;14;15;17;21;22;24;
3477;23/08/2025;2;3;5;6;8;12;15;16;17;18;20;21;23;24;25;
3476;22/08/2025;3;5;6;7;8;10;12;15;16;17;19;20;23;24;25;
3475;21/08/2025;1;3;4;5;6;11;14;15;18;20;21;22;23;24;25;
3474;20/08/2025;1;4;6;8;9;10;12;13;14;15;18;19;20;21;25;
3473;19/08/2025;2;3;4;5;6;7;9;12;13;14;17;18;19;23;25;
3472;18/08/2025;2;3;5;7;10;11;12;13;15;18;19;21;23;24;25;
3471;16/08/2025;1;2;3;5;6;11;13;16;17;19;21;22;23;24;25;
3470;15/08/2025;1;4;5;7;8;10;12;13;14;18;20;21;22;23;24;
3469;14/08/2025;1;3;5;6;7;8;11;12;13;15;17;18;21;22;24;
3468;13/08/2025;1;3;4;6;9;10;12;13;14;18;19;21;23;24;25;
3467;12/08/2025;3;4;5;6;7;8;9;13;14;16;18;19;20;21;25;
3466;11/08/2025;1;5;6;7;9;10;12;15;17;18;19;21;23;24;25;
3465;09/08/2025;1;4;5;6;9;10;11;12;14;15;17;18;21;22;24;
3464;08/08/2025;1;3;4;6;11;13;14;15;16;17;18;20;21;22;25;
3463;07/08/2025;1;2;4;6;7;8;11;14;15;16;17;18;19;21;22;
3462;06/08/2025;1;2;9;10;13;14;15;16;17;18;19;20;22;24;25;
3461;05/08/2025;2;3;4;5;6;8;9;10;11;13;18;19;21;23;25;
3460;04/08/2025;1;2;3;4;6;8;11;12;16;17;18;19;22;23;25;
3459;02/08/2025;1;3;5;6;7;12;14;15;17;18;19;20;22;23;25;
3458;01/08/2025;2;3;4;5;7;8;9;10;11;14;16;18;20;23;25;
3457;31/07/2025;1;2;4;6;9;10;11;12;16;17;18;20;22;23;25;
3456;30/07/2025;1;2;3;5;6;7;11;12;13;15;16;19;22;23;25;
3455;29/07/2025;1;2;3;5;6;9;10;13;15;17;19;21;22;23;25;
3454;28/07/2025;2;3;4;7;9;10;11;13;14;15;17;18;20;22;24;
3453;26/07/2025;2;3;4;5;7;9;10;11;12;13;19;21;23;24;25;
3452;25/07/2025;1;4;5;8;9;11;12;13;15;16;18;19;20;21;25;
3451;24/07/2025;1;2;6;7;8;9;14;15;17;18;20;21;22;24;25;
3450;23/07/2025;1;2;4;5;6;7;11;12;13;14;15;18;23;24;25;
3449;22/07/2025;1;4;7;8;11;13;15;16;18;20;21;22;23;24;25;
3448;21/07/2025;1;3;5;7;9;10;11;12;14;16;17;20;21;23;25;
3447;19/07/2025;2;3;6;7;11;12;13;14;17;18;19;20;21;22;23;
3446;18/07/2025;3;4;5;7;9;10;12;13;16;19;21;22;23;24;25;
3445;17/07/2025;1;2;4;5;6;9;11;12;14;18;19;20;21;22;25;
3444;16/07/2025;2;3;6;7;9;11;12;13;16;17;19;21;22;24;25;
3443;15/07/2025;1;4;5;6;8;10;11;12;13;15;16;19;20;24;25;
3442;14/07/2025;1;3;5;6;7;9;10;13;15;16;18;19;21;23;25;
3441;12/07/2025;1;2;3;4;5;11;14;16;18;20;21;22;23;24;25;
3440;11/07/2025;1;3;4;6;7;8;9;12;13;15;16;17;18;21;25;
3439;10/07/2025;2;3;4;5;6;7;9;10;11;12;14;15;16;22;23;
3438;09/07/2025;2;4;8;9;10;11;12;13;15;16;17;18;19;23;24;
3437;08/07/2025;1;5;6;8;9;11;12;14;15;17;19;20;22;24;25;
3436;07/07/2025;1;2;3;6;8;11;13;14;15;16;17;20;22;23;25;
3435;05/07/2025;1;3;6;10;11;12;13;14;16;18;21;22;23;24;25;
3434;04/07/2025;2;4;5;7;8;10;13;15;16;18;19;20;21;23;24;
3433;03/07/2025;1;2;3;6;9;11;12;13;16;17;18;19;21;23;24;
3432;02/07/2025;4;9;11;12;13;14;15;16;17;18;19;20;21;23;24;
3431;01/07/2025;2;3;4;6;7;9;11;12;14;16;17;18;19;21;24;
3430;30/06/2025;2;5;7;9;10;12;16;17;18;20;21;22;23;24;25;
3429;28/06/2025;1;2;3;5;7;8;9;14;15;16;17;19;20;21;24;
3428;27/06/2025;3;5;7;11;12;13;14;15;16;19;20;22;23;24;25;
3427;26/06/2025;1;2;6;7;9;10;11;15;17;18;19;20;21;22;24;
3426;25/06/2025;1;4;5;6;8;10;11;12;13;15;16;17;18;20;21;
3425;24/06/2025;4;5;6;7;8;9;10;11;13;15;16;17;21;24;25;
3424;23/06/2025;3;6;8;11;13;16;17;18;19;20;21;22;23;24;25;
3423;21/06/2025;1;2;3;4;8;11;12;14;15;17;18;19;20;22;23;
3422;20/06/2025;1;2;3;4;5;6;7;11;14;16;17;21;22;23;24;
3421;18/06/2025;1;2;3;6;9;12;14;15;16;17;20;21;22;23;24;
3420;17/06/2025;3;5;6;7;11;14;15;16;17;18;19;21;22;23;25;
3419;16/06/2025;1;2;3;4;6;7;9;10;12;13;15;17;19;20;25;
3418;14/06/2025;2;3;4;5;6;7;8;10;12;13;16;20;21;23;24;
3417;13/06/2025;3;4;6;7;8;9;10;11;12;13;15;17;22;24;25;
3416;12/06/2025;2;3;4;5;7;10;11;12;13;14;17;19;20;21;24;
3415;11/06/2025;1;2;4;6;7;10;11;13;14;15;16;17;18;21;25;
3414;10/06/2025;1;2;4;5;6;10;12;13;14;16;18;21;22;24;25;
3413;09/06/2025;1;2;3;4;9;11;12;13;16;18;19;20;22;23;25;
3412;07/06/2025;3;4;6;7;11;12;13;14;16;17;19;21;22;23;24;
3411;06/06/2025;1;2;5;6;10;13;14;15;16;18;20;22;23;24;25;
3410;05/06/2025;1;4;5;7;8;9;10;11;12;13;14;16;18;23;24;
3409;04/06/2025;1;2;4;5;6;9;10;11;12;13;14;16;21;22;23;
3408;03/06/2025;2;3;6;7;9;10;11;13;14;15;18;19;20;24;25;
3407;02/06/2025;3;6;7;8;9;11;12;13;14;15;16;17;19;20;25;
3406;31/05/2025;1;3;5;6;7;9;10;13;14;17;19;21;22;23;25;
3405;30/05/2025;2;6;7;11;12;13;14;15;16;17;18;20;22;23;25;
3404;29/05/2025;2;3;4;5;7;8;11;12;13;16;17;19;21;22;25;
3403;28/05/2025;1;2;4;7;8;9;11;12;13;15;18;19;21;22;25;
3402;27/05/2025;1;2;4;7;9;10;11;13;14;15;18;19;20;24;25;
3401;26/05/2025;2;3;4;5;6;8;9;12;15;16;17;18;20;21;25;
3400;24/05/2025;1;3;4;5;7;8;9;11;13;14;16;19;22;23;24;
3399;23/05/2025;1;3;5;6;8;10;13;14;15;16;17;21;23;24;25;
3398;22/05/2025;1;2;3;4;5;7;9;10;12;14;16;17;18;19;24;
3397;21/05/2025;1;3;4;6;7;9;10;11;12;13;17;18;20;22;23;
3396;20/05/2025;1;2;3;4;5;6;7;10;11;12;15;16;17;19;22;
3395;19/05/2025;2;4;5;6;7;8;10;12;16;17;19;20;22;23;24;
3394;17/05/2025;1;2;3;4;5;6;7;9;10;11;16;17;18;19;22;
3393;16/05/2025;1;2;7;8;10;11;12;14;15;17;18;19;23;24;25;
3392;15/05/2025;1;2;3;6;7;8;9;11;13;14;17;18;19;22;24;
3391;14/05/2025;1;4;6;7;10;11;12;14;15;16;17;20;21;23;25;
3390;13/05/2025;1;2;3;4;6;8;12;13;15;16;19;20;21;22;24;
3389;12/05/2025;1;6;7;8;9;10;12;15;17;18;20;21;22;23;24;
3388;10/05/2025;2;3;4;5;6;8;12;14;16;17;18;19;21;22;25;
3387;09/05/2025;1;3;4;6;8;9;10;12;13;14;15;17;22;23;25;
3386;08/05/2025;1;2;3;4;5;8;11;13;15;16;19;20;21;22;23;
3385;07/05/2025;1;2;3;6;7;8;11;13;14;17;18;20;23;24;25;
3384;06/05/2025;2;3;4;8;9;10;11;12;14;15;17;21;22;23;25;
3383;05/05/2025;1;2;3;4;5;6;8;9;10;11;13;14;15;23;24;
3382;03/05/2025;2;3;4;5;8;9;11;13;15;19;21;22;23;24;25;
3381;02/05/2025;7;8;9;10;11;12;14;15;16;17;18;19;20;21;25;
3380;30/04/2025;2;5;6;7;11;12;14;15;16;17;20;21;23;24;25;
3379;29/04/2025;3;5;6;7;9;10;11;12;14;15;17;21;22;24;25;
3378;28/04/2025;1;3;4;6;7;9;12;13;14;15;17;18;19;24;25;
3377;26/04/2025;1;2;3;5;6;7;9;10;11;16;18;19;21;22;25;
3376;25/04/2025;1;2;4;5;7;9;10;11;14;17;18;21;23;24;25;
3375;24/04/2025;1;2;3;7;8;9;12;15;16;20;21;22;23;24;25;
3374;23/04/2025;4;5;6;7;8;10;11;12;14;15;17;18;20;21;24;
3373;22/04/2025;1;3;4;6;10;12;13;14;15;17;19;21;22;23;24;
3372;19/04/2025;1;3;4;7;8;9;11;12;13;15;18;19;20;22;24;
3371;17/04/2025;6;7;8;11;13;15;16;17;18;19;20;21;22;23;24;
3370;16/04/2025;2;5;6;7;8;9;10;11;12;14;17;18;23;24;25;
3369;15/04/2025;1;4;5;6;8;9;10;13;18;19;20;22;23;24;25;
3368;14/04/2025;1;2;4;5;7;9;10;13;14;16;19;21;22;23;25;
3367;12/04/2025;1;2;3;7;8;9;10;13;14;15;16;18;20;21;22;
3366;11/04/2025;2;3;5;6;8;11;14;15;16;18;19;21;22;24;25;
3365;10/04/2025;1;2;4;5;6;8;10;11;12;13;14;15;18;20;23;
3364;09/04/2025;2;6;7;10;11;12;13;14;18;20;21;22;23;24;25;
3363;08/04/2025;3;5;8;9;11;13;15;16;17;18;19;20;22;24;25;
3362;07/04/2025;1;2;3;4;6;10;11;13;14;15;16;21;22;23;24;
3361;05/04/2025;1;2;5;8;9;10;11;13;16;17;18;20;22;23;24;
3360;04/04/2025;1;2;3;4;6;8;9;10;11;16;17;20;21;23;25;
3359;03/04/2025;1;2;7;8;9;11;13;14;16;19;20;22;23;24;25;
3358;02/04/2025;1;2;4;6;7;8;9;10;11;14;15;17;18;19;24;
3357;01/04/2025;1;2;3;5;7;8;9;11;13;14;15;19;20;24;25;
3356;31/03/2025;4;6;7;8;11;14;15;16;17;18;19;20;22;23;24;
3355;29/03/2025;1;2;3;5;8;9;11;12;13;14;18;19;20;22;25;
3354;28/03/2025;1;2;3;5;7;8;9;13;14;15;16;18;20;24;25;
3353;27/03/2025;1;3;5;7;8;12;13;14;16;17;18;20;23;24;25;
3352;26/03/2025;1;2;3;10;11;13;14;15;16;18;19;21;22;23;25;
3351;25/03/2025;1;4;5;8;9;11;13;14;15;16;17;18;19;22;24;
3350;24/03/2025;1;2;7;10;12;13;14;16;18;19;20;21;22;23;25;
3349;22/03/2025;1;3;4;6;9;10;11;12;13;14;17;19;21;23;25;
3348;21/03/2025;2;4;5;7;8;9;10;13;18;20;21;22;23;24;25;
3347;20/03/2025;1;2;3;4;5;6;8;10;11;12;14;16;17;22;24;
3346;19/03/2025;2;4;5;7;8;9;10;11;13;14;16;18;20;23;25;
3345;18/03/2025;1;2;4;9;11;12;13;14;17;18;19;20;21;23;24;
3344;17/03/2025;1;2;4;6;9;10;12;13;14;15;19;21;23;24;25;
3343;15/03/2025;1;2;6;7;9;11;13;15;16;17;19;20;21;22;25;
3342;14/03/2025;1;2;5;7;8;10;12;13;16;17;18;19;20;22;24;
3341;13/03/2025;1;2;4;6;7;8;11;12;13;14;17;19;21;24;25;
3340;12/03/2025;1;3;6;9;11;13;14;15;17;19;21;22;23;24;25;
3339;11/03/2025;3;4;5;9;10;11;12;13;14;16;17;19;21;24;25;
3338;10/03/2025;1;2;4;6;7;9;10;13;14;15;16;18;21;24;25;
3337;08/03/2025;1;3;4;5;7;8;10;11;14;15;16;18;19;23;24;
3336;07/03/2025;1;5;6;7;11;14;15;16;17;19;20;21;22;23;25;
3335;06/03/2025;1;2;3;5;7;8;9;11;12;15;17;18;19;20;25;
3334;05/03/2025;2;3;4;6;8;11;14;15;16;17;19;20;22;23;25;
3333;01/03/2025;1;3;4;5;8;9;11;13;15;19;20;21;22;24;25;
3332;28/02/2025;1;4;5;6;7;8;9;11;15;16;17;18;19;20;21;
3331;27/02/2025;3;5;6;7;8;9;10;11;12;15;17;18;21;23;25;
3330;26/02/2025;1;2;7;9;10;12;13;14;15;18;21;22;23;24;25;
3329;25/02/2025;1;3;4;5;8;11;12;13;15;16;19;22;23;24;25;
3328;24/02/2025;1;2;4;5;6;7;10;13;14;15;17;19;21;22;23;
3327;22/02/2025;2;9;10;11;13;14;15;16;17;19;20;21;22;23;24;
3326;21/02/2025;1;2;3;6;10;11;12;13;15;16;19;20;21;22;23;
3325;20/02/2025;1;3;4;6;7;10;12;14;17;18;20;22;23;24;25;
3324;19/02/2025;2;3;4;6;7;10;11;12;13;14;15;16;20;22;24;
3323;18/02/2025;3;4;5;6;8;9;11;14;16;19;20;21;22;23;24;
3322;17/02/2025;2;3;6;7;8;9;10;11;13;14;15;16;17;22;23;
3321;15/02/2025;2;4;7;8;10;11;12;15;16;17;18;20;22;24;25;
3320;14/02/2025;2;3;4;5;6;8;9;12;15;17;18;19;22;24;25;
3319;13/02/2025;1;4;5;6;7;14;15;16;17;19;20;21;22;23;25;
3318;12/02/2025;1;3;6;9;10;11;12;13;14;15;19;20;22;24;25;
3317;11/02/2025;1;2;3;4;5;6;11;12;13;14;18;20;21;22;25;
3316;10/02/2025;2;3;7;10;11;14;15;16;17;18;20;21;22;23;25;
3315;08/02/2025;2;3;4;6;7;8;9;11;12;14;17;18;21;24;25;
3314;07/02/2025;1;2;3;5;6;7;8;10;13;14;15;17;19;22;25;
3313;06/02/2025;1;4;5;6;7;9;11;13;14;16;17;18;19;20;24;
3312;05/02/2025;1;2;3;4;5;6;8;9;13;15;16;17;20;21;25;
3311;04/02/2025;2;3;4;5;6;9;10;11;12;14;17;19;20;22;24;
3310;03/02/2025;1;2;4;5;6;7;10;12;13;16;18;19;20;21;24;
3309;01/02/2025;2;3;5;9;10;11;13;14;15;18;19;21;22;23;25;
3308;31/01/2025;1;6;7;8;10;11;12;13;14;15;16;18;23;24;25;
3307;30/01/2025;1;5;8;9;10;11;12;16;18;19;21;22;23;24;25;
3306;29/01/2025;4;5;6;8;9;10;11;14;15;17;18;19;21;22;24;
3305;28/01/2025;3;4;5;7;8;9;12;13;17;19;20;21;23;24;25;
3304;27/01/2025;1;3;4;5;7;9;10;11;12;14;15;19;20;21;23;
3303;25/01/2025;2;3;4;5;6;7;8;13;16;18;20;21;22;23;24;
3302;24/01/2025;1;2;3;5;6;8;9;10;11;12;13;15;19;24;25;
3301;23/01/2025;3;4;5;7;8;10;11;14;15;18;19;20;22;24;25;
3300;22/01/2025;2;3;4;5;8;11;12;14;15;16;18;21;22;24;25;
3299;21/01/2025;1;2;3;6;7;9;10;13;14;15;17;20;22;24;25;
3298;20/01/2025;1;3;4;6;7;10;11;15;17;18;19;20;21;22;24;
3297;18/01/2025;5;6;7;9;10;12;13;15;17;20;21;22;23;24;25;
3296;17/01/2025;1;2;5;6;8;10;11;13;15;17;18;19;20;21;22;
3295;16/01/2025;1;2;3;5;7;8;10;11;13;16;17;20;21;22;25;
3294;15/01/2025;1;2;6;9;10;12;13;16;17;18;19;20;22;24;25;
3293;14/01/2025;2;3;7;9;10;11;12;15;16;18;19;20;22;24;25;
3292;13/01/2025;1;3;5;6;8;9;10;12;13;17;18;19;21;24;25;
3291;11/01/2025;1;3;4;5;6;7;10;12;14;15;16;17;18;20;23;
3290;10/01/2025;1;4;7;8;11;12;13;14;15;17;18;19;21;24;25;
3289;09/01/2025;1;2;4;5;7;9;11;13;14;16;19;20;21;22;24;
3288;08/01/2025;1;2;3;4;6;8;9;10;11;12;13;14;18;22;24;
3287;07/01/2025;1;2;3;4;6;11;12;13;14;15;16;20;22;23;25;
3286;06/01/2025;1;4;5;6;7;8;11;13;14;18;20;21;23;24;25;
3285;04/01/2025;1;3;4;6;7;9;10;11;13;14;15;17;20;23;24;
3284;03/01/2025;3;4;5;6;8;14;16;17;18;19;20;21;22;24;25;
3283;02/01/2025;9;10;11;13;14;15;16;17;18;19;21;22;23;24;25;
3282;31/12/2024;6;7;8;9;10;11;12;16;17;18;19;21;22;24;25;
3281;30/12/2024;3;5;6;8;9;11;12;13;14;16;17;21;22;23;24;
3280;28/12/2024;2;4;5;8;10;11;12;14;15;17;18;20;22;24;25;
3279;27/12/2024;2;4;5;7;9;10;14;17;18;19;21;22;23;24;25;
3278;26/12/2024;5;6;7;8;11;12;13;17;18;19;20;21;22;24;25;
3277;24/12/2024;1;3;7;8;9;10;11;13;15;16;18;20;21;24;25;
3276;23/12/2024;2;4;5;7;8;9;10;13;14;15;16;19;20;22;24;
3275;21/12/2024;3;4;5;6;9;10;11;13;14;15;19;20;22;23;24;
3274;20/12/2024;1;2;3;4;5;7;8;11;14;16;19;20;23;24;25;
3273;19/12/2024;2;4;6;7;8;10;12;15;16;17;21;22;23;24;25;
3272;18/12/2024;1;2;3;6;7;8;10;13;14;15;16;18;22;23;25;
3271;17/12/2024;1;4;5;7;8;9;10;11;13;15;16;18;21;23;25;
3270;16/12/2024;1;2;3;5;6;9;10;12;14;16;17;18;19;22;25;
3269;14/12/2024;2;4;5;7;8;10;11;12;14;16;18;19;21;23;24;
3268;13/12/2024;1;2;6;7;10;11;12;14;16;17;18;20;23;24;25;
3267;12/12/2024;1;3;4;5;8;10;11;13;15;18;19;20;22;23;24;
3266;11/12/2024;1;3;4;5;6;9;10;11;12;13;14;16;17;20;23;
3265;10/12/2024;2;3;5;6;7;8;10;13;15;16;17;19;20;23;24;
3264;09/12/2024;3;4;5;6;7;9;10;11;13;14;16;20;21;23;25;
3263;07/12/2024;2;4;6;8;11;13;14;15;16;17;19;20;21;22;24;
3262;06/12/2024;1;3;6;7;8;9;10;12;13;14;15;18;19;20;24;
3261;05/12/2024;3;4;5;6;7;8;10;11;12;14;15;16;21;24;25;
3260;04/12/2024;1;2;4;6;11;14;15;16;17;18;21;22;23;24;25;
3259;03/12/2024;1;3;4;6;8;9;10;11;12;14;15;18;22;23;25;
3258;02/12/2024;2;3;4;5;7;9;10;11;12;13;19;20;21;23;25;
3257;30/11/2024;1;2;3;5;6;8;9;10;11;13;14;16;19;22;25;
3256;29/11/2024;1;2;3;6;9;10;11;13;14;15;16;18;19;21;24;
3255;28/11/2024;1;2;5;6;7;8;9;10;12;16;19;20;21;24;25;
3254;27/11/2024;3;4;5;6;7;8;10;11;16;17;18;19;21;22;24;
3253;26/11/2024;1;3;9;11;12;13;15;17;18;19;20;21;23;24;25;
3252;25/11/2024;5;8;10;11;12;14;15;16;17;18;20;21;23;24;25;
3251;23/11/2024;1;2;3;6;7;8;9;10;16;17;18;19;20;21;23;
3250;22/11/2024;1;2;3;4;7;8;9;10;11;12;13;14;19;22;23;
3249;21/11/2024;1;3;5;6;7;8;10;11;12;13;14;16;20;21;22;
3248;19/11/2024;1;3;4;5;6;8;10;11;12;14;16;18;19;20;25;
3247;18/11/2024;2;6;8;10;11;12;14;15;16;18;19;21;22;23;25;
3246;16/11/2024;4;6;7;8;10;14;15;16;19;20;21;22;23;24;25;
3245;14/11/2024;1;3;4;5;6;9;13;15;18;19;20;21;23;24;25;
3244;13/11/2024;1;2;3;4;6;7;9;10;12;14;15;16;17;19;25;
3243;12/11/2024;1;5;7;8;9;10;11;12;14;17;20;22;23;24;25;
3242;11/11/2024;1;2;3;5;7;10;12;15;16;17;18;20;21;23;25;
3241;09/11/2024;2;4;5;7;8;10;12;13;14;16;18;22;23;24;25;
3240;08/11/2024;2;3;5;8;9;11;12;13;14;15;17;18;20;22;23;
3239;07/11/2024;2;3;4;7;8;9;10;11;14;15;16;17;18;22;24;
3238;06/11/2024;1;4;5;9;10;11;13;14;16;17;18;20;21;22;24;
3237;05/11/2024;1;2;5;6;7;9;10;11;13;16;18;20;21;23;24;
3236;04/11/2024;1;9;10;11;12;13;15;16;17;18;20;22;23;24;25;
3235;01/11/2024;2;3;6;7;10;11;12;15;16;17;19;20;21;22;24;
3234;31/10/2024;5;6;9;10;11;12;14;16;17;18;19;21;22;23;24;
3233;30/10/2024;2;3;4;5;6;7;11;14;15;16;19;20;21;23;24;
3232;29/10/2024;1;4;5;6;7;9;10;12;13;14;16;17;20;22;25;
3231;28/10/2024;1;2;3;4;5;6;9;16;18;19;20;22;23;24;25;
3230;26/10/2024;1;3;4;5;6;9;10;11;12;13;16;19;20;21;22;
3229;25/10/2024;1;4;7;8;10;11;12;13;14;17;19;20;22;23;25;
3228;24/10/2024;4;5;6;7;8;9;10;11;12;16;19;20;21;23;25;
3227;23/10/2024;1;4;5;6;7;8;9;12;13;14;15;17;19;20;21;
3226;22/10/2024;1;2;3;4;6;8;9;11;12;14;15;18;19;20;22;
3225;21/10/2024;1;2;3;4;8;11;12;15;16;17;18;20;21;22;25;
3224;19/10/2024;1;2;3;5;6;8;10;14;16;17;18;20;22;23;25;
3223;18/10/2024;1;3;6;7;8;9;12;13;16;18;19;20;22;23;25;
3222;17/10/2024;1;2;6;7;8;9;12;15;16;18;19;20;21;23;24;
3221;16/10/2024;1;2;4;5;6;8;10;11;13;15;16;20;21;23;24;
3220;15/10/2024;1;3;4;6;7;9;10;11;13;15;17;18;19;20;22;
3219;14/10/2024;1;8;9;10;12;13;14;16;18;19;20;22;23;24;25;
3218;11/10/2024;2;3;4;5;6;8;13;15;16;17;20;21;23;24;25;
3217;10/10/2024;2;3;4;5;6;8;9;10;11;16;18;21;22;24;25;
3216;09/10/2024;1;3;4;6;8;9;10;11;12;13;15;16;19;20;25;
3215;08/10/2024;4;5;6;7;8;10;11;13;14;15;16;17;20;22;24;
3214;07/10/2024;2;3;5;7;8;10;11;13;15;18;19;22;23;24;25;
3213;05/10/2024;1;2;4;7;8;9;10;11;13;16;19;20;21;22;25;
3212;04/10/2024;1;4;6;7;10;12;14;15;16;18;19;21;22;23;25;
3211;03/10/2024;1;2;3;5;12;13;15;16;17;18;19;21;22;23;25;
3210;02/10/2024;1;3;4;7;9;10;12;16;17;18;19;20;21;24;25;
3209;01/10/2024;1;2;3;4;7;9;10;11;14;15;16;17;19;20;24;
3208;30/09/2024;1;6;8;9;10;12;13;14;15;16;18;19;20;22;25;
3207;28/09/2024;1;2;3;4;6;8;9;11;12;13;15;17;18;20;23;
3206;27/09/2024;4;5;7;9;10;13;14;15;16;19;20;21;23;24;25;
3205;26/09/2024;1;3;4;7;8;10;12;13;16;17;19;21;23;24;25;
3204;25/09/2024;2;3;5;6;11;12;13;16;17;18;19;20;21;22;23;
3203;24/09/2024;2;3;4;5;10;11;12;15;17;18;19;20;22;24;25;
3202;23/09/2024;3;4;6;8;10;11;12;14;15;17;18;19;22;23;25;
3201;21/09/2024;2;4;5;6;8;10;11;13;19;20;21;22;23;24;25;
3200;20/09/2024;1;2;4;5;6;8;10;12;14;16;17;19;22;23;25;
3199;19/09/2024;1;2;4;8;10;11;13;14;15;20;21;22;23;24;25;
3198;18/09/2024;2;3;5;6;7;8;9;10;12;14;16;20;22;24;25;
3197;17/09/2024;3;4;6;9;11;12;13;15;16;18;19;20;22;24;25;
3196;16/09/2024;1;2;3;4;5;7;9;12;13;17;19;20;21;22;25;
3195;14/09/2024;1;2;3;4;5;9;11;13;18;19;20;21;23;24;25;
3194;13/09/2024;1;2;4;6;8;9;12;13;15;17;18;20;21;24;25;
3193;12/09/2024;2;4;6;7;9;10;11;12;13;18;20;22;23;24;25;
3192;11/09/2024;1;2;3;4;5;6;8;9;12;13;18;20;21;24;25;
3191;10/09/2024;1;3;4;5;6;10;11;14;15;17;19;22;23;24;25;
3190;09/09/2024;3;4;5;6;10;12;13;15;16;18;19;21;22;23;25;
3189;23/08/2024;2;4;7;9;11;12;13;15;18;19;20;21;23;24;25;
3188;22/08/2024;2;3;4;6;9;10;12;13;15;16;17;18;20;23;25;
3187;21/08/2024;1;7;11;12;13;14;16;17;19;20;21;22;23;24;25;
3186;20/08/2024;1;5;8;10;11;12;13;15;17;18;19;20;21;23;25;
3185;19/08/2024;1;2;5;6;7;11;12;14;15;17;18;19;20;24;25;
3184;17/08/2024;1;4;5;7;8;12;14;17;18;19;21;22;23;24;25;
3183;16/08/2024;1;4;5;7;8;10;11;13;15;16;17;18;22;24;25;
3182;15/08/2024;1;2;4;5;6;7;9;10;12;15;18;19;21;22;23;
3181;14/08/2024;3;6;7;8;10;11;13;16;18;19;20;21;22;23;24;
3180;13/08/2024;2;4;5;6;8;10;12;13;15;16;17;18;19;20;21;
3179;12/08/2024;3;4;5;7;8;11;12;16;17;18;21;22;23;24;25;
3178;10/08/2024;1;3;4;5;6;7;9;10;14;16;19;20;23;24;25;
3177;09/08/2024;1;3;5;6;7;8;10;14;15;18;19;20;21;23;24;
3176;08/08/2024;1;2;3;6;7;8;11;12;14;15;17;21;22;24;25;
3175;07/08/2024;1;2;3;5;6;7;8;9;10;11;13;17;22;23;24;
3174;06/08/2024;1;2;3;4;5;7;10;12;14;16;20;21;22;24;25;
3173;05/08/2024;1;2;3;5;6;8;9;10;12;14;15;16;21;22;24;
3172;03/08/2024;2;4;5;6;8;9;11;12;13;14;15;17;19;23;25;
3171;02/08/2024;1;6;7;8;12;13;14;15;17;18;19;20;21;22;23;
3170;01/08/2024;1;2;5;6;8;9;10;12;14;15;16;17;21;22;25;
3169;31/07/2024;3;4;6;7;10;11;13;14;15;16;19;21;22;23;24;
3168;30/07/2024;1;2;3;8;9;10;12;14;15;16;18;19;20;23;24;
3167;29/07/2024;1;2;3;5;6;7;8;12;13;14;17;18;19;23;25;
3166;27/07/2024;3;5;6;7;11;12;13;14;16;17;18;20;22;23;24;
3165;26/07/2024;2;3;4;5;7;8;9;10;11;12;13;15;17;21;24;
3164;25/07/2024;1;2;3;4;6;7;8;9;10;12;14;15;17;20;22;
3163;24/07/2024;5;6;7;9;10;13;15;17;18;19;21;22;23;24;25;
3162;23/07/2024;1;2;3;6;8;10;12;14;16;17;18;20;22;24;25;
3161;22/07/2024;1;2;4;5;6;8;10;12;15;16;20;21;23;24;25;
3160;20/07/2024;1;3;5;6;7;9;11;12;14;15;17;20;22;23;24;
3159;19/07/2024;1;2;3;4;5;6;7;8;10;12;16;20;21;22;23;
3158;18/07/2024;1;2;4;9;10;11;12;14;15;17;19;22;23;24;25;
3157;17/07/2024;1;2;4;5;7;8;9;10;11;13;14;17;18;20;21;
3156;16/07/2024;1;5;6;8;9;10;12;14;16;17;18;19;20;21;22;
3155;15/07/2024;1;4;5;6;7;8;10;11;13;15;16;18;19;20;21;
3154;13/07/2024;1;2;3;4;8;9;12;14;15;16;18;20;23;24;25;
3153;12/07/2024;1;2;3;5;7;8;10;13;15;18;21;22;23;24;25;
3152;11/07/2024;1;2;5;6;7;8;9;10;14;15;19;21;22;23;25;
3151;10/07/2024;2;3;5;6;7;8;10;12;14;15;16;18;22;23;25;
3150;09/07/2024;1;2;5;6;9;11;12;13;14;15;16;17;20;24;25;
3149;08/07/2024;1;3;5;6;8;9;11;12;14;15;17;19;20;21;23;
3148;06/07/2024;1;2;5;7;8;9;10;12;16;19;21;22;23;24;25;
3147;05/07/2024;2;4;5;6;7;8;10;11;13;14;15;16;17;18;24;
3146;04/07/2024;2;3;5;8;9;11;13;14;15;17;18;19;20;22;23;
3145;03/07/2024;1;2;4;7;9;12;13;14;16;17;18;19;20;23;25;
3144;02/07/2024;1;3;4;6;7;8;10;12;13;14;15;16;18;22;24;
3143;01/07/2024;2;5;6;9;12;13;14;15;17;18;19;20;21;23;25;
3142;29/06/2024;1;3;4;6;7;9;10;13;14;15;16;17;18;20;22;
3141;28/06/2024;2;3;7;8;10;11;13;14;15;17;19;20;22;23;24;
3140;27/06/2024;1;2;3;6;7;8;10;11;14;15;17;19;22;23;25;
3139;26/06/2024;1;3;4;6;7;8;9;11;13;15;17;18;20;21;25;
3138;25/06/2024;1;2;3;4;6;7;17;18;19;20;21;22;23;24;25;
3137;24/06/2024;1;4;6;7;8;9;12;13;15;18;20;21;23;24;25;
3136;22/06/2024;2;4;6;8;10;12;13;14;15;17;18;19;20;22;23;
3135;21/06/2024;1;2;3;5;9;10;11;13;17;20;21;22;23;24;25;
3134;20/06/2024;1;3;6;7;8;9;12;13;14;15;18;19;20;21;25;
3133;19/06/2024;2;5;6;9;10;11;12;14;15;17;19;20;22;24;25;
3132;18/06/2024;2;3;4;5;7;10;11;13;14;15;16;22;23;24;25;
3131;17/06/2024;2;3;4;5;6;7;8;9;12;14;17;22;23;24;25;
3130;15/06/2024;1;2;5;8;9;10;12;13;14;15;16;20;21;22;24;
3129;14/06/2024;1;2;4;6;7;8;14;15;16;17;18;19;22;23;25;
3128;13/06/2024;1;2;5;8;9;10;11;13;14;16;17;18;20;21;24;
3127;12/06/2024;2;3;4;7;12;14;15;16;18;20;21;22;23;24;25;
3126;11/06/2024;1;4;5;6;7;9;10;13;14;16;19;21;23;24;25;
3125;10/06/2024;3;5;6;9;10;12;13;14;16;17;18;19;20;21;24;
3124;08/06/2024;1;3;5;9;12;13;14;15;16;17;19;20;21;22;25;
3123;07/06/2024;1;3;5;8;9;13;14;15;16;17;21;22;23;24;25;
3122;06/06/2024;1;2;3;4;7;12;13;15;17;18;19;21;22;23;25;
3121;05/06/2024;1;2;3;4;6;7;8;11;14;17;19;22;23;24;25;
3120;04/06/2024;1;3;4;5;7;8;10;11;13;15;16;17;18;19;21;
3119;03/06/2024;2;4;7;8;9;10;12;14;16;19;21;22;23;24;25;
3118;01/06/2024;1;6;7;10;11;12;14;15;18;19;21;22;23;24;25;
3117;31/05/2024;1;2;4;7;9;11;12;15;16;17;18;19;21;22;23;
3116;29/05/2024;2;3;4;5;7;9;12;14;15;16;19;21;22;23;24;
3115;28/05/2024;1;3;4;6;9;11;12;13;15;16;18;20;22;24;25;
3114;27/05/2024;2;3;4;5;6;7;8;10;12;13;14;16;21;23;25;
3113;25/05/2024;1;3;5;6;8;9;11;14;16;18;21;22;23;24;25;
3112;24/05/2024;1;2;3;5;7;8;9;11;12;15;16;18;19;20;22;
3111;23/05/2024;2;3;4;5;7;9;10;12;13;15;16;18;19;22;23;
3110;22/05/2024;1;3;4;6;9;12;13;14;15;16;18;20;23;24;25;
3109;21/05/2024;1;3;5;8;9;10;12;15;16;17;18;19;20;21;23;
3108;20/05/2024;2;3;4;6;7;11;12;13;14;15;18;20;22;23;25;
3107;18/05/2024;1;2;3;4;5;7;9;10;12;13;16;17;19;23;25;
3106;17/05/2024;2;3;4;7;10;12;13;14;15;17;19;20;21;22;25;
3105;16/05/2024;2;4;5;6;8;10;12;14;15;16;17;22;23;24;25;
3104;15/05/2024;1;2;3;4;5;6;8;9;10;13;15;17;19;24;25;
3103;14/05/2024;2;5;6;7;8;11;12;13;15;16;17;22;23;24;25;
3102;13/05/2024;1;8;10;11;12;13;14;15;16;18;19;20;21;24;25;
3101;11/05/2024;3;8;9;10;11;12;15;17;18;19;20;21;23;24;25;
3100;10/05/2024;1;2;3;4;6;8;9;10;15;16;18;20;21;22;25;
3099;09/05/2024;1;5;6;7;8;10;11;12;17;18;20;21;22;23;25;
3098;08/05/2024;1;2;3;5;6;8;10;11;13;14;15;16;19;21;24;
3097;07/05/2024;1;2;3;4;7;8;9;12;13;14;15;17;18;20;25;
3096;06/05/2024;2;3;4;6;9;13;14;15;16;17;19;20;21;22;25;
3095;04/05/2024;1;2;4;5;6;7;8;10;11;12;19;21;22;23;24;
3094;03/05/2024;2;3;4;5;6;8;10;12;13;14;15;17;18;21;22;
3093;02/05/2024;1;2;3;5;6;7;10;12;14;16;17;20;22;24;25;
3092;30/04/2024;1;4;5;6;8;9;10;13;15;17;20;21;22;23;25;
3091;29/04/2024;2;4;5;8;9;11;13;14;15;18;19;20;21;24;25;
3090;27/04/2024;1;3;4;8;10;11;13;14;17;18;19;21;22;23;25;
3089;26/04/2024;1;2;4;5;8;10;11;12;13;15;18;20;21;22;23;
3088;25/04/2024;1;2;3;5;9;10;11;13;15;18;20;21;22;23;25;
3087;24/04/2024;1;2;3;4;5;6;7;10;12;14;17;18;21;24;25;
3086;23/04/2024;1;3;4;5;6;7;11;12;13;16;17;18;19;21;23;
3085;22/04/2024;2;3;4;6;7;9;11;12;13;14;15;19;20;24;25;
3084;20/04/2024;1;2;4;5;9;12;16;17;18;19;20;22;23;24;25;
3083;19/04/2024;2;4;5;7;8;9;10;11;12;15;18;19;20;21;23;
3082;18/04/2024;1;3;4;5;6;7;9;10;12;13;17;18;19;21;24;
3081;17/04/2024;1;2;4;5;6;10;13;15;17;18;19;21;23;24;25;
3080;16/04/2024;1;3;4;5;6;7;9;10;11;13;15;17;18;20;25;
3079;15/04/2024;1;2;4;5;6;7;8;10;12;13;14;16;18;24;25;
3078;13/04/2024;2;6;7;8;9;10;11;13;14;15;19;20;21;22;23;
3077;12/04/2024;2;5;7;8;9;10;11;12;15;16;17;18;21;22;23;
3076;11/04/2024;1;2;5;6;7;9;10;12;13;14;16;17;22;24;25;
3075;10/04/2024;1;3;4;6;7;9;12;13;14;15;16;17;20;22;25;
3074;09/04/2024;2;3;4;6;7;8;9;10;16;17;19;20;23;24;25;
3073;08/04/2024;1;2;3;5;7;8;9;10;11;12;16;17;22;24;25;
3072;06/04/2024;1;2;3;4;5;6;8;11;13;14;15;17;20;21;25;
3071;05/04/2024;1;2;4;7;8;10;11;12;14;15;17;19;21;23;25;
3070;04/04/2024;3;5;7;8;10;11;13;14;15;19;20;21;23;24;25;
3069;03/04/2024;3;4;5;9;11;12;14;15;16;17;19;20;22;23;25;
3068;02/04/2024;1;2;3;4;5;6;10;11;12;13;14;16;18;19;25;
3067;01/04/2024;1;2;5;7;8;9;11;13;14;17;19;20;21;22;24;
3066;30/03/2024;1;3;5;10;11;12;13;14;16;17;19;21;22;23;25;
3065;28/03/2024;1;6;7;9;10;12;14;15;16;17;20;21;22;23;24;
3064;27/03/2024;4;5;6;7;10;11;12;13;14;15;17;18;21;23;25;
3063;26/03/2024;2;4;5;7;8;10;12;14;16;17;18;19;20;21;22;
3062;25/03/2024;2;4;6;7;8;9;10;11;12;13;17;19;20;24;25;
3061;23/03/2024;1;2;3;8;9;11;12;13;14;15;17;18;19;20;22;
3060;22/03/2024;2;4;5;7;8;10;12;13;14;17;19;21;22;24;25;
3059;21/03/2024;1;3;4;5;7;8;11;12;15;16;18;19;20;21;25;
3058;20/03/2024;1;2;5;7;8;9;10;13;14;15;16;19;22;24;25;
3057;19/03/2024;1;3;4;8;11;13;15;16;18;19;20;21;22;23;24;
3056;18/03/2024;1;2;3;4;5;8;9;15;16;17;19;21;22;23;25;
3055;16/03/2024;2;3;7;8;9;10;11;12;14;15;17;20;21;22;23;
3054;15/03/2024;1;2;4;8;9;10;14;15;18;19;20;21;22;23;24;
3053;14/03/2024;2;4;5;7;8;12;13;14;16;17;18;19;21;22;23;
3052;13/03/2024;2;3;4;8;9;10;11;14;15;18;19;20;21;23;24;
3051;12/03/2024;2;3;4;6;9;10;11;12;15;17;18;20;21;22;25;
3050;11/03/2024;4;5;6;7;8;9;14;18;19;20;21;22;23;24;25;
3049;09/03/2024;1;2;3;4;5;7;8;9;12;13;14;15;17;19;20;
3048;08/03/2024;3;4;5;7;8;10;11;16;18;19;20;21;23;24;25;
3047;07/03/2024;1;2;4;7;8;9;10;11;14;15;17;18;21;24;25;
3046;06/03/2024;1;3;4;5;6;7;12;13;15;18;20;21;22;23;25;
3045;05/03/2024;2;3;5;8;9;10;12;15;16;17;18;20;21;23;25;
3044;04/03/2024;2;3;6;8;9;12;13;16;17;18;19;20;21;22;24;As Loterias CAIXA informam que os sorteios desta terça-feira estão com atraso por questões operacionais. Acompanhe a transmissão pelo perfil das Loterias CAIXA no Facebook e no canal da CAIXA no YouTube.
3043;02/03/2024;1;2;3;4;8;9;10;12;13;14;15;17;18;24;25;
3042;01/03/2024;1;3;4;5;7;8;9;10;11;17;19;21;22;24;25;
3041;29/02/2024;1;3;5;8;9;10;11;12;13;15;16;18;21;22;25;
3040;28/02/2024;2;3;4;5;7;8;9;10;11;12;14;16;18;20;21;
3039;27/02/2024;1;2;4;5;6;7;8;10;11;13;18;19;22;24;25;
3038;26/02/2024;2;3;4;5;11;12;16;17;18;20;21;22;23;24;25;
3037;24/02/2024;1;2;3;4;7;8;9;10;11;12;15;16;20;22;23;
3036;23/02/2024;1;4;5;7;8;9;11;13;14;17;18;20;21;22;25;
3035;22/02/2024;1;5;7;8;9;12;13;14;17;18;20;21;23;24;25;
3034;21/02/2024;2;3;6;7;8;9;11;12;13;14;16;18;19;22;25;
3033;20/02/2024;1;2;3;4;6;7;9;10;11;13;15;19;23;24;25;
3032;19/02/2024;1;2;4;6;7;8;10;11;14;15;17;18;19;23;24;
3031;17/02/2024;2;3;6;7;8;9;10;11;12;13;14;20;23;24;25;
3030;16/02/2024;1;3;4;5;6;8;10;13;14;15;17;18;22;24;25;
3029;15/02/2024;5;6;7;8;9;10;12;13;15;16;17;18;20;22;25;
3028;14/02/2024;1;2;3;4;6;10;11;15;17;18;19;21;22;24;25;
3027;10/02/2024;3;5;6;8;11;13;14;15;17;18;19;20;22;23;25;
3026;09/02/2024;1;2;3;4;5;6;9;10;12;15;16;17;21;22;23;
3025;08/02/2024;3;4;6;7;8;11;12;13;14;16;19;21;22;23;24;
3024;07/02/2024;1;2;4;6;7;9;11;12;15;17;19;22;23;24;25;
3023;06/02/2024;2;3;6;7;10;12;13;15;16;18;20;21;22;23;25;
3022;05/02/2024;6;7;8;9;10;12;13;14;15;16;17;20;21;23;25;
3021;03/02/2024;2;4;5;7;8;10;11;12;13;14;19;20;23;24;25;
3020;02/02/2024;2;3;6;7;10;13;14;15;17;18;19;20;22;23;24;
3019;01/02/2024;1;2;3;4;6;9;10;11;12;13;16;17;18;20;21;
3018;31/01/2024;1;2;3;5;9;10;13;15;16;17;20;21;23;24;25;As Loterias CAIXA informam que os sorteios desta quinta-feira (1º) estão com atraso por questões operacionais. Acompanhe a transmissão pelo perfil das Loterias CAIXA no Facebook e no canal da CAIXA no YouTube.
3017;30/01/2024;1;2;3;5;6;7;9;11;12;15;16;17;19;20;21;
3016;29/01/2024;1;3;5;7;8;9;10;11;12;13;18;20;23;24;25;
3015;27/01/2024;1;3;4;5;6;7;8;10;12;13;14;17;19;20;22;
3014;26/01/2024;2;5;7;8;9;11;12;13;14;16;17;19;21;23;24;
3013;25/01/2024;1;2;3;5;7;8;10;11;13;15;17;18;19;21;22;
3012;24/01/2024;1;2;3;5;6;7;14;15;16;17;20;21;23;24;25;
3011;23/01/2024;1;2;3;4;5;7;8;9;10;11;13;15;21;23;24;
3010;22/01/2024;1;2;3;6;7;8;11;12;14;15;16;17;18;20;25;
3009;20/01/2024;2;3;4;7;9;11;12;14;18;19;20;22;23;24;25;
3008;19/01/2024;1;2;4;6;7;8;9;10;12;13;15;16;18;19;24;
3007;18/01/2024;2;3;4;10;11;12;14;15;16;20;21;22;23;24;25;
3006;17/01/2024;1;3;4;5;6;8;9;10;11;12;15;19;21;23;25;
3005;16/01/2024;1;2;3;5;7;9;10;12;13;16;18;19;21;24;25;
3004;15/01/2024;1;4;5;8;9;10;11;12;14;16;18;19;21;24;25;
3003;13/01/2024;1;2;5;8;9;10;11;13;14;16;18;19;22;23;25;
3002;12/01/2024;3;4;6;7;8;10;12;14;15;18;19;21;22;23;25;
3001;11/01/2024;2;4;6;10;11;12;13;14;18;19;20;21;23;24;25;
3000;10/01/2024;1;2;5;6;9;10;11;12;15;17;18;19;21;24;25;
2999;09/01/2024;1;2;3;4;7;10;11;13;17;18;19;20;22;24;25;
2998;08/01/2024;2;6;7;9;10;12;13;14;16;17;18;19;21;23;25;
2997;06/01/2024;2;3;4;5;7;8;9;11;14;17;19;20;22;23;25;
2996;05/01/2024;1;2;3;4;5;10;11;14;15;17;18;19;20;22;24;
2995;04/01/2024;1;2;3;4;6;11;12;16;19;20;21;22;23;24;25;
2994;03/01/2024;2;3;4;5;8;9;11;13;15;16;17;18;19;20;21;
2993;02/01/2024;1;2;3;4;5;7;8;12;13;15;16;18;19;24;25;
2992;30/12/2023;1;4;5;6;8;9;12;14;17;18;19;21;22;23;25;
2991;29/12/2023;1;2;3;4;5;6;9;11;12;13;14;16;22;23;25;
2990;28/12/2023;3;4;5;6;10;12;13;16;18;20;21;22;23;24;25;
2989;27/12/2023;1;2;4;11;12;13;15;16;18;19;20;22;23;24;25;
2988;26/12/2023;1;3;6;7;9;10;11;12;13;14;17;19;20;22;23;
2987;23/12/2023;1;3;4;6;7;8;11;12;13;14;15;16;17;18;20;
2986;22/12/2023;1;3;4;7;10;12;13;14;16;18;19;20;22;23;25;
2985;21/12/2023;2;3;4;5;7;11;12;14;15;18;19;21;22;24;25;
2984;20/12/2023;2;3;5;6;7;8;9;13;14;15;18;20;23;24;25;
2983;19/12/2023;1;2;3;4;6;7;8;9;12;13;15;19;23;24;25;
2982;18/12/2023;2;6;7;8;10;12;14;15;16;18;19;20;21;23;24;
2981;16/12/2023;1;2;5;6;9;10;13;14;17;19;20;21;22;24;25;
2980;15/12/2023;1;2;4;7;8;12;14;15;16;17;19;20;21;24;25;
2979;14/12/2023;2;4;5;6;8;9;10;11;13;14;19;20;22;24;25;
2978;13/12/2023;5;6;7;10;12;13;14;15;16;17;20;21;23;24;25;
2977;12/12/2023;3;5;6;7;8;9;10;11;13;14;18;20;22;24;25;
2976;11/12/2023;1;2;4;6;8;9;10;12;13;14;17;18;20;21;24;
2975;09/12/2023;5;8;11;12;13;14;15;16;17;18;20;21;22;23;24;
2974;08/12/2023;4;6;8;9;10;12;13;14;15;16;18;19;20;21;24;
2973;07/12/2023;1;2;4;6;8;9;10;11;14;16;17;18;19;20;25;
2972;06/12/2023;3;4;5;6;8;11;12;13;14;18;19;20;21;24;25;
2971;05/12/2023;1;2;4;5;10;11;12;14;15;16;17;18;20;21;25;
2970;04/12/2023;1;2;3;8;9;11;12;13;14;15;18;20;21;22;25;
2969;02/12/2023;3;4;5;6;9;11;13;17;18;19;20;21;22;23;24;
2968;01/12/2023;2;4;5;6;7;9;10;13;14;15;18;19;20;21;23;
2967;30/11/2023;1;2;3;4;6;7;8;9;14;17;18;19;20;22;25;
2966;29/11/2023;1;3;4;6;7;8;11;12;13;17;18;19;20;22;23;
2965;28/11/2023;1;3;7;8;10;11;12;14;15;16;17;18;19;23;24;
2964;27/11/2023;1;3;4;5;7;9;10;11;12;14;18;20;22;23;25;
2963;25/11/2023;1;2;3;4;9;10;11;12;13;14;15;18;21;24;25;
2962;24/11/2023;1;3;6;7;9;11;12;14;15;17;18;20;22;24;25;
2961;23/11/2023;1;3;4;5;7;8;9;10;13;15;17;18;20;23;25;
2960;22/11/2023;1;2;3;4;5;8;9;11;12;15;16;19;20;23;25;
2959;21/11/2023;1;3;4;5;8;10;11;14;15;16;20;21;23;24;25;
2958;20/11/2023;4;6;7;8;10;11;12;13;14;18;20;22;23;24;25;
2957;18/11/2023;1;2;4;5;7;8;9;10;11;15;17;19;20;21;24;
2956;17/11/2023;3;5;7;9;14;16;17;18;19;20;21;22;23;24;25;
2955;16/11/2023;1;2;3;4;6;8;11;12;13;16;17;18;19;23;24;
2954;14/11/2023;1;2;3;5;7;9;10;12;14;18;19;22;23;24;25;
2953;13/11/2023;1;3;4;5;7;8;9;13;17;18;19;20;21;22;23;
2952;11/11/2023;1;2;3;4;5;6;8;9;11;12;16;19;20;21;22;
2951;10/11/2023;1;3;6;8;9;10;13;15;16;17;18;19;20;21;22;
2950;09/11/2023;1;3;6;7;8;9;10;13;14;16;17;19;20;22;25;
2949;08/11/2023;6;7;9;12;13;14;15;16;17;18;20;21;22;23;24;
2948;07/11/2023;1;3;5;7;8;9;10;11;12;16;18;21;23;24;25;
2947;06/11/2023;2;3;4;6;7;8;9;11;12;13;15;20;22;24;25;
2946;04/11/2023;1;3;4;5;10;12;13;14;15;16;19;20;23;24;25;
2945;03/11/2023;5;6;7;8;10;13;14;15;17;18;19;20;21;22;25;
2944;01/11/2023;1;2;4;5;6;7;11;12;13;15;17;18;20;21;24;
2943;31/10/2023;1;4;5;8;9;10;11;12;15;16;17;18;19;20;25;
2942;30/10/2023;4;5;6;7;8;9;10;14;16;17;18;19;20;23;25;
2941;28/10/2023;4;5;6;7;8;10;11;12;14;17;20;21;22;24;25;
2940;27/10/2023;1;2;5;7;8;9;11;12;13;14;15;20;21;24;25;
2939;26/10/2023;2;3;5;6;7;9;10;11;12;13;17;18;20;22;23;
2938;25/10/2023;1;2;3;4;5;6;8;9;10;11;15;17;20;21;24;
2937;24/10/2023;1;2;3;4;5;6;8;9;10;13;17;21;23;24;25;
2936;23/10/2023;1;4;8;9;10;11;12;13;16;18;19;20;21;23;24;
2935;21/10/2023;1;3;4;6;8;9;13;14;15;19;20;21;22;24;25;
2934;20/10/2023;2;3;6;7;8;10;11;12;13;16;18;19;20;23;24;
2933;19/10/2023;1;2;3;4;6;7;8;10;14;15;17;18;20;22;25;
2932;18/10/2023;2;5;6;7;8;9;10;11;14;16;17;18;20;21;24;
2931;17/10/2023;1;2;4;5;6;7;11;13;14;16;17;18;19;20;21;
2930;16/10/2023;1;2;3;4;6;7;9;10;11;14;16;19;21;22;23;
2929;14/10/2023;1;2;4;6;7;9;11;12;15;17;18;20;21;24;25;
2928;13/10/2023;1;3;4;6;7;9;13;14;15;16;17;18;19;21;24;
2927;11/10/2023;1;4;7;8;9;11;12;14;15;16;17;21;22;23;24;
2926;10/10/2023;1;2;3;4;7;8;9;13;15;17;18;19;22;24;25;
2925;09/10/2023;3;4;5;6;7;8;9;10;11;18;21;22;23;24;25;
2924;07/10/2023;2;3;4;5;6;7;8;9;12;13;14;18;20;23;24;
2923;06/10/2023;4;6;7;9;11;12;13;16;17;18;20;22;23;24;25;
2922;05/10/2023;1;2;4;5;6;8;11;12;13;15;16;17;19;21;24;
2921;04/10/2023;1;3;4;7;9;13;14;15;16;17;18;19;21;22;24;
2920;03/10/2023;1;2;4;5;6;7;9;10;12;13;14;17;18;21;22;
2919;02/10/2023;3;4;5;6;7;9;10;13;16;17;18;20;22;24;25;
2918;30/09/2023;2;6;7;8;10;11;12;14;15;16;18;20;23;24;25;
2917;29/09/2023;3;4;6;9;10;14;15;16;17;19;20;21;23;24;25;
2916;28/09/2023;1;3;5;11;12;14;15;17;18;19;20;21;22;24;25;
2915;27/09/2023;2;4;6;7;9;11;12;13;14;15;16;19;21;23;25;
2914;26/09/2023;3;4;5;6;7;8;9;10;11;16;17;18;20;21;25;
2913;25/09/2023;3;4;6;7;8;9;10;12;15;17;19;21;22;24;25;
2912;23/09/2023;1;2;4;6;10;11;14;15;16;17;19;20;22;23;25;
2911;22/09/2023;3;4;6;8;9;10;11;16;18;19;20;22;23;24;25;
2910;21/09/2023;1;2;6;7;8;9;10;13;15;18;19;20;21;23;24;
2909;20/09/2023;2;5;6;7;9;10;12;16;17;18;19;20;21;23;24;
2908;19/09/2023;5;6;7;10;11;12;13;14;16;17;18;19;20;22;24;
2907;18/09/2023;1;2;3;7;8;9;10;13;14;15;16;17;20;22;23;
2906;16/09/2023;1;2;3;5;6;7;9;13;15;16;17;18;19;20;23;
2905;15/09/2023;1;2;3;4;6;9;10;11;13;14;16;20;22;23;24;
2904;14/09/2023;1;2;4;5;8;9;10;11;14;17;18;20;21;22;24;
2903;13/09/2023;2;3;4;5;10;12;14;16;17;18;20;21;23;24;25;
2902;12/09/2023;2;3;4;5;6;7;8;10;11;13;15;19;21;24;25;
2901;11/09/2023;1;4;5;9;10;13;14;15;16;17;20;21;22;23;25;
2900;09/09/2023;1;3;4;5;6;7;10;11;14;18;19;20;23;24;25;
2899;25/08/2023;2;3;5;7;8;10;13;14;15;16;17;18;19;22;25;
2898;24/08/2023;1;6;9;10;12;14;15;16;17;18;20;21;22;23;24;
2897;23/08/2023;1;7;9;10;11;12;13;14;17;18;19;21;23;24;25;
2896;22/08/2023;1;2;5;7;8;9;11;13;15;16;17;18;20;23;24;
2895;21/08/2023;2;3;5;8;9;11;14;15;16;17;18;21;22;24;25;
2894;19/08/2023;1;2;3;4;5;6;7;8;13;14;15;17;20;22;23;
2893;18/08/2023;1;4;5;6;8;9;10;11;17;19;20;21;23;24;25;
2892;17/08/2023;4;5;6;8;9;10;14;16;17;18;19;20;21;22;23;
2891;16/08/2023;1;2;5;6;10;11;12;13;15;17;18;20;21;23;24;
2890;15/08/2023;1;4;6;7;9;10;11;12;15;16;18;19;20;21;23;
2889;14/08/2023;2;4;6;7;8;10;12;14;15;16;18;20;23;24;25;
2888;12/08/2023;1;2;4;7;8;10;12;13;15;17;19;20;22;24;25;
2887;11/08/2023;1;2;3;7;9;10;11;12;17;18;19;20;21;22;24;
2886;10/08/2023;1;4;5;7;8;9;13;14;15;16;17;19;22;24;25;
2885;09/08/2023;2;3;7;8;10;11;14;16;17;18;19;21;22;23;24;
2884;08/08/2023;1;2;3;6;7;10;11;12;14;16;18;20;21;22;23;
2883;07/08/2023;5;7;8;9;10;11;12;13;15;17;18;19;20;21;25;
2882;05/08/2023;2;3;6;7;9;10;14;16;17;19;20;21;22;23;24;
2881;04/08/2023;1;3;4;6;7;10;11;12;13;16;18;19;20;23;25;
2880;03/08/2023;1;2;4;5;7;8;9;12;13;14;15;21;22;23;25;
2879;02/08/2023;1;2;3;4;6;7;10;12;13;16;17;19;20;24;25;
2878;01/08/2023;1;2;4;5;7;11;12;13;14;15;18;20;21;22;24;
2877;31/07/2023;1;3;7;9;10;12;13;14;15;17;19;20;22;24;25;
2876;29/07/2023;2;3;5;6;7;8;9;10;14;15;16;18;20;22;25;
2875;28/07/2023;1;2;4;6;7;8;9;11;12;13;14;15;18;19;25;
2874;27/07/2023;1;3;4;6;7;9;10;11;12;13;17;18;19;20;23;
2873;26/07/2023;1;6;7;8;10;12;14;15;16;18;21;22;23;24;25;
2872;25/07/2023;1;2;6;7;9;12;13;14;17;18;19;21;22;23;25;
2871;24/07/2023;1;2;5;6;7;8;9;10;12;16;17;20;21;23;25;
2870;22/07/2023;1;2;4;5;7;9;10;11;14;15;16;17;19;22;25;
2869;21/07/2023;1;2;3;4;6;7;9;10;11;13;16;19;23;24;25;
2868;20/07/2023;1;2;3;4;6;7;8;9;10;14;17;22;23;24;25;
2867;19/07/2023;1;5;7;9;10;12;13;14;15;18;20;21;22;23;25;
2866;18/07/2023;1;2;3;7;8;9;11;12;14;16;17;21;22;24;25;
2865;17/07/2023;2;4;5;6;9;11;12;13;14;15;18;20;21;22;23;
2864;15/07/2023;3;4;5;6;7;8;9;10;11;15;16;17;19;22;23;
2863;14/07/2023;1;2;5;6;7;8;9;11;13;14;19;20;21;22;25;
2862;13/07/2023;1;2;3;4;6;8;9;12;13;16;18;20;21;22;23;
2861;12/07/2023;1;5;7;10;11;12;14;15;16;17;18;19;20;21;25;
2860;11/07/2023;1;2;3;4;5;8;9;12;13;14;15;16;18;20;21;
2859;10/07/2023;1;2;5;6;8;9;10;11;12;14;17;18;21;22;25;
2858;08/07/2023;1;2;4;5;6;8;11;12;13;15;17;19;20;22;24;
2857;07/07/2023;1;3;4;6;7;8;9;10;12;15;16;17;19;22;23;
2856;06/07/2023;1;2;3;4;5;7;9;12;15;18;20;22;23;24;25;
2855;05/07/2023;1;2;3;4;7;8;9;10;16;17;19;21;22;23;24;
2854;04/07/2023;1;3;5;7;8;9;10;12;14;15;17;19;20;23;25;
2853;03/07/2023;1;2;3;4;5;9;11;12;13;14;17;21;22;24;25;
2852;01/07/2023;1;2;4;6;8;9;10;12;13;14;15;17;19;22;24;
2851;30/06/2023;1;3;5;6;8;9;10;12;15;16;19;20;21;22;25;
2850;29/06/2023;1;2;6;9;11;12;14;15;16;18;19;20;22;23;24;
2849;28/06/2023;1;2;6;9;10;11;12;15;16;18;19;20;21;24;25;
2848;27/06/2023;1;2;4;6;7;9;11;12;13;16;17;19;23;24;25;
2847;26/06/2023;2;4;5;6;8;9;10;12;13;14;15;18;21;22;24;
2846;24/06/2023;4;6;8;9;10;12;13;14;15;17;19;20;21;23;24;
2845;23/06/2023;1;2;5;7;8;10;11;12;15;17;18;19;20;23;24;
2844;22/06/2023;4;5;6;7;10;11;12;13;14;17;21;22;23;24;25;
2843;21/06/2023;2;4;7;9;10;12;13;16;18;20;21;22;23;24;25;
2842;20/06/2023;3;6;7;8;10;11;12;13;17;18;20;21;22;24;25;
2841;19/06/2023;3;5;6;7;8;9;14;17;18;19;20;21;23;24;25;
2840;17/06/2023;1;2;4;5;6;7;10;11;13;14;16;20;22;24;25;
2839;16/06/2023;1;3;4;5;6;10;12;13;15;16;17;18;20;21;24;
2838;15/06/2023;3;4;5;6;7;8;10;11;12;13;15;16;21;23;25;
2837;14/06/2023;1;2;5;6;8;10;12;17;18;19;20;21;22;24;25;
2836;13/06/2023;1;2;3;4;7;9;12;14;15;17;18;20;21;22;23;
2835;12/06/2023;2;4;6;7;8;9;10;12;13;14;15;16;21;22;25;
2834;10/06/2023;1;6;8;10;11;12;13;14;17;19;20;21;22;23;25;
2833;09/06/2023;2;3;4;5;6;11;13;14;16;18;19;22;23;24;25;
2832;07/06/2023;1;2;3;5;6;11;14;15;16;19;20;21;22;23;24;
2831;06/06/2023;2;3;5;7;10;11;13;14;15;16;17;19;20;22;25;
2830;05/06/2023;2;3;4;8;9;10;11;12;13;17;18;20;21;22;25;
2829;03/06/2023;2;3;5;6;7;8;9;10;11;13;14;15;17;18;25;
2828;02/06/2023;1;5;6;8;11;12;14;15;16;17;18;19;20;21;25;
2827;01/06/2023;1;2;3;5;6;7;10;13;15;16;17;18;19;21;24;
2826;31/05/2023;1;2;3;5;7;9;11;12;13;16;17;18;19;21;23;
2825;30/05/2023;2;3;4;6;7;8;9;14;17;18;20;21;22;24;25;
2824;29/05/2023;1;2;5;7;9;12;13;14;15;16;20;21;22;24;25;
2823;27/05/2023;1;4;6;13;14;15;16;17;18;19;20;21;23;24;25;
2822;26/05/2023;1;3;4;5;6;9;10;11;12;17;20;21;23;24;25;
2821;25/05/2023;2;3;4;5;6;8;9;10;12;13;19;20;21;22;23;
2820;24/05/2023;4;5;6;9;10;12;13;14;17;18;19;20;21;23;25;
2819;23/05/2023;1;2;4;5;6;8;10;11;14;18;20;21;22;23;24;
2818;22/05/2023;1;2;3;4;5;7;9;10;11;12;13;14;15;17;24;
2817;20/05/2023;3;4;5;7;8;12;13;17;18;19;20;21;22;24;25;
2816;19/05/2023;1;2;8;9;11;13;14;15;16;18;19;21;22;24;25;
2815;18/05/2023;3;4;5;6;7;8;9;10;13;16;18;19;22;24;25;
2814;17/05/2023;1;2;4;7;8;11;12;13;15;19;20;22;23;24;25;
2813;16/05/2023;1;2;3;4;7;11;13;14;15;18;19;21;22;24;25;
2812;15/05/2023;1;3;8;11;12;13;14;15;19;20;21;22;23;24;25;
2811;13/05/2023;2;3;4;5;6;7;8;9;10;11;15;16;22;23;25;
2810;12/05/2023;2;4;5;7;10;11;12;13;14;18;19;20;23;24;25;
2809;11/05/2023;1;2;4;5;7;8;13;15;18;19;20;21;22;24;25;
2808;10/05/2023;4;6;8;9;10;12;13;14;15;18;19;20;21;22;24;
2807;09/05/2023;1;3;5;6;7;9;10;11;12;13;14;15;16;22;24;
2806;08/05/2023;1;2;3;4;5;11;12;13;14;16;17;19;20;23;25;
2805;06/05/2023;5;6;7;8;10;11;12;13;14;18;19;20;22;23;25;
2804;05/05/2023;2;3;4;7;8;9;10;11;12;13;14;16;21;23;24;
2803;04/05/2023;1;5;6;7;8;9;12;13;14;16;18;20;21;24;25;
2802;03/05/2023;1;2;3;4;6;8;9;12;13;16;17;18;22;23;25;
2801;02/05/2023;1;2;3;7;9;12;15;16;17;18;19;20;22;24;25;
2800;29/04/2023;2;3;5;6;7;9;13;14;15;16;17;20;21;22;23;
2799;28/04/2023;1;3;6;9;10;11;13;14;15;16;18;20;21;22;23;
2798;27/04/2023;1;2;3;5;7;8;12;14;15;16;18;20;22;23;24;
2797;26/04/2023;3;4;5;6;10;11;13;14;16;18;19;20;22;23;25;
2796;25/04/2023;1;3;4;7;9;10;12;15;16;19;20;21;22;24;25;
2795;24/04/2023;1;2;3;4;5;6;7;8;9;11;15;18;19;22;25;
2794;22/04/2023;1;2;3;5;6;8;10;14;15;16;17;20;21;22;25;
2793;20/04/2023;2;3;4;5;6;7;8;13;14;15;18;20;21;22;24;
2792;19/04/2023;1;3;6;8;9;10;11;13;16;17;18;20;21;23;25;
2791;18/04/2023;3;4;6;8;10;11;14;15;16;17;20;22;23;24;25;
2790;17/04/2023;2;3;5;7;8;9;10;11;12;13;16;20;21;22;25;
2789;15/04/2023;3;4;6;7;8;9;10;12;13;14;15;18;19;20;25;
2788;14/04/2023;2;3;5;6;7;8;9;10;12;14;15;19;20;24;25;
2787;13/04/2023;1;4;7;9;11;12;14;16;18;19;21;22;23;24;25;
2786;12/04/2023;1;2;3;5;6;7;10;12;15;16;17;18;21;23;25;
2785;11/04/2023;1;4;5;9;11;14;15;17;18;19;20;21;23;24;25;
2784;10/04/2023;1;2;3;4;6;7;8;10;11;14;15;19;21;22;25;
2783;08/04/2023;2;4;7;8;9;10;11;13;15;19;20;21;22;24;25;
2782;06/04/2023;1;4;6;9;10;11;12;16;17;18;19;20;22;23;24;
2781;05/04/2023;3;4;5;7;8;10;14;15;16;17;18;20;23;24;25;
2780;04/04/2023;3;4;7;9;10;11;13;14;17;19;20;21;22;23;24;
2779;03/04/2023;1;2;6;7;8;9;10;11;12;15;18;20;21;23;25;
2778;01/04/2023;1;4;5;6;9;10;11;12;13;15;18;19;20;22;25;
2777;31/03/2023;3;6;7;8;9;11;12;13;14;15;17;20;21;24;25;
2776;30/03/2023;1;2;4;5;8;12;13;14;15;17;18;19;20;22;23;
2775;29/03/2023;1;2;3;4;8;12;14;15;18;19;20;22;23;24;25;
2774;28/03/2023;1;2;4;6;8;12;13;15;18;20;21;22;23;24;25;
2773;27/03/2023;1;2;3;4;5;7;11;14;16;18;20;21;22;23;24;
2772;25/03/2023;1;2;5;7;8;9;10;11;12;16;17;19;23;24;25;
2771;24/03/2023;4;6;7;8;9;12;15;16;17;18;19;20;22;23;25;
2770;23/03/2023;2;3;4;6;8;10;11;12;13;15;18;19;20;21;23;
2769;22/03/2023;1;2;3;5;7;8;10;11;12;16;17;18;21;24;25;
2768;21/03/2023;1;4;5;7;9;11;13;14;15;16;19;20;22;23;25;
2767;20/03/2023;2;3;6;7;8;11;15;16;17;18;19;20;21;22;24;
2766;18/03/2023;1;3;4;6;8;9;11;14;15;17;19;21;22;23;25;
2765;17/03/2023;2;3;5;6;7;11;14;15;16;19;20;21;23;24;25;
2764;16/03/2023;1;2;4;5;7;10;11;12;13;16;19;20;23;24;25;
2763;15/03/2023;1;2;4;6;8;9;10;11;13;15;16;18;19;20;23;
2762;14/03/2023;2;5;6;9;10;11;12;13;16;17;19;21;22;23;24;
2761;13/03/2023;1;2;3;4;8;11;13;14;15;17;18;19;20;21;22;
2760;11/03/2023;1;2;4;6;7;10;11;13;14;15;17;18;20;22;24;
2759;10/03/2023;2;3;7;9;10;11;12;13;15;17;18;19;20;21;23;
2758;09/03/2023;1;2;3;4;7;10;11;12;13;16;18;21;22;23;24;
2757;08/03/2023;1;3;5;6;7;8;9;10;12;13;17;18;19;23;25;
2756;07/03/2023;1;2;5;6;8;10;11;12;14;15;18;20;21;22;23;
2755;06/03/2023;1;3;5;7;8;9;10;11;12;15;16;17;21;22;23;
2754;04/03/2023;2;3;4;8;9;10;13;14;16;17;18;19;20;24;25;
2753;03/03/2023;2;5;7;8;11;12;14;16;17;18;20;21;22;24;25;
2752;02/03/2023;2;3;4;7;10;11;12;15;16;17;20;21;22;23;25;
2751;01/03/2023;1;2;3;5;9;10;12;13;15;16;17;19;23;24;25;
2750;28/02/2023;1;2;6;7;8;9;11;13;14;16;17;18;21;22;23;
2749;27/02/2023;2;5;6;7;9;10;12;13;14;16;18;20;21;22;24;
2748;25/02/2023;1;2;4;5;6;8;9;10;12;14;16;19;22;23;24;
2747;24/02/2023;1;2;5;7;8;10;11;12;14;17;18;19;20;21;25;
2746;23/02/2023;1;3;4;6;7;10;11;12;13;17;18;19;23;24;25;
2745;22/02/2023;1;6;7;9;10;11;12;14;15;17;19;22;23;24;25;
2744;18/02/2023;1;2;3;4;6;7;8;9;11;12;15;20;21;23;25;
2743;17/02/2023;1;4;6;8;9;12;13;16;17;18;19;20;22;23;24;
2742;16/02/2023;1;2;4;5;7;9;11;12;13;14;15;17;18;20;22;
2741;15/02/2023;1;2;4;5;6;7;8;9;13;15;18;22;23;24;25;
2740;14/02/2023;2;3;5;6;7;8;9;10;11;13;14;15;17;19;23;
2739;13/02/2023;1;2;3;4;5;6;7;11;13;15;16;18;22;23;25;
2738;11/02/2023;1;3;4;10;11;12;13;14;15;16;19;20;21;24;25;
2737;10/02/2023;3;4;5;7;9;10;11;16;17;18;19;20;23;24;25;
2736;09/02/2023;1;3;6;8;11;12;14;15;17;18;19;20;21;23;25;
2735;08/02/2023;1;2;4;5;6;8;9;11;12;14;17;18;21;23;24;
2734;07/02/2023;1;3;5;6;8;10;11;12;14;15;17;18;21;22;23;
2733;06/02/2023;1;3;4;6;7;8;10;11;12;14;19;21;22;24;25;
2732;04/02/2023;2;3;5;6;8;10;12;15;16;18;19;20;21;24;25;
2731;03/02/2023;1;3;7;8;9;11;12;13;14;18;19;20;21;23;25;
2730;02/02/2023;2;4;7;10;11;13;14;15;16;19;20;21;23;24;25;
2729;01/02/2023;2;4;5;6;8;9;10;12;13;14;19;20;21;22;25;
2728;31/01/2023;1;2;3;4;5;9;10;11;13;14;16;17;18;20;22;
2727;30/01/2023;2;3;4;8;9;10;11;12;13;16;17;18;19;20;23;
2726;28/01/2023;2;5;6;8;9;10;11;14;16;17;18;19;20;21;23;
2725;27/01/2023;1;2;4;5;7;8;9;10;11;12;14;17;22;23;24;
2724;26/01/2023;1;3;5;6;8;12;13;14;17;19;20;21;22;24;25;
2723;25/01/2023;1;2;3;6;7;8;10;12;15;17;20;21;22;23;24;
2722;24/01/2023;1;2;3;4;5;6;8;12;18;20;21;22;23;24;25;
2721;23/01/2023;1;3;5;8;10;11;12;13;14;16;18;19;20;21;25;
2720;21/01/2023;1;4;5;6;7;8;9;11;13;15;17;19;21;22;23;
2719;20/01/2023;1;4;5;6;8;10;11;13;14;15;17;19;22;23;24;
2718;19/01/2023;1;2;3;4;6;7;8;12;15;19;20;21;22;23;25;
2717;18/01/2023;2;3;4;5;9;10;11;14;15;16;17;20;21;22;24;
2716;17/01/2023;1;4;6;8;9;10;13;14;15;17;18;19;20;21;24;
2715;16/01/2023;2;4;6;7;11;12;13;14;15;17;18;19;22;23;25;
2714;14/01/2023;2;3;5;6;8;9;11;13;16;17;18;21;23;24;25;
2713;13/01/2023;2;3;5;6;7;8;9;12;15;18;19;20;21;22;24;
2712;12/01/2023;2;3;8;11;12;13;16;17;18;19;20;22;23;24;25;
2711;11/01/2023;1;3;4;8;11;12;15;16;18;19;20;22;23;24;25;
2710;10/01/2023;1;2;3;4;7;10;11;12;13;14;16;17;20;24;25;
2709;09/01/2023;1;2;3;5;9;10;11;12;13;19;21;22;23;24;25;
2708;07/01/2023;1;2;3;5;6;13;14;16;18;19;21;22;23;24;25;
2707;06/01/2023;1;2;4;5;8;9;10;11;14;15;16;17;18;21;25;
2706;05/01/2023;1;3;4;7;8;9;10;11;12;13;15;18;21;22;25;
2705;04/01/2023;2;3;4;7;8;9;14;16;17;18;19;20;22;24;25;
2704;03/01/2023;2;5;7;8;9;10;11;12;13;16;18;19;20;21;23;
2703;31/12/2022;1;2;5;7;9;10;12;13;14;17;19;20;21;23;24;
2702;30/12/2022;1;2;4;6;7;10;14;15;16;17;18;19;21;23;25;
2701;29/12/2022;1;3;4;5;7;9;12;14;16;18;19;21;22;23;25;
2700;28/12/2022;3;4;5;6;7;9;13;14;16;17;19;21;22;24;25;
2699;27/12/2022;1;3;4;6;7;8;11;13;14;15;16;20;22;23;24;
2698;26/12/2022;1;2;3;4;5;8;9;10;12;17;20;22;23;24;25;
2697;24/12/2022;2;5;6;9;10;11;13;14;15;18;19;20;21;22;25;
2696;23/12/2022;1;2;3;4;6;7;8;9;11;13;14;15;16;18;22;
2695;22/12/2022;1;2;8;9;10;11;12;13;15;17;20;21;23;24;25;
2694;21/12/2022;3;5;7;8;9;10;11;12;13;14;15;20;21;23;24;
2693;20/12/2022;3;7;8;9;10;13;14;15;16;19;20;21;22;24;25;
2692;19/12/2022;1;2;3;4;6;8;9;11;13;14;15;20;21;22;24;
2691;17/12/2022;1;2;6;9;10;11;12;13;15;17;18;19;21;24;25;
2690;16/12/2022;1;3;5;6;7;8;11;12;15;17;18;20;21;23;24;
2689;15/12/2022;2;3;4;5;8;9;10;14;15;16;18;21;22;23;24;
2688;14/12/2022;2;4;5;6;7;8;10;11;14;16;17;18;20;22;25;
2687;13/12/2022;3;4;5;6;7;10;11;13;14;15;16;19;20;21;22;
2686;12/12/2022;1;3;4;5;7;8;9;13;14;15;16;19;20;21;24;
2685;10/12/2022;4;5;6;7;8;9;11;16;17;18;20;21;22;24;25;
2684;09/12/2022;2;4;6;7;8;9;10;11;12;13;15;20;22;23;25;
2683;08/12/2022;1;2;3;4;8;10;11;12;13;14;20;21;22;23;25;
2682;07/12/2022;3;4;6;7;8;9;10;11;12;14;15;16;19;23;24;
2681;06/12/2022;2;4;7;8;10;12;13;14;16;17;18;19;21;22;24;
2680;05/12/2022;1;2;4;5;9;10;11;13;15;16;17;19;20;23;24;
2679;03/12/2022;4;5;6;7;8;9;10;12;13;16;19;20;22;24;25;
2678;02/12/2022;2;4;5;6;7;8;9;10;11;15;16;17;20;22;24;
2677;01/12/2022;1;3;4;6;8;10;11;12;14;16;17;18;21;22;24;
2676;30/11/2022;2;6;8;9;11;13;14;15;16;18;19;21;22;23;25;
2675;29/11/2022;2;4;7;9;10;12;13;14;16;18;20;22;23;24;25;
2674;28/11/2022;1;2;3;4;5;7;8;11;12;13;14;15;16;20;25;
2673;26/11/2022;2;3;4;5;7;8;10;11;12;14;15;20;22;23;24;
2672;25/11/2022;2;3;5;6;9;10;11;13;15;16;17;19;21;22;24;
2671;24/11/2022;1;2;5;7;8;9;10;11;12;13;18;20;21;22;25;
2670;23/11/2022;1;3;5;7;8;13;15;17;18;19;21;22;23;24;25;
2669;22/11/2022;1;4;6;7;8;9;10;11;14;15;19;20;21;24;25;
2668;21/11/2022;1;3;5;8;9;13;15;16;17;18;19;20;22;23;24;
2667;19/11/2022;1;2;3;4;8;9;10;11;13;15;19;20;23;24;25;
2666;18/11/2022;2;3;4;7;8;10;11;12;13;19;20;21;22;23;24;
2665;17/11/2022;3;6;7;8;9;11;12;13;15;16;18;19;20;21;25;
2664;16/11/2022;1;4;5;6;7;8;9;10;11;12;17;18;23;24;25;
2663;14/11/2022;1;3;5;6;7;11;12;13;14;16;18;19;21;22;25;
2662;12/11/2022;3;4;5;6;9;10;12;13;14;16;17;19;20;22;23;
2661;11/11/2022;1;3;4;5;6;8;9;10;12;15;16;17;18;22;25;
2660;10/11/2022;1;2;3;6;8;10;13;14;15;16;18;19;21;24;25;
2659;09/11/2022;1;3;5;7;10;11;13;15;18;19;20;21;22;23;24;
2658;08/11/2022;1;2;3;4;5;8;9;10;12;14;15;16;18;21;24;
2657;07/11/2022;1;2;3;5;6;7;8;10;12;13;15;16;17;21;24;
2656;05/11/2022;2;3;4;7;9;10;11;12;13;17;18;19;20;21;25;
2655;04/11/2022;1;5;6;8;9;11;13;14;15;16;19;20;21;22;23;
2654;03/11/2022;1;3;5;6;9;10;13;15;16;17;19;20;21;24;25;
2653;01/11/2022;2;3;7;8;9;10;12;13;14;15;17;18;19;20;21;
2652;31/10/2022;1;3;4;5;6;8;10;12;14;15;16;17;19;24;25;
2651;29/10/2022;3;4;10;11;12;13;15;16;17;18;19;22;23;24;25;
2650;28/10/2022;2;4;5;6;7;9;11;12;13;14;15;18;19;20;22;
2649;27/10/2022;2;3;6;7;8;10;12;14;15;16;17;19;20;23;24;
2648;26/10/2022;4;7;8;10;11;12;13;14;15;16;17;18;20;22;25;
2647;25/10/2022;1;3;4;5;6;9;10;13;16;17;18;19;22;24;25;
2646;24/10/2022;2;3;6;8;9;10;12;13;14;15;17;20;22;23;25;
2645;22/10/2022;1;2;3;5;6;7;11;12;13;14;15;17;18;20;24;
2644;21/10/2022;1;2;5;6;8;10;11;12;13;15;16;17;18;19;20;
2643;20/10/2022;1;2;3;4;6;9;11;12;13;16;18;19;20;22;25;
2642;19/10/2022;2;4;5;8;9;13;14;15;16;17;19;20;21;22;24;
2641;18/10/2022;1;3;4;5;7;8;9;12;13;14;17;19;20;23;24;
2640;17/10/2022;3;6;7;9;10;11;12;14;15;16;18;19;21;22;25;
2639;15/10/2022;2;3;7;8;9;11;12;14;15;16;18;20;21;22;24;
2638;14/10/2022;2;4;5;9;10;12;14;15;18;19;21;22;23;24;25;
2637;13/10/2022;2;4;5;8;9;10;12;13;19;20;21;22;23;24;25;
2636;11/10/2022;1;3;4;5;7;8;9;10;11;13;15;18;22;24;25;
2635;10/10/2022;2;4;5;6;8;10;11;13;14;15;17;20;21;23;25;
2634;08/10/2022;1;2;3;4;7;9;10;14;15;16;18;20;21;22;24;
2633;07/10/2022;1;3;4;6;9;11;12;14;15;16;17;18;19;24;25;
2632;06/10/2022;1;4;5;7;9;11;12;13;15;16;17;19;20;21;22;
2631;05/10/2022;2;4;5;6;7;8;11;14;17;18;19;20;21;23;24;
2630;04/10/2022;1;2;3;6;8;9;10;13;14;16;17;20;21;22;25;
2629;03/10/2022;2;3;4;5;6;7;9;10;12;13;14;19;21;22;25;
2628;01/10/2022;1;4;9;10;11;12;13;14;15;17;20;21;22;23;25;
2627;30/09/2022;1;3;7;8;9;10;13;14;16;17;20;21;22;24;25;
2626;29/09/2022;3;4;5;6;8;10;11;12;13;14;17;20;22;23;24;
2625;28/09/2022;3;4;5;7;8;9;10;11;12;13;18;19;20;21;25;
2624;27/09/2022;2;4;5;7;8;12;14;17;18;20;21;22;23;24;25;
2623;26/09/2022;1;4;5;6;7;10;11;12;13;15;16;18;22;23;24;
2622;24/09/2022;1;2;3;4;5;6;8;9;10;12;13;17;19;20;25;
2621;23/09/2022;2;3;4;5;7;9;10;11;12;14;15;20;22;23;25;
2620;22/09/2022;1;2;3;5;7;9;10;11;13;14;15;16;18;19;23;
2619;21/09/2022;3;4;5;6;7;9;10;11;12;13;15;16;17;20;25;
2618;20/09/2022;1;2;3;4;5;6;7;9;11;16;17;18;19;20;25;
2617;19/09/2022;1;3;5;6;7;8;10;11;12;13;17;18;22;24;25;
2616;17/09/2022;1;2;3;4;6;7;9;10;12;14;16;18;21;22;25;
2615;16/09/2022;2;3;5;6;8;9;10;14;15;17;19;20;21;22;25;
2614;15/09/2022;1;2;3;4;6;10;13;16;17;19;20;21;23;24;25;
2613;14/09/2022;1;2;3;5;6;8;11;14;15;16;18;19;20;21;25;
2612;13/09/2022;1;3;6;9;10;11;13;16;17;18;19;20;21;23;25;
2611;12/09/2022;2;3;4;5;6;7;8;13;14;15;17;19;21;22;25;
2610;10/09/2022;1;3;5;7;8;9;10;11;12;15;16;17;20;22;24;
2609;26/08/2022;3;5;6;7;9;11;12;15;17;18;19;20;21;24;25;
2608;25/08/2022;1;2;4;8;9;11;12;14;15;17;18;19;23;24;25;
2607;24/08/2022;1;3;5;7;8;9;10;14;16;17;18;22;23;24;25;
2606;23/08/2022;3;6;7;8;9;10;11;14;16;18;19;20;21;23;24;
2605;22/08/2022;1;2;5;7;9;11;12;15;16;19;21;22;23;24;25;
2604;20/08/2022;4;5;6;7;9;12;13;14;15;16;18;19;20;22;23;
2603;19/08/2022;2;3;5;7;9;10;11;13;15;17;19;20;21;24;25;
2602;18/08/2022;1;2;3;4;5;6;8;10;11;12;16;18;19;20;23;
2601;17/08/2022;1;3;4;5;6;7;13;15;16;17;20;21;22;23;24;
2600;16/08/2022;2;5;7;9;10;11;12;14;15;16;18;22;23;24;25;
2599;15/08/2022;1;2;3;4;6;8;9;10;11;13;17;18;19;22;23;
2598;13/08/2022;1;3;6;9;10;11;12;13;14;17;18;19;20;23;25;
2597;12/08/2022;4;7;8;9;11;12;13;14;15;16;17;19;21;23;25;
2596;11/08/2022;2;5;6;9;11;12;13;14;15;16;17;19;20;24;25;
2595;10/08/2022;2;3;4;6;9;10;12;14;16;17;18;20;22;24;25;
2594;09/08/2022;4;5;9;11;12;14;15;16;18;20;21;22;23;24;25;
2593;08/08/2022;1;5;6;8;9;10;12;13;15;17;20;21;22;23;24;
2592;06/08/2022;1;2;4;5;6;7;10;14;15;18;19;21;22;23;25;
2591;05/08/2022;1;2;3;4;5;7;9;11;12;14;17;20;21;23;24;
2590;04/08/2022;1;3;4;5;7;9;10;13;15;16;18;20;21;24;25;
2589;03/08/2022;1;2;4;5;7;8;9;10;14;15;18;21;22;24;25;
2588;02/08/2022;3;4;5;8;9;10;14;15;17;18;21;22;23;24;25;
2587;01/08/2022;3;4;6;7;8;9;11;13;15;16;19;20;21;22;24;
2586;30/07/2022;1;2;7;8;12;13;15;16;18;19;20;21;22;23;24;
2585;29/07/2022;3;4;6;7;8;10;12;17;18;20;21;22;23;24;25;
2584;28/07/2022;3;4;5;7;8;10;11;12;13;14;15;16;22;23;24;
2583;27/07/2022;1;2;5;7;8;10;11;13;14;15;16;18;19;23;24;
2582;26/07/2022;1;3;4;5;8;10;11;12;13;15;16;18;19;21;24;
2581;25/07/2022;1;2;3;4;7;8;11;12;15;16;17;19;20;21;22;
2580;23/07/2022;1;5;7;8;10;11;12;13;14;15;16;18;20;22;25;
2579;22/07/2022;1;3;4;7;8;10;12;15;16;17;18;19;22;23;25;
2578;21/07/2022;1;2;3;4;7;8;9;10;12;14;15;16;20;22;25;
2577;20/07/2022;1;4;6;7;8;9;12;13;14;18;20;21;23;24;25;
2576;19/07/2022;1;2;5;6;7;10;13;15;16;18;19;20;21;24;25;
2575;18/07/2022;2;3;5;6;7;8;10;11;14;15;16;17;21;23;25;
2574;16/07/2022;1;2;3;7;9;10;11;12;14;16;17;19;20;21;25;
2573;15/07/2022;2;6;9;10;11;12;13;15;16;17;18;19;20;22;23;
2572;14/07/2022;1;3;5;7;8;9;11;12;13;14;15;16;21;23;24;
2571;13/07/2022;2;4;5;7;10;14;15;16;17;19;20;21;23;24;25;
2570;12/07/2022;1;3;4;5;6;7;9;10;11;13;16;18;20;23;25;
2569;11/07/2022;3;5;12;13;14;15;16;17;18;19;20;21;22;23;25;
2568;09/07/2022;1;2;4;6;8;9;11;12;14;15;17;20;21;22;24;
2567;08/07/2022;1;2;3;4;5;7;11;12;13;14;15;19;20;21;24;
2566;07/07/2022;1;2;10;11;12;13;14;15;16;18;19;20;21;23;24;
2565;06/07/2022;1;2;5;7;9;10;11;12;14;15;16;18;20;22;25;
2564;05/07/2022;2;4;6;7;8;11;15;16;17;18;21;22;23;24;25;
2563;04/07/2022;3;4;6;8;9;12;15;17;18;19;21;22;23;24;25;
2562;02/07/2022;2;3;6;7;9;10;11;14;16;17;20;21;22;24;25;
2561;01/07/2022;1;2;3;5;6;7;12;13;15;16;17;18;20;21;23;
2560;30/06/2022;1;2;4;5;6;8;9;11;14;16;18;20;23;24;25;
2559;29/06/2022;1;3;5;7;8;9;10;12;13;14;16;17;19;21;25;
2558;28/06/2022;3;4;5;6;10;12;14;15;16;17;20;21;22;24;25;
2557;27/06/2022;2;3;4;5;6;7;8;9;10;11;12;17;18;21;22;
2556;25/06/2022;1;2;5;10;11;12;15;17;18;20;21;22;23;24;25;
2555;24/06/2022;2;3;4;6;7;8;11;12;16;17;18;21;22;23;25;
2554;23/06/2022;2;3;4;8;10;11;13;15;16;17;18;19;20;22;24;
2553;22/06/2022;1;2;4;5;7;8;9;11;13;14;17;18;19;21;25;
2552;21/06/2022;1;3;4;5;9;10;12;13;14;15;17;18;21;24;25;
2551;20/06/2022;1;2;6;9;10;11;12;14;15;16;18;20;21;22;25;
2550;18/06/2022;1;2;6;7;9;10;12;13;17;18;20;21;23;24;25;
2549;17/06/2022;1;2;4;5;6;7;9;11;16;17;19;21;22;24;25;
2548;15/06/2022;1;2;3;4;5;8;9;11;13;15;16;18;19;23;25;
2547;14/06/2022;1;2;5;9;10;12;15;16;18;19;21;22;23;24;25;
2546;13/06/2022;2;4;5;7;8;9;10;11;14;17;20;21;22;24;25;
2545;11/06/2022;1;2;3;5;7;9;10;13;14;15;16;19;20;21;24;
2544;10/06/2022;3;5;6;7;8;10;11;12;13;15;18;20;21;23;24;
2543;09/06/2022;3;5;6;7;8;9;11;12;14;17;18;19;20;24;25;
2542;08/06/2022;3;5;8;10;12;13;15;16;18;19;20;21;22;24;25;
2541;07/06/2022;2;4;7;8;11;12;13;14;16;17;18;19;20;22;25;
2540;06/06/2022;1;3;5;6;7;8;11;12;14;18;20;21;22;23;24;
2539;04/06/2022;1;3;4;5;6;9;10;13;16;17;18;20;23;24;25;
2538;03/06/2022;1;2;4;5;6;8;9;13;14;16;17;21;22;24;25;
2537;02/06/2022;2;4;5;6;7;9;10;12;14;16;18;19;22;23;24;
2536;01/06/2022;1;2;4;6;9;12;13;15;16;17;18;19;21;23;25;
2535;31/05/2022;5;6;7;8;11;12;13;14;15;16;18;20;22;24;25;
2534;30/05/2022;7;8;10;11;12;14;15;16;17;18;20;21;22;23;25;
2533;28/05/2022;4;7;8;10;11;12;15;16;17;18;19;22;23;24;25;
2532;27/05/2022;1;2;3;4;6;9;10;12;13;14;16;17;18;22;25;
2531;26/05/2022;1;2;3;4;5;7;8;11;12;16;17;18;20;21;25;
2530;25/05/2022;1;2;4;6;7;8;9;11;13;15;21;22;23;24;25;
2529;24/05/2022;3;5;6;8;9;11;12;13;14;16;18;21;22;24;25;
2528;23/05/2022;2;3;5;7;8;9;10;11;12;13;15;20;22;23;24;
2527;21/05/2022;1;2;5;6;9;11;12;13;14;17;18;19;20;21;23;
2526;20/05/2022;1;2;6;8;11;12;13;14;16;17;19;20;22;23;24;
2525;19/05/2022;4;6;10;11;12;13;16;17;18;19;20;21;23;24;25;
2524;18/05/2022;1;2;3;5;6;7;12;14;15;16;19;20;23;24;25;
2523;17/05/2022;1;4;5;6;7;10;11;12;14;15;17;18;20;23;24;
2522;16/05/2022;1;2;3;5;9;10;12;13;15;16;18;19;21;22;25;
2521;14/05/2022;2;3;4;6;7;8;13;14;16;17;18;21;22;24;25;
2520;13/05/2022;1;2;4;5;6;7;8;10;14;15;16;18;23;24;25;
2519;12/05/2022;2;3;4;5;8;10;11;12;13;14;18;19;22;24;25;
2518;11/05/2022;1;2;4;5;6;8;11;13;14;15;20;22;23;24;25;
2517;10/05/2022;1;2;3;5;6;9;10;12;14;15;16;20;21;23;24;
2516;09/05/2022;1;2;3;5;7;8;10;11;14;15;16;17;21;22;24;
2515;07/05/2022;4;5;7;8;9;11;12;14;15;16;19;21;22;24;25;
2514;06/05/2022;2;3;5;6;7;8;9;12;14;15;16;18;19;21;24;
2513;05/05/2022;2;3;4;6;7;9;11;12;16;17;19;20;21;23;24;
2512;04/05/2022;1;2;3;7;9;10;12;14;15;16;18;19;20;21;23;
2511;03/05/2022;1;3;4;5;6;8;9;11;15;16;18;21;23;24;25;
2510;02/05/2022;1;2;5;7;11;13;14;16;17;19;20;22;23;24;25;
2509;30/04/2022;2;3;4;5;9;10;11;12;13;14;19;21;22;23;25;
2508;29/04/2022;1;2;5;6;7;10;11;12;14;15;17;18;19;20;21;
2507;28/04/2022;3;4;5;7;8;9;10;11;13;14;15;16;19;20;25;
2506;27/04/2022;3;4;5;8;9;10;11;14;15;16;18;19;20;22;25;
2505;26/04/2022;1;2;3;4;6;8;9;10;17;18;19;21;23;24;25;
2504;25/04/2022;3;5;7;8;12;13;14;15;16;17;20;21;22;23;24;
2503;23/04/2022;1;2;3;4;6;7;9;10;11;12;13;18;19;20;22;
2502;22/04/2022;2;3;4;5;9;11;12;13;15;18;20;21;23;24;25;
2501;20/04/2022;1;2;3;4;5;6;7;8;9;11;19;20;22;23;25;
2500;19/04/2022;3;4;5;6;9;11;12;13;14;15;17;18;19;21;25;
2499;18/04/2022;2;3;4;5;7;8;11;12;14;16;17;19;20;22;23;
2498;16/04/2022;1;2;5;6;7;8;9;11;12;17;18;19;20;22;25;
2497;14/04/2022;2;6;7;8;9;11;12;14;15;18;19;20;22;23;25;
2496;13/04/2022;2;3;4;8;9;10;11;13;17;18;20;22;23;24;25;
2495;12/04/2022;3;5;9;10;12;13;14;15;16;17;18;19;21;24;25;
2494;11/04/2022;1;2;4;5;6;8;9;10;12;13;16;18;23;24;25;
2493;09/04/2022;2;3;6;7;9;10;11;12;14;15;16;18;20;21;25;
2492;08/04/2022;4;7;8;9;10;11;12;13;14;15;17;20;22;23;24;
2491;07/04/2022;1;2;3;4;5;6;9;11;14;17;18;19;21;22;24;
2490;06/04/2022;1;3;4;5;6;10;12;13;14;15;16;19;20;24;25;
2489;05/04/2022;1;4;5;7;8;10;11;13;14;16;18;21;22;23;24;
2488;04/04/2022;1;2;4;5;6;7;9;11;12;13;16;20;21;22;24;
2487;02/04/2022;1;2;6;8;10;11;12;13;14;16;18;20;22;23;24;
2486;01/04/2022;1;2;4;5;8;9;10;11;12;18;19;20;23;24;25;
2485;31/03/2022;1;2;3;8;10;12;14;15;17;18;20;21;23;24;25;
2484;30/03/2022;4;5;6;8;10;11;12;14;15;17;19;21;22;23;25;
2483;29/03/2022;2;3;6;7;8;10;13;14;15;16;19;20;22;23;25;
2482;28/03/2022;3;5;6;7;9;11;12;13;14;16;17;20;21;24;25;
2481;26/03/2022;2;3;5;6;7;9;10;13;14;15;17;18;20;21;25;
2480;25/03/2022;1;2;5;6;7;9;10;12;13;14;15;16;17;21;24;
2479;24/03/2022;2;3;4;5;7;11;12;14;17;19;20;21;23;24;25;
2478;23/03/2022;1;5;7;8;10;11;12;14;15;16;21;22;23;24;25;
2477;22/03/2022;1;2;3;5;7;8;9;10;13;14;15;18;19;20;24;
2476;21/03/2022;1;6;9;10;11;12;13;15;16;17;18;21;22;23;24;
2475;19/03/2022;1;3;4;5;6;7;11;13;15;16;18;19;22;24;25;
2474;18/03/2022;1;2;5;6;8;9;11;14;15;17;19;20;23;24;25;
2473;17/03/2022;1;4;6;7;8;9;10;14;16;18;19;20;21;23;25;
2472;16/03/2022;2;3;4;9;10;12;13;15;16;17;21;22;23;24;25;
2471;15/03/2022;2;3;4;5;8;9;14;17;18;19;20;21;23;24;25;
2470;14/03/2022;1;3;4;5;6;9;10;11;12;13;21;22;23;24;25;
2469;12/03/2022;1;2;4;5;6;7;11;13;17;18;19;20;21;24;25;
2468;11/03/2022;3;4;7;8;9;12;13;17;18;19;20;21;22;23;24;
2467;10/03/2022;5;6;8;10;11;12;14;15;16;18;20;21;22;23;25;
2466;09/03/2022;1;2;5;7;8;9;12;13;14;17;19;20;21;24;25;
2465;08/03/2022;2;5;6;7;8;10;11;13;14;15;17;18;19;21;25;
2464;07/03/2022;1;5;6;7;9;11;13;16;17;20;21;22;23;24;25;
2463;05/03/2022;5;7;9;10;11;12;13;14;15;17;18;20;21;23;25;
2462;04/03/2022;3;4;5;9;10;11;12;14;15;16;17;18;20;22;25;
2461;03/03/2022;1;2;5;7;10;13;14;15;17;18;19;20;21;22;24;
2460;02/03/2022;1;2;3;4;5;6;9;11;12;14;15;18;19;23;25;
2459;26/02/2022;1;3;5;6;11;12;14;15;17;18;19;20;21;23;25;
2458;25/02/2022;1;2;3;4;6;8;10;11;12;16;18;21;22;24;25;
2457;24/02/2022;1;3;5;8;10;11;14;15;16;18;20;22;23;24;25;
2456;23/02/2022;4;5;6;8;9;10;12;13;14;17;18;19;21;24;25;Acumulado próximo concurso R$ 1.356.758,26
2455;22/02/2022;1;2;3;8;10;11;12;13;14;16;19;22;23;24;25;
2454;21/02/2022;1;2;4;6;8;9;10;12;15;16;20;21;23;24;25;
2453;19/02/2022;4;5;7;8;10;12;13;16;17;19;21;22;23;24;25;
2452;18/02/2022;1;6;7;8;9;11;15;17;18;20;21;22;23;24;25;Acumulado próximo concurso R$ 1.745.892,96.
2451;17/02/2022;3;4;5;7;9;10;11;15;18;19;20;22;23;24;25;
2450;16/02/2022;1;2;3;4;5;7;8;11;13;14;15;18;23;24;25;
2449;15/02/2022;1;2;4;8;9;11;13;14;15;16;17;18;20;21;22;
2448;14/02/2022;2;3;4;5;6;8;9;11;12;14;16;19;20;22;24;
2447;12/02/2022;2;3;4;5;8;13;14;15;16;17;18;19;20;22;23;
2446;11/02/2022;4;6;8;11;12;13;15;17;19;20;21;22;23;24;25;
2445;10/02/2022;1;2;5;6;7;8;10;11;13;15;18;21;22;23;25;Acumulado próximo concurso R$ 1.103.421,51.
2444;09/02/2022;3;4;5;6;8;9;10;11;12;14;16;17;18;19;25;
2443;08/02/2022;2;3;5;6;7;9;10;14;15;16;17;20;21;22;23;
2442;07/02/2022;1;6;7;10;11;12;14;15;16;17;18;19;21;22;25;
2441;05/02/2022;1;3;7;8;9;10;11;13;15;18;20;21;22;24;25;
2440;04/02/2022;3;4;5;6;8;9;11;14;16;18;20;21;22;24;25;
2439;03/02/2022;2;5;7;8;9;10;11;13;15;16;17;20;21;23;25;
2438;02/02/2022;1;4;5;6;8;11;12;13;14;16;18;19;22;23;24;
2437;01/02/2022;1;2;7;8;9;10;11;13;14;15;17;18;20;21;25;
2436;31/01/2022;2;3;4;6;8;9;12;14;15;16;17;19;20;21;23;
2435;29/01/2022;2;4;5;6;7;10;11;12;13;15;16;19;20;21;22;
2434;28/01/2022;1;4;7;11;13;14;16;17;19;20;21;22;23;24;25;
2433;27/01/2022;1;3;4;5;6;9;10;11;12;13;15;18;20;21;24;
2432;26/01/2022;3;5;6;7;8;9;11;12;13;14;15;19;20;21;25;
2431;25/01/2022;4;6;7;8;9;10;11;12;13;14;17;18;19;22;25;Acumulado próximo concurso R$ 1.308.487,27.
2430;24/01/2022;1;4;5;7;8;10;11;12;14;17;18;19;20;21;23;
2429;22/01/2022;1;4;5;6;8;9;10;11;12;14;15;19;20;21;24;
2428;21/01/2022;2;5;6;7;9;10;11;12;15;16;17;18;20;24;25;Acumulado próximo concurso R$ 1.609.109,81
2427;20/01/2022;1;3;6;8;11;15;16;17;18;19;20;21;22;23;24;
2426;19/01/2022;1;2;3;6;7;8;9;11;13;19;20;21;22;23;24;
2425;18/01/2022;1;3;4;5;6;10;11;13;15;19;20;21;22;24;25;
2424;17/01/2022;1;3;4;5;6;9;10;11;14;15;16;20;22;23;25;
2423;15/01/2022;3;4;5;7;8;9;10;11;15;16;17;18;19;20;24;
2422;14/01/2022;1;2;3;4;5;7;8;10;11;12;14;17;18;22;25;
2421;13/01/2022;3;4;5;6;7;10;13;14;16;17;19;20;21;22;24;
2420;12/01/2022;1;3;5;9;10;11;12;13;14;15;18;21;22;24;25;
2419;11/01/2022;2;3;5;6;10;11;12;13;15;18;19;21;22;23;24;
2418;10/01/2022;3;4;7;8;11;12;13;14;16;17;18;19;20;23;24;
2417;08/01/2022;1;4;6;7;8;9;10;11;14;15;17;18;22;23;25;
2416;07/01/2022;4;5;6;7;11;13;14;15;16;17;18;20;21;22;25;
2415;06/01/2022;2;6;7;9;10;11;12;13;14;19;20;21;22;23;25;Acumulado próximo concurso R$ 1.519.613,62.
2414;05/01/2022;3;4;5;6;7;8;9;10;11;13;16;17;19;21;24;
2413;04/01/2022;1;3;4;5;6;7;8;9;12;15;16;18;20;21;25;
2412;03/01/2022;1;4;6;7;8;9;11;13;14;15;17;18;19;21;24;
2411;31/12/2021;1;2;3;4;5;7;8;9;10;12;13;14;17;19;24;
2410;30/12/2021;1;2;3;4;7;9;10;13;14;16;17;19;20;22;23;
2409;29/12/2021;1;2;5;6;7;8;9;10;12;16;19;20;21;22;25;
2408;28/12/2021;1;3;4;6;8;9;10;11;12;13;16;19;21;22;23;
2407;27/12/2021;1;2;3;4;6;8;9;11;12;17;18;19;20;23;24;
2406;24/12/2021;1;2;3;5;6;8;10;12;15;17;20;21;23;24;25;
2405;23/12/2021;2;3;4;5;6;7;8;9;11;15;17;18;19;21;23;
2404;22/12/2021;1;2;3;4;5;7;10;11;12;14;15;22;23;24;25;
2403;21/12/2021;1;4;5;8;10;12;16;17;18;19;20;21;23;24;25;
2402;20/12/2021;1;2;3;4;5;6;9;10;11;13;14;18;20;23;25;
2401;18/12/2021;1;4;5;6;7;9;10;11;12;15;16;19;20;22;23;
2400;17/12/2021;2;3;5;9;10;11;12;13;14;15;16;20;21;23;25;
2399;16/12/2021;1;2;4;5;7;9;12;14;15;16;17;19;20;21;25;Acumulado próximo concurso R$ 5.439.823,25
2398;15/12/2021;2;3;4;5;6;9;10;12;13;14;15;20;22;23;25;Acumulado próximo concurso R$ 1.257.212,81.
2397;14/12/2021;2;4;6;7;9;10;13;14;15;17;18;20;21;22;25;
2396;13/12/2021;1;3;4;7;10;12;13;16;17;18;20;22;23;24;25;
2395;11/12/2021;1;2;5;6;7;10;13;14;15;17;18;19;20;23;25;
2394;10/12/2021;1;4;6;7;9;10;12;17;18;19;20;21;22;23;25;
2393;09/12/2021;2;3;5;10;11;12;15;16;17;19;20;21;22;23;25;Acumulado próximo concurso R$ 3.082.091,20
2392;08/12/2021;1;2;5;6;8;11;12;13;16;17;18;22;23;24;25;Acumulado próximo concurso 2393: R$ 1.406.653,90
2391;07/12/2021;3;4;5;6;8;9;11;12;14;18;19;21;22;24;25;
2390;06/12/2021;1;2;3;4;5;6;10;11;15;19;20;21;22;23;24;
2389;04/12/2021;4;5;6;8;9;10;11;12;18;19;21;22;23;24;25;Acumulado próximo concurso R$3.483.290,05
2388;03/12/2021;3;4;5;7;8;9;10;12;13;15;16;17;19;23;25;
2387;02/12/2021;2;4;5;8;9;10;12;16;17;19;20;21;22;24;25;
2386;01/12/2021;2;3;6;7;8;10;12;13;14;15;16;17;18;23;24;
2385;30/11/2021;1;2;3;5;10;11;12;13;16;17;18;21;22;23;24;Acumulado próximo concurso R$ 1.377.282,95.
2384;29/11/2021;1;3;4;5;7;9;10;11;13;15;16;18;20;22;24;"DETALHAMENTO / CONTINUAÇÃO DE GANHADORES DO PREMIO PRINCIPAL DE 15 ACERTOS:                                 SP - VOTUPORANGA : 01 APOSTA;                                SP - SUMARE : 01 APOSTA;PARA DETALHAMENTO COMPLETO ACESSE ""LOCAIS DA SORTE"" (DETALHES DAS APOSTAS GANHADORAS)"
2383;27/11/2021;1;2;3;7;9;11;12;13;14;15;16;18;20;22;24;
2382;26/11/2021;1;2;3;4;5;6;7;9;10;11;14;15;19;21;24;Acumulado próximo concurso R$ 1.324.518,26.
2381;25/11/2021;1;2;5;8;9;10;11;14;15;18;19;20;23;24;25;
2380;24/11/2021;1;3;5;6;7;9;10;11;13;14;15;17;21;22;24;
2379;23/11/2021;1;2;3;5;7;8;9;11;12;15;16;20;23;24;25;
2378;22/11/2021;1;2;3;4;5;10;12;14;15;16;17;21;23;24;25;
2377;20/11/2021;1;2;3;4;5;6;8;9;10;12;14;18;19;20;24;
2376;19/11/2021;1;2;4;6;8;9;14;15;16;17;19;21;22;23;24;
2375;18/11/2021;4;5;8;11;12;13;14;17;18;19;20;21;22;23;25;
2374;17/11/2021;1;3;5;7;9;10;14;15;16;17;20;21;22;23;25;
2373;16/11/2021;2;3;4;5;6;7;8;10;13;14;15;17;21;24;25;
2372;13/11/2021;1;2;4;5;7;8;11;13;14;15;19;20;21;22;24;Acumulado próximo concurso 2373: R$ 3.357.461,77
2371;12/11/2021;3;5;6;8;11;12;13;14;15;19;21;22;23;24;25;Acumulado próximo concurso 2372:  R$ 1.419.610,50
2370;11/11/2021;1;7;8;9;10;11;12;13;14;16;19;20;21;24;25;
2369;10/11/2021;2;3;5;8;9;10;11;12;13;14;15;22;23;24;25;
2368;09/11/2021;2;3;4;7;8;9;10;11;12;14;16;18;19;22;23;
2367;08/11/2021;2;3;5;8;9;10;11;12;14;16;17;19;22;23;25;
2366;06/11/2021;1;3;5;7;10;11;13;15;16;18;19;20;21;22;25;
2365;05/11/2021;2;7;8;9;11;14;15;16;17;18;20;21;22;23;25;Acumulado próximo concurso 2366: R$ 3.912.681,48
2364;04/11/2021;1;5;6;7;8;9;10;11;13;15;16;17;18;22;24;Acumulado para o concurso 2365: R$ 1.423.129,97
2363;03/11/2021;1;2;3;4;8;11;12;13;14;15;20;21;22;24;25;
2362;01/11/2021;1;4;6;7;8;10;11;12;14;18;19;21;22;24;25;Acumulado próximo concurso R$ 1.693.757,24.
2361;30/10/2021;3;4;5;7;10;12;13;14;16;18;19;21;22;23;24;
2360;29/10/2021;3;5;6;8;11;12;13;15;17;18;19;21;22;23;25;
2359;28/10/2021;3;4;5;6;7;12;14;15;17;19;20;21;22;23;24;
2358;27/10/2021;4;5;6;7;8;11;12;14;15;16;17;20;23;24;25;
2357;26/10/2021;1;2;4;6;7;8;9;10;12;13;14;20;23;24;25;
2356;25/10/2021;3;5;6;7;8;9;10;13;16;18;19;20;21;22;25;TOTAL LIQUIDO ACUMULADO PARA QUINZE PONTOS: R$ 1.478.516,79
2355;23/10/2021;2;3;4;5;6;8;9;10;11;12;18;19;20;21;25;
2354;22/10/2021;1;2;5;6;9;10;11;12;13;16;17;18;19;20;21;
2353;21/10/2021;1;2;3;7;8;12;13;14;15;16;18;20;23;24;25;
2352;20/10/2021;3;4;7;8;11;12;15;16;17;18;20;22;23;24;25;
2351;19/10/2021;1;3;4;5;6;7;8;9;10;12;14;15;20;23;24;
2350;18/10/2021;2;3;4;5;6;7;8;9;10;15;17;19;21;22;25;
2349;16/10/2021;2;5;6;9;10;11;12;15;16;17;18;20;21;22;23;
2348;15/10/2021;1;2;5;8;9;11;13;14;15;17;19;20;22;23;24;
2347;14/10/2021;2;3;5;6;8;9;11;13;15;16;17;19;21;24;25;
2346;13/10/2021;1;4;5;8;10;11;12;14;16;17;18;19;21;22;25;
2345;11/10/2021;3;6;7;9;10;11;12;14;16;17;19;20;23;24;25;
2344;09/10/2021;1;3;4;6;7;9;10;11;12;13;16;17;19;20;21;
2343;08/10/2021;1;2;5;9;12;15;16;17;18;19;20;22;23;24;25;
2342;07/10/2021;1;2;3;4;9;10;13;15;16;18;19;20;21;22;25;Acumulado próximo concurso: R$ 1.523.801,95
2341;06/10/2021;2;4;5;7;9;11;12;14;15;19;20;21;22;24;25;
2340;05/10/2021;2;5;7;8;9;11;12;13;14;17;18;20;22;23;25;
2339;04/10/2021;1;3;6;7;8;10;11;14;18;19;20;22;23;24;25;
2338;02/10/2021;1;2;3;4;5;7;8;10;11;12;13;15;16;19;21;
2337;01/10/2021;1;2;4;5;6;8;9;10;11;14;16;19;20;21;24;
2336;30/09/2021;1;3;4;6;10;11;12;13;14;16;17;18;20;22;25;
2335;29/09/2021;2;3;4;5;6;7;9;13;15;16;19;21;22;24;25;Acumulado próximo concurso R$ 1.342.053,27
2334;28/09/2021;2;3;5;7;13;14;16;17;18;20;21;22;23;24;25;
2333;27/09/2021;1;4;6;7;8;9;10;11;13;15;17;18;19;20;23;
2332;25/09/2021;1;4;6;7;8;9;10;11;14;17;18;20;22;24;25;Acumulado próximo concurso R$ 1.378.083,72
2331;24/09/2021;3;4;5;7;8;9;10;13;14;15;16;20;22;24;25;
2330;23/09/2021;2;4;5;8;10;11;12;13;14;15;16;18;20;22;23;
2329;22/09/2021;1;3;4;5;10;11;12;13;14;16;17;18;19;20;24;
2328;21/09/2021;3;4;5;6;7;8;9;11;14;15;17;20;21;23;25;
2327;20/09/2021;1;2;3;4;6;7;8;11;13;15;17;19;20;21;25;
2326;18/09/2021;2;3;4;5;6;8;11;12;13;14;16;20;22;23;25;
2325;17/09/2021;1;2;3;4;5;6;7;8;9;14;17;18;21;23;25;
2324;16/09/2021;1;2;3;5;8;9;10;11;13;14;16;17;19;20;25;
2323;15/09/2021;1;4;7;8;11;13;14;16;17;19;21;22;23;24;25;
2322;14/09/2021;1;2;5;6;7;11;12;13;14;16;18;21;22;23;24;ACUMULADO PRÓXIMO CONCURSO: R$ 4.381.091,05
2321;13/09/2021;1;2;6;7;8;9;10;12;13;14;15;17;22;23;24;Acumulado próximo concurso R$1.651.460,52
2320;11/09/2021;1;2;3;5;6;9;12;13;15;17;21;22;23;24;25;
2319;27/08/2021;2;3;8;12;13;14;15;16;17;19;21;22;23;24;25;
2318;26/08/2021;2;5;6;7;8;11;13;16;17;18;19;20;21;24;25;Acumulado próximo concurso R$3.292.168,37
2317;25/08/2021;1;2;3;5;6;7;9;14;15;16;17;20;21;23;25;ACUMULADO PRÓXIMO CONCURSO: R$ 1.368.839,20
2316;24/08/2021;2;3;4;5;6;9;10;13;14;15;16;17;19;24;25;
2315;23/08/2021;3;7;8;11;12;13;14;16;17;18;19;21;22;23;25;Acumulado próximo concurso R$ 1.371.986,80.
2314;21/08/2021;1;2;7;8;9;11;13;14;15;17;19;20;23;24;25;
2313;20/08/2021;4;5;6;7;8;10;11;12;14;15;18;19;20;22;25;ACUMULADO PRÓXIMO CONCURSO R$ 1.295.764,01.
2312;19/08/2021;1;2;3;6;7;10;11;12;14;15;18;20;21;22;25;
2311;18/08/2021;1;3;4;5;9;10;12;13;14;15;18;19;20;21;25;ACUMULADO PRÓXIMO CONCURSO R$ 1.184.808,73
2310;17/08/2021;1;3;5;6;7;10;11;13;16;18;20;22;23;24;25;
2309;16/08/2021;1;3;4;7;9;10;11;12;13;17;18;19;22;24;25;
2308;14/08/2021;1;2;3;4;6;10;15;17;18;19;20;22;23;24;25;
2307;13/08/2021;1;4;5;6;8;9;11;12;13;14;15;17;19;20;23;ACUMULADO PRÓXIMO CONCURSO R$ 1.519.070,28.
2306;12/08/2021;1;4;5;6;7;8;9;11;14;15;16;18;20;21;22;
2305;11/08/2021;1;5;7;8;10;11;14;16;17;18;19;22;23;24;25;ACUMULADO PARA O PRÓXIMO CONCURSO R$ 1.468.083,42
2304;10/08/2021;1;2;6;8;9;11;12;13;14;16;18;20;21;22;24;
2303;09/08/2021;1;3;5;7;8;10;11;12;15;18;19;20;21;22;24;
2302;07/08/2021;3;4;6;7;8;10;11;12;13;14;16;17;18;20;21;
2301;06/08/2021;3;5;9;10;12;13;15;16;17;18;19;20;22;24;25;
2300;05/08/2021;1;2;3;4;8;9;13;15;16;17;19;22;23;24;25;Acumulado próximo concurso R$ 4.028.301,60
2299;04/08/2021;1;3;5;7;8;9;11;12;14;15;16;20;21;23;25;
2298;03/08/2021;1;3;4;6;10;12;13;14;16;18;20;21;23;24;25;
2297;02/08/2021;2;3;7;9;11;13;14;15;17;18;20;21;22;24;25;
2296;31/07/2021;2;3;4;8;9;10;12;14;15;16;18;21;22;23;24;
2295;30/07/2021;1;2;6;9;10;11;12;13;14;16;17;20;23;24;25;
2294;29/07/2021;6;7;8;10;11;12;15;16;17;18;19;22;23;24;25;
2293;28/07/2021;1;2;4;5;8;9;11;12;13;16;18;19;20;21;22;
2292;27/07/2021;3;5;6;7;9;10;11;12;13;18;19;20;22;23;24;
2291;26/07/2021;1;5;6;7;9;12;13;14;16;17;19;20;21;24;25;
2290;24/07/2021;2;3;4;5;8;9;10;11;13;15;19;22;23;24;25;
2289;23/07/2021;1;2;5;7;8;10;12;14;15;16;17;19;20;22;25;
2288;22/07/2021;1;2;3;5;7;9;10;11;12;14;19;20;21;22;25;
2287;21/07/2021;1;3;4;6;7;9;10;11;12;14;16;17;18;19;25;Acumulado próximo concurso R$ 1.472.926,39
2286;20/07/2021;2;3;6;8;11;12;13;15;16;17;20;22;23;24;25;
2285;19/07/2021;1;2;6;7;8;10;12;13;15;16;18;20;22;23;24;
2284;17/07/2021;1;3;4;8;9;10;11;14;15;17;19;20;21;23;24;
2283;16/07/2021;1;2;5;7;9;10;11;15;17;18;19;20;22;23;25;
2282;15/07/2021;1;2;4;5;6;10;11;12;13;14;18;20;21;23;24;
2281;14/07/2021;2;3;5;6;7;9;10;11;14;15;16;17;18;20;21;
2280;13/07/2021;2;3;4;7;9;12;16;18;19;20;21;22;23;24;25;
2279;12/07/2021;1;3;5;8;10;11;13;14;15;16;17;18;21;22;25;
2278;10/07/2021;2;4;6;7;10;11;12;13;14;16;17;18;20;21;24;
2277;09/07/2021;2;3;5;10;11;12;13;14;15;17;18;21;22;23;24;ACUMULADO PRÓXIMO CONCURSO R$ 1.336.527,07.
2276;08/07/2021;1;4;5;7;10;12;13;14;15;16;17;18;19;20;21;
2275;07/07/2021;1;2;4;5;7;10;11;12;13;14;15;16;19;20;21;ACUMULADO PRÓXIMO CONCURSO R$ 1.621.196,03.
2274;06/07/2021;2;3;4;6;8;9;10;12;16;17;19;20;22;23;24;
2273;05/07/2021;1;2;4;6;7;8;9;10;11;12;13;17;21;23;25;
2272;03/07/2021;1;2;5;7;8;10;11;13;14;15;16;18;21;22;24;
2271;02/07/2021;2;3;5;6;7;8;10;11;16;17;18;19;21;23;24;
2270;01/07/2021;1;4;5;6;8;10;11;15;16;18;19;20;21;22;25;
2269;30/06/2021;2;3;4;5;7;9;10;11;13;14;17;20;21;22;25;
2268;29/06/2021;1;3;8;10;11;12;14;15;18;19;20;21;23;24;25;Acumulado próximo concurso: R$ 931.168,56
2267;28/06/2021;2;3;5;6;7;9;10;13;14;15;17;19;20;22;24;
2266;26/06/2021;1;3;5;9;10;11;12;13;15;16;19;21;23;24;25;
2265;25/06/2021;2;4;5;7;9;10;12;13;14;15;16;18;19;20;22;
2264;24/06/2021;2;3;4;5;6;8;9;10;12;14;15;16;17;18;19;
2263;23/06/2021;1;2;3;7;8;10;11;14;15;16;18;19;22;23;25;
2262;22/06/2021;2;3;4;6;7;8;9;10;11;19;20;21;22;24;25;
2261;21/06/2021;1;3;4;6;7;8;9;12;13;17;18;22;23;24;25;
2260;19/06/2021;1;2;4;6;9;10;11;12;14;16;17;20;22;23;25;
2259;18/06/2021;5;6;7;8;9;10;14;16;18;19;20;22;23;24;25;
2258;17/06/2021;3;5;6;7;8;10;11;14;15;16;17;19;20;22;24;
2257;16/06/2021;1;4;5;6;7;8;9;11;12;13;15;18;20;22;24;
2256;15/06/2021;1;3;4;5;6;8;9;10;11;12;13;16;20;23;24;
2255;14/06/2021;1;3;6;7;8;11;14;15;17;19;20;21;22;24;25;Acumulado próximo concurso: R$ 1.444.843,47.
2254;12/06/2021;2;3;5;6;7;8;10;12;13;14;19;20;21;24;25;As Loterias CAIXA informam que o sorteio do concurso nº 2255 da Lotofácil, previsto para às 20h de hoje (14/06), ainda não foi realizado devido a problemas operacionais, mas será transmitido ao vivo nos perfis da CAIXA no YouTube e Facebook. Acompanhe!
2253;11/06/2021;2;3;5;6;7;8;12;14;15;16;18;19;20;23;25;
2252;10/06/2021;1;5;6;8;9;10;12;16;17;19;20;21;22;24;25;ACUMULADO PRÓXIMO CONCURSO: R$ 1.414.388,18.
2251;09/06/2021;2;4;5;7;9;12;13;14;15;18;19;21;22;23;24;
2250;08/06/2021;4;5;6;10;12;13;14;18;19;20;21;22;23;24;25;
2249;07/06/2021;2;6;11;12;14;15;16;17;18;19;21;22;23;24;25;
2248;05/06/2021;1;2;4;6;7;8;10;11;12;13;14;16;17;23;25;
2247;04/06/2021;1;3;6;7;8;9;10;12;17;18;19;20;22;24;25;
2246;02/06/2021;2;3;4;5;7;8;10;11;12;13;14;15;18;20;25;
2245;01/06/2021;2;5;6;7;8;13;14;16;17;18;21;22;23;24;25;
2244;31/05/2021;4;5;6;8;9;10;11;13;14;15;16;17;21;23;25;
2243;29/05/2021;1;5;6;8;10;11;14;15;17;18;19;20;21;24;25;VALOR ACUMULADO PARA O PRÓXIMO CONCURSO R$ 1.090.303,47.
2242;28/05/2021;3;4;5;8;9;10;11;12;16;17;19;20;21;22;25;
2241;27/05/2021;1;3;7;8;9;10;13;15;16;18;20;21;23;24;25;VALOR ACUMULADO PARA O PRÓXIMO CONCURSO R$817.450,62
2240;26/05/2021;2;3;4;6;7;9;11;12;13;15;17;18;19;20;25;
2239;25/05/2021;1;2;5;6;7;10;13;14;15;16;17;20;22;23;24;
2238;24/05/2021;1;3;4;5;6;7;10;11;14;15;16;18;19;20;25;
2237;22/05/2021;3;5;6;9;12;13;14;15;17;19;20;21;22;23;25;
2236;21/05/2021;2;3;4;5;8;9;10;11;12;17;18;19;21;22;24;
2235;20/05/2021;2;4;6;7;8;10;11;12;16;17;19;21;22;23;25;
2234;19/05/2021;1;2;3;6;7;11;14;15;17;18;20;21;22;24;25;
2233;18/05/2021;1;2;6;7;8;9;10;12;13;14;15;16;20;21;25;ACUMULADO PARA O PRÓXIMO CONCURSO: R$ 1.524.858,02
2232;17/05/2021;2;4;5;6;8;9;12;13;14;19;20;22;23;24;25;
2231;15/05/2021;1;4;5;6;7;8;10;11;16;18;19;20;22;24;25;
2230;14/05/2021;3;4;6;8;9;10;11;13;14;15;17;18;19;20;24;
2229;13/05/2021;1;2;3;4;7;8;9;10;14;17;19;20;23;24;25;
2228;12/05/2021;1;4;5;6;7;11;12;13;16;17;18;19;20;22;23;
2227;11/05/2021;2;3;7;8;9;10;11;12;15;17;20;21;22;23;24;ACUMULADO PARA O PRÓXIMO CONCURSO: R$ 1.458.798,71
2226;10/05/2021;1;3;4;5;9;10;12;13;14;15;16;17;19;21;22;
2225;08/05/2021;2;3;4;7;8;9;10;11;13;17;19;21;22;23;25;ACUMULADO PRÓXIMO CONCURSO R$ 829.032,04.
2224;07/05/2021;3;5;6;7;9;10;12;13;14;15;18;19;20;23;24;
2223;06/05/2021;1;4;5;7;8;9;11;12;14;18;20;21;22;24;25;ACUMULADO PARA O PRÓXIMO CONCURSO: R$ 1.381.434,16
2222;05/05/2021;2;4;5;6;7;8;9;10;12;13;14;19;22;23;24;
2221;04/05/2021;1;2;3;4;5;8;9;10;12;13;16;18;20;22;23;
2220;03/05/2021;1;5;6;7;8;9;10;12;13;16;18;20;23;24;25;
2219;30/04/2021;2;5;6;7;8;10;13;15;16;17;19;20;22;24;25;
2218;29/04/2021;3;4;5;6;11;12;13;15;16;17;18;20;21;23;24;Acumulado próximo concurso R$ 1.231.520,50.
2217;28/04/2021;1;6;7;9;10;11;14;15;16;18;19;20;22;23;25;
2216;27/04/2021;1;2;3;4;6;9;10;13;14;15;17;19;21;22;25;
2215;26/04/2021;2;3;4;6;7;9;11;13;15;17;18;19;23;24;25;
2214;24/04/2021;3;6;7;9;11;12;13;14;16;17;19;21;22;23;25;ACUMULADO PARA O PRÓXIMO CONCURSO: R$ 3.378.034,91
2213;23/04/2021;3;4;5;6;7;8;10;16;17;18;19;20;22;24;25;ACUMULADO PARA O PRÓXIMO CONCURSO: R$ 1.836.122,82
2212;22/04/2021;1;4;5;6;7;8;10;11;12;13;17;18;20;21;22;
2211;20/04/2021;4;5;8;9;10;11;12;13;17;18;19;20;21;22;23;
2210;19/04/2021;1;3;4;8;9;10;13;14;15;16;17;19;22;23;25;
2209;17/04/2021;1;4;5;6;7;9;11;12;14;15;16;17;21;22;23;
2208;16/04/2021;4;5;9;10;11;12;14;15;16;18;19;21;22;23;24;
2207;15/04/2021;3;5;6;7;8;9;10;11;12;13;14;17;20;22;25;
2206;14/04/2021;1;2;3;4;6;8;12;13;15;16;17;20;21;23;25;
2205;13/04/2021;1;2;5;6;7;9;10;12;14;17;18;19;22;24;25;
2204;12/04/2021;1;2;3;4;5;6;9;11;12;13;16;18;20;23;24;
2203;10/04/2021;2;3;5;7;10;12;13;14;18;20;21;22;23;24;25;
2202;09/04/2021;1;5;9;10;13;14;15;16;17;18;20;21;22;24;25;
2201;08/04/2021;1;3;5;6;7;8;9;10;13;14;16;18;19;21;24;ACUMULADO PARA O PRÓXIMO CONCURSO: R$ 1.302.858,60
2200;07/04/2021;1;2;4;6;8;9;10;11;13;14;16;17;19;23;25;
2199;06/04/2021;1;2;5;6;7;9;12;14;15;17;18;19;20;23;24;
2198;05/04/2021;1;4;5;7;9;11;12;13;15;17;18;20;21;22;23;
2197;03/04/2021;1;2;3;4;7;8;10;11;13;14;15;16;17;18;21;ACUMULADO PARA O PRÓXIMO CONCURSO: R$ 1.112.323,29
2196;01/04/2021;4;5;6;8;10;11;13;15;17;18;20;21;23;24;25;
2195;31/03/2021;2;3;5;7;8;9;11;12;13;16;17;18;20;22;23;
2194;30/03/2021;3;4;5;6;7;8;9;11;13;15;17;19;20;22;25;
2193;29/03/2021;2;4;5;6;7;9;10;11;13;14;19;20;22;23;24;
2192;27/03/2021;2;3;4;5;6;7;11;12;14;17;19;21;22;23;25;ACUMULADO PARA O PRÓXIMO CONCURSO: R$ 2.450.474,18.
2191;26/03/2021;3;4;5;6;10;11;13;14;15;17;18;19;20;21;23;Acumulado para o próximo concurso R$1.088.905,05
2190;25/03/2021;1;2;3;4;5;8;9;11;12;13;14;16;17;23;24;
2189;24/03/2021;1;3;4;5;6;8;10;11;13;14;17;18;19;22;24;
2188;23/03/2021;1;3;6;8;10;11;14;15;16;17;19;20;23;24;25;
2187;22/03/2021;3;4;6;7;8;9;10;11;13;15;16;17;21;22;24;
2186;20/03/2021;4;6;7;9;12;13;15;16;17;18;19;22;23;24;25;Acumulado próximo concurso R$ 1.081.012,77
2185;19/03/2021;1;3;5;8;9;12;13;14;16;17;18;19;20;21;25;
2184;18/03/2021;5;7;9;10;11;12;14;15;17;19;20;21;22;24;25;
2183;17/03/2021;1;2;4;6;9;11;14;15;16;18;19;20;21;22;25;
2182;16/03/2021;2;3;8;9;10;12;13;14;16;17;19;20;22;23;25;
2181;15/03/2021;1;2;3;5;6;9;11;13;14;15;17;18;22;23;25;
2180;13/03/2021;1;3;6;7;8;9;10;11;13;14;16;18;20;21;24;
2179;12/03/2021;3;6;7;8;9;10;13;14;15;16;18;19;20;21;25;
2178;11/03/2021;2;5;8;9;11;13;14;15;17;18;19;20;22;23;24;
2177;10/03/2021;1;3;4;7;8;10;12;14;15;16;17;19;20;22;24;
2176;09/03/2021;1;2;4;5;7;8;9;11;12;13;16;18;20;21;22;
2175;08/03/2021;1;3;5;7;10;11;12;13;14;15;16;17;19;22;23;
2174;06/03/2021;1;2;3;5;6;7;8;11;13;14;15;16;21;24;25;
2173;05/03/2021;1;2;3;9;11;12;13;15;16;18;19;20;21;22;25;Acumulado próximo concurso R$ 1.653.943,67
2172;04/03/2021;6;8;9;10;11;13;14;15;16;17;19;20;22;23;25;
2171;03/03/2021;1;4;9;10;11;13;15;17;18;19;21;22;23;24;25;
2170;02/03/2021;1;6;7;9;10;11;13;17;18;19;21;22;23;24;25;ACUMULADO PRÓXIMO CONCURSO: R$ 3.994.404,30
2169;01/03/2021;1;2;4;5;8;10;11;12;13;16;20;22;23;24;25;
2168;27/02/2021;1;3;4;6;8;10;11;12;13;14;16;17;21;23;25;
2167;26/02/2021;2;3;4;6;7;9;11;12;14;16;17;18;19;20;23;
2166;25/02/2021;2;3;4;6;9;10;11;12;13;14;15;18;20;21;24;
2165;24/02/2021;1;3;5;6;8;13;14;15;16;17;18;20;21;22;23;
2164;23/02/2021;2;3;8;10;11;13;14;15;16;17;19;20;21;24;25;
2163;22/02/2021;1;2;4;6;10;11;12;13;16;18;19;20;21;23;25;
2162;20/02/2021;1;2;3;5;6;8;10;12;14;15;16;17;19;21;22;
2161;19/02/2021;1;2;3;5;6;7;9;13;14;15;18;19;22;24;25;
2160;18/02/2021;2;4;5;6;8;11;12;14;15;16;18;19;21;24;25;
2159;17/02/2021;1;2;4;5;7;12;13;14;16;18;20;21;22;24;25;ACUMULADO PRÓXIMO CONCURSO: R$ 4.142.012,19
2158;13/02/2021;3;5;7;8;9;12;14;17;18;19;20;21;23;24;25;
2157;12/02/2021;2;4;5;6;12;13;14;16;17;18;19;21;22;24;25;
2156;11/02/2021;4;5;6;7;8;10;12;13;14;17;18;19;20;21;23;
2155;10/02/2021;1;2;3;4;6;9;13;14;15;17;18;19;20;21;22;
2154;09/02/2021;3;4;5;7;8;10;11;12;16;18;19;20;21;23;24;
2153;08/02/2021;1;2;4;7;8;9;10;11;13;14;15;17;18;20;21;
2152;06/02/2021;2;3;4;6;10;11;12;13;15;16;17;18;20;23;25;
2151;05/02/2021;1;3;6;7;8;9;11;12;13;14;15;18;21;22;24;
2150;04/02/2021;1;2;3;5;7;8;9;11;12;14;15;16;21;23;25;
2149;03/02/2021;1;2;4;8;9;10;12;13;14;15;16;17;18;20;23;
2148;02/02/2021;1;3;4;7;8;11;14;15;16;18;20;22;23;24;25;ACUMULADO PARA O PRÓXIMO CONCURSO R$ 1.308.865,50
2147;01/02/2021;1;3;5;6;7;8;9;12;14;15;16;19;20;22;25;
2146;30/01/2021;1;2;4;6;8;9;11;13;16;17;18;19;20;21;22;
2145;29/01/2021;2;5;6;7;8;10;12;13;14;15;17;20;23;24;25;
2144;28/01/2021;1;2;5;6;8;9;11;12;13;14;15;17;19;20;25;
2143;27/01/2021;1;2;3;6;9;10;11;14;17;18;19;20;21;23;25;ACUMULADO PARA O PRÓXIMO CONCURSO R$ 1.252.976,26.
2142;26/01/2021;2;4;6;7;9;11;12;14;16;17;20;22;23;24;25;
2141;25/01/2021;1;2;3;4;5;7;8;9;10;14;18;22;23;24;25;
2140;23/01/2021;1;3;5;6;7;8;9;11;15;17;20;21;22;23;24;ACUMULADO PRÓXIMO CONCURSO: R$ 4.219.649,01.
2139;22/01/2021;1;2;3;7;8;12;13;14;16;17;18;19;22;23;25;
2138;21/01/2021;2;3;5;6;7;8;9;12;13;16;18;19;21;22;24;
2137;20/01/2021;2;6;7;9;11;12;13;14;16;17;18;19;20;21;23;
2136;19/01/2021;2;3;4;6;7;9;10;13;14;16;18;19;20;24;25;ACUMULADO PARA O PRÓXIMO CONCURSO R$ 1.233.462,65
2135;18/01/2021;1;2;3;4;5;6;8;13;15;16;18;19;21;23;25;
2134;16/01/2021;1;3;4;6;8;10;12;14;17;18;19;20;21;22;25;
2133;15/01/2021;2;4;6;7;8;9;10;11;14;15;17;18;19;21;23;VALOR ACUMULADO PARA O PRÓXIMO CONCURSO: R$ 1.664.143,67
2132;14/01/2021;1;3;6;9;10;11;12;15;17;19;20;21;22;23;24;
2131;13/01/2021;1;2;3;7;8;9;10;11;13;14;16;17;19;23;25;VALOR ACUMULADO PARA O PRÓXIMO CONCURSO: R$ 1.302.771,44
2130;12/01/2021;3;4;6;7;9;10;11;12;13;14;15;16;18;20;23;
2129;11/01/2021;1;3;4;6;7;8;10;11;14;15;19;20;21;22;24;
2128;09/01/2021;2;3;4;6;7;9;10;11;14;16;17;18;22;23;25;
2127;08/01/2021;2;3;4;5;6;10;11;13;14;15;16;18;20;23;24;
2126;07/01/2021;1;3;4;5;7;8;9;10;12;15;17;21;22;24;25;
2125;06/01/2021;1;8;10;11;12;13;15;16;17;19;20;21;23;24;25;
2124;05/01/2021;1;3;5;6;7;8;9;10;11;13;16;22;23;24;25;
2123;04/01/2021;1;5;6;8;9;10;14;17;18;19;20;21;23;24;25;ACUMULADO PARA O PRÓXIMO CONCURSO: R$ 1.524.426,73
2122;02/01/2021;1;3;4;5;9;10;11;14;15;18;20;21;22;23;25;
2121;31/12/2020;1;2;4;5;7;8;9;14;17;18;19;20;22;23;25;ACUMULADO PRÓXIMO CONCURSO: R$ 957.254,20
2120;30/12/2020;2;4;5;8;9;12;13;14;17;18;20;21;22;23;25;
2119;29/12/2020;1;5;6;7;8;10;12;13;14;18;20;21;22;23;24;
2118;28/12/2020;3;6;8;9;10;11;12;14;16;17;18;19;20;22;25;
2117;26/12/2020;1;2;4;5;7;9;14;15;16;17;19;20;21;22;24;
2116;24/12/2020;2;3;4;6;7;8;9;10;12;13;14;18;21;24;25;
2115;23/12/2020;3;5;7;9;10;12;13;16;17;18;20;21;22;24;25;
2114;22/12/2020;2;5;7;8;9;10;11;15;16;17;18;19;20;21;24;ACUMULADO PRÓXIMO CONCURSO: R$ 1.382.030,55
2113;21/12/2020;1;2;4;7;8;9;10;11;13;16;17;20;22;24;25;
2112;19/12/2020;2;3;4;7;8;9;10;11;12;15;16;18;22;24;25;ACUMULADO PRÓXIMO CONCURSO: R$ 1.038.929,57
2111;18/12/2020;1;3;4;5;9;11;12;13;14;16;19;20;21;23;24;
2110;17/12/2020;2;6;8;10;11;13;14;15;16;17;18;21;22;24;25;ACUMULADO PARA O PRÓXIMO CONCURSO R$ 4.065.861,97
2109;16/12/2020;2;4;5;8;9;10;11;12;13;14;16;17;21;22;23;
2108;15/12/2020;1;3;4;5;6;7;9;13;16;17;18;19;21;24;25;ACUMULADO PARA O PRÓXIMO CONCURSO: R$ 1.323.023,98.
2107;14/12/2020;1;2;3;5;7;8;9;12;13;16;18;20;22;24;25;
2106;12/12/2020;2;4;6;7;8;9;11;12;13;14;15;16;17;21;24;
2105;11/12/2020;3;7;8;9;10;13;14;16;17;18;19;20;21;22;25;
2104;10/12/2020;2;4;5;6;8;9;10;11;12;14;17;18;20;21;23;
2103;09/12/2020;1;2;5;7;10;11;12;13;15;16;18;19;20;21;25;
2102;08/12/2020;2;3;4;5;8;9;10;11;12;13;15;16;20;22;25;
2101;07/12/2020;1;2;3;8;10;11;14;17;18;19;20;21;23;24;25;ACUMULADO PARA O PRÓXIMO CONCURSO R$ 1.288.496,19
2100;05/12/2020;1;3;5;6;7;10;11;14;17;18;19;20;21;23;25;
2099;04/12/2020;1;2;5;7;8;9;11;12;14;15;17;18;20;24;25;
2098;03/12/2020;4;7;8;9;10;12;13;15;16;17;18;19;20;22;25;ACUMULADO PARA O PRÓXIMO CONCURSO: R$ 1.236.609,27.
2097;02/12/2020;2;3;6;7;8;10;12;14;15;16;18;19;21;23;24;
2096;01/12/2020;2;3;7;8;9;10;11;13;14;15;18;19;20;21;25;Acumulado próximo concurso R$ 1.229.072,51
2095;30/11/2020;1;2;4;6;8;11;12;14;15;17;18;19;20;22;23;
2094;28/11/2020;2;4;5;6;8;9;10;11;12;14;18;19;23;24;25;
2093;27/11/2020;1;2;3;4;6;8;9;12;14;15;19;20;21;24;25;
2092;26/11/2020;1;2;3;5;7;9;11;13;15;17;18;19;20;22;25;
2091;25/11/2020;2;3;4;5;6;7;8;9;10;11;16;17;19;20;24;ACUMULADO PARA O PRÓXIMO CONCURSO R$ 1.619.322,42.
2090;24/11/2020;1;6;8;9;10;12;14;15;16;18;19;20;22;24;25;
2089;23/11/2020;1;2;5;6;8;9;10;11;12;13;16;19;20;23;25;
2088;21/11/2020;1;2;4;5;6;7;9;11;13;14;15;21;22;23;24;
2087;20/11/2020;3;6;8;10;13;14;15;16;17;18;19;20;23;24;25;
2086;19/11/2020;4;5;6;10;11;12;14;15;17;20;21;22;23;24;25;ACUMULADO PARA O PRÓXIMO CONCURSO: R$ 3.041.194,28
2085;18/11/2020;1;4;6;9;10;12;13;14;15;16;18;20;23;24;25;ACUMULADO PARA O PRÓXIMO CONCURSO: R$ 1.331.958,13.
2084;17/11/2020;1;3;4;5;6;8;9;10;11;14;15;16;19;22;24;
2083;16/11/2020;4;5;7;9;10;11;12;14;16;19;20;21;22;23;24;
2082;14/11/2020;1;4;5;6;7;8;9;10;13;15;16;17;19;20;25;ACUMULADO PARA O PRÓXIMO CONCURSO: R$ 1.171.889,86.
2081;13/11/2020;2;4;5;6;7;9;10;11;15;16;17;18;19;20;21;
2080;12/11/2020;1;2;3;5;12;13;14;15;16;17;18;21;22;23;25;
2079;11/11/2020;1;2;3;6;9;12;14;15;17;18;19;22;23;24;25;
2078;10/11/2020;1;2;3;4;6;12;13;15;17;18;19;21;22;24;25;ACUMULADO PARA O PRÓXIMO CONCURSO: R$ 1.301.428,31.
2077;09/11/2020;3;4;5;7;8;10;11;12;13;14;15;16;21;24;25;
2076;07/11/2020;1;3;5;6;9;10;11;12;13;14;15;18;22;24;25;
2075;06/11/2020;2;3;5;7;8;9;11;12;13;14;17;19;23;24;25;
2074;05/11/2020;2;3;4;5;6;9;14;15;18;19;20;21;22;24;25;
2073;04/11/2020;4;5;6;7;11;12;13;15;16;18;19;20;23;24;25;
2072;03/11/2020;1;3;4;9;10;11;12;13;14;15;17;18;21;22;24;ACUMULADO PARA O PRÓXIMO CONCURSO: R$ 1.483.593,96.
2071;31/10/2020;1;2;4;6;9;10;11;12;13;15;16;17;20;21;25;
2070;30/10/2020;2;4;6;8;9;12;13;14;15;16;17;19;20;24;25;
2069;29/10/2020;1;2;3;4;5;6;7;9;13;17;21;22;23;24;25;
2068;28/10/2020;1;2;3;7;10;14;15;16;18;19;20;21;23;24;25;ACUMULADO PARA O PRÓXIMO CONCURSO: R$ 1.360.911,70
2067;27/10/2020;1;7;8;9;12;13;14;16;17;19;20;21;23;24;25;
2066;26/10/2020;2;4;6;8;9;10;12;14;15;16;17;18;19;24;25;ACUMULADO PARA O PRÓXIMO CONCURSO: R$ 1.406.387,64.
2065;24/10/2020;4;5;6;7;8;9;10;11;12;13;14;17;19;21;22;
2064;23/10/2020;6;7;9;10;11;12;13;17;18;19;20;21;22;24;25;
2063;22/10/2020;1;2;5;6;7;10;11;13;16;18;19;20;22;24;25;
2062;21/10/2020;3;4;6;7;8;9;10;12;14;15;19;20;22;23;24;
2061;20/10/2020;1;2;5;8;10;11;12;15;16;17;18;19;20;21;23;
2060;19/10/2020;3;5;9;13;14;16;17;18;19;20;21;22;23;24;25;
2059;17/10/2020;1;4;5;10;12;14;15;16;17;18;19;20;21;23;25;
2058;16/10/2020;1;5;7;8;10;12;13;14;15;17;20;21;22;23;24;
2057;15/10/2020;2;5;6;8;9;10;11;12;13;14;15;16;18;20;25;
2056;14/10/2020;1;3;4;5;6;9;10;13;15;16;17;18;19;20;21;ACUMULADO PARA O PRÓXIMO CONCURSO: R$ 1.478.918,09.
2055;13/10/2020;1;2;3;4;5;7;11;14;15;16;18;19;21;23;25;
2054;10/10/2020;1;2;3;5;7;8;10;11;12;14;17;19;21;22;23;
2053;09/10/2020;3;4;9;11;12;13;15;16;17;18;20;21;22;23;24;
2052;08/10/2020;1;3;4;6;8;10;12;13;14;16;17;18;20;24;25;
2051;07/10/2020;1;2;3;4;7;9;10;12;16;18;19;20;22;23;25;
2050;06/10/2020;1;2;3;4;5;6;7;9;13;15;17;18;19;21;22;
2049;05/10/2020;3;4;8;9;10;11;13;14;16;17;20;21;22;24;25;
2048;03/10/2020;1;3;4;6;7;8;9;12;13;16;19;20;21;22;25;
2047;02/10/2020;2;3;4;5;7;8;10;11;12;15;16;18;20;21;23;
2046;01/10/2020;1;3;4;7;10;11;14;15;17;20;21;22;23;24;25;
2045;30/09/2020;1;3;5;9;12;13;15;16;17;18;19;20;21;24;25;
2044;29/09/2020;3;5;6;10;11;13;16;17;18;19;20;21;22;24;25;
2043;28/09/2020;3;5;7;9;12;13;14;15;17;18;19;21;22;23;25;
2042;26/09/2020;2;3;4;8;9;10;12;14;15;17;18;21;22;24;25;
2041;25/09/2020;1;2;4;7;9;11;13;14;16;17;19;22;23;24;25;
2040;24/09/2020;2;3;8;10;11;12;13;14;15;16;20;21;22;23;24;
2039;23/09/2020;1;2;3;4;5;6;10;11;14;15;19;21;23;24;25;
2038;22/09/2020;1;3;5;7;10;11;12;14;15;17;18;19;20;24;25;
2037;21/09/2020;1;2;4;7;8;9;10;11;14;16;18;20;21;22;23;
2036;19/09/2020;4;5;6;7;8;11;12;13;17;18;19;21;22;23;25;
2035;18/09/2020;3;8;10;11;12;13;14;16;18;19;20;22;23;24;25;
2034;17/09/2020;1;3;4;5;7;8;9;11;13;14;16;18;19;22;24;
2033;16/09/2020;1;2;5;6;10;11;12;13;14;16;17;19;20;21;22;
2032;15/09/2020;2;4;5;7;8;9;12;13;15;17;18;19;21;22;25;
2031;14/09/2020;1;2;3;7;8;9;10;12;13;15;18;20;23;24;25;
2030;12/09/2020;2;3;4;5;6;9;10;12;14;15;17;19;22;23;25;
2029;04/09/2020;3;4;7;8;10;11;12;13;16;17;19;22;23;24;25;
2028;03/09/2020;1;2;3;4;5;6;8;9;15;16;18;19;20;23;25;
2027;02/09/2020;1;2;3;6;7;9;12;13;16;17;20;21;23;24;25;
2026;01/09/2020;1;3;4;5;6;11;13;14;16;19;20;21;22;23;24;
2025;31/08/2020;2;3;4;6;8;9;10;12;14;15;16;18;19;20;22;
2024;29/08/2020;1;2;3;4;5;6;8;9;11;14;17;18;21;23;24;
2023;28/08/2020;1;2;4;8;10;11;12;14;15;16;17;19;20;21;25;
2022;27/08/2020;1;3;6;8;9;10;11;12;13;14;17;18;21;22;25;
2021;26/08/2020;1;2;3;4;6;7;8;10;12;15;18;19;22;23;24;
2020;25/08/2020;2;3;4;5;7;8;9;12;15;16;17;19;20;21;25;
2019;24/08/2020;1;3;5;6;8;9;10;11;14;17;18;20;23;24;25;
2018;22/08/2020;1;2;3;4;5;8;11;12;13;14;17;18;20;21;22;
2017;21/08/2020;1;2;3;4;5;8;13;15;16;19;20;21;22;24;25;
2016;20/08/2020;2;3;9;10;11;13;14;15;17;18;19;22;23;24;25;
2015;19/08/2020;2;3;4;5;6;8;9;11;13;15;17;18;20;23;25;
2014;18/08/2020;3;4;6;7;8;9;10;15;16;17;18;19;22;23;25;
2013;17/08/2020;1;2;4;7;8;10;11;14;16;19;20;21;23;24;25;
2012;15/08/2020;1;3;4;6;9;10;12;15;16;17;18;20;22;24;25;
2011;14/08/2020;1;5;7;10;11;13;16;18;19;20;21;22;23;24;25;
2010;13/08/2020;2;3;4;5;6;10;11;12;16;19;20;21;22;24;25;
2009;12/08/2020;1;2;3;4;5;7;12;13;15;16;17;19;20;22;24;
2008;11/08/2020;2;3;5;6;8;10;11;12;13;14;15;17;21;23;25;
2007;10/08/2020;1;3;5;6;10;11;15;16;17;18;19;20;21;22;24;
2006;08/08/2020;1;2;4;5;7;8;10;13;17;19;20;21;23;24;25;
2005;07/08/2020;3;6;8;9;11;12;13;15;17;18;19;21;22;24;25;
2004;06/08/2020;1;3;4;8;10;11;12;13;14;15;18;19;21;22;25;
2003;05/08/2020;1;5;6;7;8;9;10;11;12;15;17;20;22;24;25;
2002;04/08/2020;2;3;5;8;10;12;13;14;16;17;18;19;20;24;25;
2001;03/08/2020;1;2;3;6;7;9;10;11;16;17;19;20;21;22;25;
2000;31/07/2020;2;3;4;7;11;12;14;16;17;18;19;20;22;23;24;
1999;29/07/2020;3;4;6;7;8;9;13;15;17;19;20;22;23;24;25;
1998;27/07/2020;1;3;4;5;6;10;11;12;13;14;17;19;20;22;24;
1997;24/07/2020;2;4;6;7;8;9;12;13;14;15;16;18;20;21;22;
1996;22/07/2020;2;4;5;7;8;9;10;11;12;13;18;19;20;22;25;
1995;20/07/2020;1;3;5;7;9;10;11;12;13;14;18;19;20;23;25;
1994;17/07/2020;3;4;5;6;7;8;9;11;12;17;19;20;22;24;25;
1993;15/07/2020;1;3;4;5;6;8;9;10;13;15;16;20;21;22;23;
1992;13/07/2020;3;4;5;6;7;8;9;11;12;14;19;20;21;22;23;
1991;10/07/2020;1;2;5;6;7;8;10;14;15;16;17;18;20;22;24;
1990;08/07/2020;4;6;7;8;9;11;13;14;16;17;19;20;23;24;25;
1989;06/07/2020;1;2;4;6;7;9;10;11;12;16;17;19;23;24;25;
1988;03/07/2020;2;5;6;7;9;11;12;14;15;17;19;21;22;23;24;
1987;01/07/2020;2;3;4;5;6;10;11;12;13;15;16;17;19;21;22;
1986;29/06/2020;1;4;5;7;8;10;11;12;13;15;17;18;21;23;24;
1985;26/06/2020;1;2;3;6;7;9;11;12;14;15;17;21;22;23;24;
1984;24/06/2020;2;4;5;10;11;12;13;14;16;19;20;21;23;24;25;
1983;22/06/2020;1;2;5;6;7;8;9;10;11;12;16;19;20;23;24;
1982;19/06/2020;1;2;3;4;5;7;14;15;16;17;18;19;20;22;25;
1981;17/06/2020;1;2;3;4;5;6;7;12;13;15;17;20;23;24;25;
1980;15/06/2020;3;4;5;7;9;10;13;16;17;18;19;21;22;23;24;
1979;12/06/2020;4;5;6;9;10;11;12;13;14;15;16;18;21;22;25;
1978;10/06/2020;1;4;5;6;7;8;9;10;12;13;15;16;20;23;24;
1977;08/06/2020;1;3;4;5;7;10;12;13;15;16;17;18;19;22;23;
1976;05/06/2020;1;3;7;9;10;11;13;14;15;17;18;19;20;22;24;
1975;03/06/2020;2;5;7;8;9;10;11;12;13;16;17;20;22;23;25;
1974;01/06/2020;1;2;4;5;6;9;10;11;12;16;20;21;23;24;25;
1973;29/05/2020;2;3;6;7;8;9;10;13;14;16;17;18;19;23;25;
1972;28/05/2020;3;7;8;11;12;13;14;15;16;18;20;21;22;23;25;
1971;25/05/2020;3;6;8;9;10;13;14;15;16;17;18;19;21;23;25;
1970;22/05/2020;3;6;8;9;10;11;12;13;14;16;17;20;21;24;25;
1969;20/05/2020;4;5;6;7;9;13;14;15;16;18;19;20;22;23;24;
1968;18/05/2020;1;2;3;4;5;7;9;13;14;16;18;20;22;23;25;
1967;15/05/2020;1;2;3;5;7;8;10;11;12;13;14;15;17;23;24;
1966;13/05/2020;1;3;4;5;6;7;9;12;13;14;15;16;18;19;24;
1965;11/05/2020;1;2;4;5;6;10;12;16;19;20;21;22;23;24;25;
1964;08/05/2020;1;2;3;5;8;9;10;12;13;14;15;16;17;19;23;
1963;06/05/2020;3;4;5;8;9;10;11;12;13;14;15;18;20;24;25;
1962;04/05/2020;1;2;3;4;6;9;12;13;14;15;16;19;20;21;22;
1961;02/05/2020;2;4;5;7;12;13;14;15;18;19;20;21;22;23;24;
1960;29/04/2020;2;3;7;9;10;12;13;15;17;18;20;21;23;24;25;
1959;27/04/2020;1;2;3;6;7;9;10;12;13;16;17;18;20;24;25;
1958;24/04/2020;2;3;5;6;7;8;11;15;17;18;20;21;22;23;25;
1957;22/04/2020;1;2;3;4;5;7;11;14;15;16;17;19;20;23;25;
1956;20/04/2020;3;4;6;7;8;9;10;14;15;16;19;20;21;22;23;
1955;17/04/2020;1;2;4;5;9;12;14;15;16;19;20;22;23;24;25;
1954;15/04/2020;2;3;4;6;7;8;10;13;16;18;21;22;23;24;25;
1953;13/04/2020;1;3;4;5;6;9;10;15;16;18;19;20;21;22;23;
1952;11/04/2020;3;5;7;9;10;11;13;14;16;17;18;20;21;22;24;
1951;08/04/2020;3;4;6;9;10;11;12;13;16;18;19;20;22;23;25;
1950;06/04/2020;2;3;4;6;8;9;10;11;12;16;18;20;21;23;25;
1949;03/04/2020;2;3;5;6;8;10;11;14;15;16;19;20;22;23;25;
1948;01/04/2020;1;3;7;9;11;12;13;14;16;17;19;20;21;22;24;
1947;30/03/2020;2;5;6;9;11;13;14;15;16;18;19;22;23;24;25;
1946;27/03/2020;1;2;3;4;6;7;10;11;13;14;15;20;21;22;23;
1945;25/03/2020;3;4;5;8;9;10;12;15;17;19;20;22;23;24;25;
1944;23/03/2020;1;2;4;5;7;8;9;10;11;13;16;18;22;23;24;
1943;20/03/2020;2;3;6;9;10;13;14;15;16;17;18;19;20;22;23;
1942;18/03/2020;1;2;3;4;7;8;10;11;12;13;15;18;20;24;25;
1941;16/03/2020;1;3;4;5;8;10;12;13;14;16;17;20;22;24;25;
1940;13/03/2020;1;5;8;10;11;12;13;15;17;18;21;22;23;24;25;
1939;11/03/2020;2;3;4;6;7;9;10;11;12;13;19;20;22;23;24;
1938;09/03/2020;3;4;6;7;8;10;11;12;16;18;19;20;21;22;25;
1937;06/03/2020;3;4;5;6;9;10;11;12;15;17;19;21;22;23;24;
1936;04/03/2020;2;3;4;5;6;8;11;13;14;15;17;19;20;21;25;
1935;02/03/2020;1;3;5;6;7;8;10;12;15;16;17;18;22;23;24;
1934;28/02/2020;1;2;3;4;5;7;8;9;10;11;12;20;23;24;25;
1933;26/02/2020;1;7;9;10;11;12;13;16;19;20;21;22;23;24;25;
1932;21/02/2020;2;4;6;8;9;10;11;12;14;16;17;19;20;22;24;
1931;19/02/2020;3;4;5;6;7;9;10;11;12;14;16;18;19;22;23;
1930;17/02/2020;1;2;4;5;7;8;10;13;14;16;17;21;22;23;24;
1929;14/02/2020;1;2;3;4;7;8;9;10;11;13;15;19;20;22;25;
1928;12/02/2020;1;2;3;5;6;7;8;9;10;15;16;19;23;24;25;
1927;10/02/2020;1;2;4;5;8;10;11;13;15;17;18;21;22;23;24;
1926;07/02/2020;1;4;5;6;9;10;13;14;15;16;17;18;21;23;24;
1925;05/02/2020;1;2;3;4;5;6;7;9;13;14;16;18;20;21;23;
1924;03/02/2020;2;3;8;9;10;11;12;13;14;17;18;22;23;24;25;
1923;31/01/2020;1;4;5;7;10;11;12;14;17;19;20;22;23;24;25;
1922;29/01/2020;2;3;4;5;6;7;8;10;12;16;17;18;19;23;25;
1921;27/01/2020;2;3;4;5;6;7;8;9;10;13;15;16;18;21;24;
1920;24/01/2020;2;4;6;9;10;11;12;13;14;17;18;20;21;22;25;
1919;22/01/2020;1;2;3;5;6;9;10;11;15;19;20;21;22;23;24;
1918;20/01/2020;2;4;5;6;7;9;10;11;12;17;18;19;20;22;24;
1917;17/01/2020;1;2;3;4;10;13;14;15;17;19;20;21;23;24;25;
1916;15/01/2020;4;5;6;7;8;10;11;13;15;18;19;20;23;24;25;
1915;13/01/2020;2;4;8;10;11;12;13;15;16;17;19;20;21;22;25;
1914;10/01/2020;2;4;5;8;10;12;13;14;15;17;18;19;20;21;25;
1913;08/01/2020;2;5;6;7;8;9;10;11;12;14;16;19;20;24;25;
1912;06/01/2020;2;5;6;7;8;9;10;14;16;18;20;21;22;23;24;
1911;03/01/2020;1;2;4;5;8;11;12;13;14;15;19;21;22;24;25;
1910;30/12/2019;2;3;4;7;9;10;12;13;14;15;16;18;22;23;25;
1909;28/12/2019;2;3;4;5;6;8;9;10;11;12;14;17;18;22;25;
1908;26/12/2019;2;4;6;7;8;12;13;14;16;17;20;22;23;24;25;
1907;23/12/2019;1;3;4;5;9;10;13;15;16;17;19;21;23;24;25;
1906;20/12/2019;1;2;3;4;6;7;10;11;14;16;17;18;23;24;25;
1905;18/12/2019;1;3;6;8;9;11;12;15;16;17;18;19;21;23;24;
1904;16/12/2019;1;6;7;8;10;11;12;13;14;15;17;18;20;23;25;
1903;13/12/2019;4;6;7;8;9;10;12;14;15;16;19;20;21;23;24;
1902;11/12/2019;1;2;4;5;6;8;9;11;12;15;16;17;22;23;25;
1901;09/12/2019;2;3;4;5;9;10;12;13;14;15;16;17;18;19;20;
1900;06/12/2019;1;5;6;7;8;10;11;12;13;16;17;18;19;22;25;
1899;04/12/2019;1;3;5;6;9;10;11;14;15;16;17;18;19;20;23;
1898;02/12/2019;5;6;8;9;10;12;13;14;16;18;19;20;21;22;23;
1897;29/11/2019;1;3;4;5;7;8;12;13;14;15;16;17;20;21;24;
1896;27/11/2019;1;2;3;6;8;9;12;15;16;17;18;20;21;22;24;
1895;25/11/2019;1;2;3;4;6;8;9;10;13;14;19;22;23;24;25;
1894;22/11/2019;2;4;5;8;9;11;12;15;16;17;18;19;21;22;25;
1893;21/11/2019;2;3;4;5;7;9;10;14;15;16;19;20;21;22;25;
1892;18/11/2019;1;3;5;6;7;8;9;10;11;19;20;21;23;24;25;
1891;16/11/2019;3;4;6;7;11;14;15;16;19;20;21;22;23;24;25;
1890;13/11/2019;1;2;4;5;7;8;9;10;11;13;15;16;17;21;23;
1889;11/11/2019;1;2;4;6;7;11;13;14;15;19;20;22;23;24;25;
1888;09/11/2019;2;4;6;7;8;11;12;14;17;18;20;22;23;24;25;
1887;06/11/2019;1;3;4;6;7;8;9;10;11;12;14;16;17;18;22;
1886;04/11/2019;1;2;3;6;9;11;12;14;15;16;19;20;21;22;25;
1885;01/11/2019;1;3;5;8;9;10;11;12;14;17;18;21;22;23;25;
1884;30/10/2019;1;2;3;5;6;7;8;9;11;12;14;16;17;23;25;
1883;28/10/2019;1;2;3;4;5;8;11;13;15;16;17;18;21;22;23;
1882;25/10/2019;1;3;4;5;8;9;11;12;13;14;15;16;22;23;24;
1881;23/10/2019;1;3;4;5;10;14;15;16;17;18;19;21;23;24;25;
1880;21/10/2019;1;4;5;6;7;9;11;13;15;18;19;20;22;23;24;
1879;18/10/2019;2;4;5;6;8;10;11;13;15;16;19;20;21;24;25;
1878;16/10/2019;1;2;3;4;5;6;8;10;12;15;17;19;23;24;25;
1877;14/10/2019;2;4;8;9;11;12;13;14;15;18;19;21;23;24;25;
1876;11/10/2019;1;2;3;4;7;8;11;13;16;18;19;20;22;23;24;
1875;09/10/2019;1;3;4;5;7;8;13;14;16;18;19;21;22;23;24;
1874;07/10/2019;1;5;6;8;9;10;13;14;17;19;20;21;22;24;25;
1873;04/10/2019;1;4;5;7;8;9;10;11;12;14;15;17;19;21;23;
1872;02/10/2019;1;2;6;8;9;13;14;15;17;19;20;21;22;23;25;
1871;30/09/2019;1;2;4;5;6;7;8;11;13;14;18;20;22;23;24;
1870;27/09/2019;1;2;3;4;6;7;10;15;16;18;20;21;22;24;25;
1869;25/09/2019;1;2;4;10;11;13;14;15;17;18;21;22;23;24;25;
1868;23/09/2019;1;2;4;5;6;8;10;11;13;14;16;17;19;21;24;
1867;20/09/2019;1;2;4;5;6;7;8;9;12;13;15;16;17;18;25;
1866;18/09/2019;1;2;3;4;5;10;11;12;13;14;16;20;21;23;25;
1865;16/09/2019;2;3;5;6;7;10;11;12;14;17;19;20;21;24;25;
1864;13/09/2019;2;3;6;7;8;9;10;12;14;16;18;20;21;24;25;
1863;11/09/2019;2;3;4;5;6;8;9;10;14;16;18;21;22;24;25;
1862;09/09/2019;2;3;4;5;7;10;11;13;16;18;19;20;21;23;24;
1861;06/09/2019;2;3;5;6;7;8;9;13;14;16;18;22;23;24;25;DAS 33 APOSTAS GANHADORAS, 15 FORAM BOLÃO CAIXA.OS GANHADORES DO CANAL ELETRÔNICO, DO PRÊMIO PRINCIPAL, SÃO DE DUQUE DE CAXIAS/RJ E BELO HORIZONTE/MG.
1860;30/08/2019;1;2;3;4;5;10;11;15;17;18;19;21;22;23;24;
1859;28/08/2019;3;6;7;8;9;12;13;16;17;19;20;21;22;24;25;
1858;26/08/2019;2;3;4;7;8;9;11;13;15;17;18;20;21;22;25;A APOSTA GANHADORA DO PRÊMIO PRINCIPAL DO MUNICÍPIO DE MACEIÓ É UM BOLÃO CAIXA COM 18 COTAS.
1857;23/08/2019;2;4;6;7;8;9;14;15;16;17;20;22;23;24;25;
1856;21/08/2019;1;3;4;7;8;10;11;12;13;16;17;18;20;21;23;
1855;19/08/2019;1;4;5;7;11;12;13;14;15;16;17;20;23;24;25;
1854;16/08/2019;3;4;5;6;8;11;13;14;15;16;17;18;20;22;24;
1853;14/08/2019;1;3;5;9;10;11;13;14;15;16;17;20;22;23;24;
1852;12/08/2019;1;3;6;9;10;12;13;17;18;19;20;21;23;24;25;
1851;09/08/2019;1;5;6;7;8;9;10;11;13;16;19;20;22;23;25;
1850;07/08/2019;4;5;7;10;11;12;14;15;16;18;20;21;23;24;25;
1849;05/08/2019;1;5;9;11;12;13;14;17;18;19;21;22;23;24;25;
1848;02/08/2019;2;3;7;8;9;11;13;15;16;17;18;20;21;22;24;
1847;31/07/2019;1;2;3;5;7;8;9;14;15;17;18;19;20;23;24;O GANHADOR DO CANAL ELETRÔNICO, DO PRÊMIO PRINCIPAL, É DE BRASÍLIA/DF.
1846;29/07/2019;1;2;3;9;10;11;12;14;15;18;19;20;22;24;25;
1845;26/07/2019;3;4;5;6;8;10;11;14;15;17;18;19;20;21;23;
1844;24/07/2019;1;3;5;6;7;8;11;12;14;15;16;17;21;23;25;
1843;22/07/2019;4;6;7;8;11;12;14;15;16;17;19;20;21;22;24;O GANHADOR DO CANAL ELETRÔNICO, DO PRÊMIO PRINCIPAL, É DE BARRA MANSA/RJ.
1842;19/07/2019;3;4;5;6;9;11;12;13;14;16;17;19;20;21;23;
1841;17/07/2019;1;2;3;4;6;7;8;11;12;13;17;18;21;22;25;
1840;15/07/2019;2;3;6;7;10;11;12;13;14;15;16;17;19;21;24;
1839;12/07/2019;1;3;4;6;7;8;9;14;15;17;18;19;23;24;25;
1838;10/07/2019;1;3;5;8;9;10;12;15;16;18;20;21;22;23;25;
1837;08/07/2019;1;4;5;6;8;9;11;12;13;14;15;16;21;24;25;
1836;05/07/2019;1;3;4;6;7;8;9;12;14;15;17;18;19;24;25;
1835;03/07/2019;1;4;6;7;11;13;14;15;16;18;20;21;22;23;24;
1834;01/07/2019;2;5;6;8;12;13;14;15;17;18;19;20;21;22;23;
1833;28/06/2019;1;7;9;11;12;14;15;16;18;19;20;21;23;24;25;
1832;26/06/2019;2;7;8;9;10;11;16;18;19;20;21;22;23;24;25;
1831;24/06/2019;2;4;5;8;9;10;12;14;16;18;19;20;21;22;23;
1830;21/06/2019;1;3;5;8;10;11;12;14;17;18;19;20;22;23;24;
1829;19/06/2019;2;3;4;5;7;10;11;13;15;16;19;21;22;23;24;
1828;17/06/2019;1;2;5;6;7;8;9;11;12;13;15;19;21;23;24;
1827;14/06/2019;1;3;4;6;7;10;12;13;14;17;18;19;21;22;24;
1826;12/06/2019;1;2;5;7;8;9;10;11;12;13;14;19;21;22;25;
1825;10/06/2019;1;3;7;8;9;10;11;14;15;16;17;20;21;22;23;
1824;07/06/2019;2;5;6;8;9;11;13;14;16;17;18;20;21;23;25;
1823;05/06/2019;3;5;6;7;8;9;10;12;13;15;16;17;18;19;22;
1822;03/06/2019;1;4;6;9;12;13;14;16;17;18;19;20;21;24;25;
1821;31/05/2019;2;3;4;5;7;9;10;13;14;16;17;19;20;21;25;
1820;29/05/2019;1;4;5;7;10;13;14;16;17;18;19;20;21;22;25;
1819;27/05/2019;1;6;9;10;11;12;13;14;15;16;17;18;19;20;23;
1818;24/05/2019;1;4;5;6;8;9;10;11;14;15;16;19;21;23;24;
1817;22/05/2019;1;4;7;9;10;11;14;15;16;17;18;21;22;23;24;
1816;20/05/2019;1;2;4;6;7;8;9;11;13;14;15;16;18;20;21;O GANHADOR DO CANAL ELETRÔNICO, DO PRÊMIO PRINCIPAL, É DE CURITIBA/PR.
1815;17/05/2019;3;6;7;10;11;12;13;14;15;18;19;20;21;24;25;
1814;15/05/2019;1;2;3;5;7;12;14;15;16;18;19;21;23;24;25;O GANHADOR DO CANAL ELETRÔNICO, DO PRÊMIO PRINCIPAL, É DE SIDROLÂNDIA/MS.
1813;13/05/2019;1;2;4;5;7;8;11;13;14;15;16;17;20;23;25;
1812;10/05/2019;2;4;6;7;9;11;12;13;18;19;20;21;23;24;25;
1811;08/05/2019;2;3;4;5;6;7;8;10;12;13;14;18;20;21;24;
1810;06/05/2019;1;3;4;6;7;9;12;13;14;16;19;21;22;24;25;
1809;03/05/2019;1;2;4;5;6;9;13;14;16;17;18;20;23;24;25;
1808;02/05/2019;3;5;7;8;11;12;13;15;16;18;19;20;22;24;25;
1807;29/04/2019;1;2;3;5;7;8;9;13;14;17;18;19;20;24;25;
1806;26/04/2019;1;2;4;5;7;9;11;14;15;16;19;20;21;23;25;
1805;24/04/2019;1;2;4;5;6;9;10;14;15;16;18;20;22;23;24;
1804;22/04/2019;1;5;8;9;10;11;13;14;15;17;19;20;22;24;25;
1803;20/04/2019;3;4;5;6;7;9;11;15;17;18;19;20;21;23;24;
1802;17/04/2019;1;2;5;8;11;12;14;15;16;19;20;21;23;24;25;
1801;15/04/2019;1;4;5;7;10;12;13;15;17;18;19;20;22;23;24;
1800;12/04/2019;1;2;5;6;7;8;10;12;13;14;15;16;20;21;22;
1799;10/04/2019;2;3;4;5;8;10;11;12;15;18;20;22;23;24;25;
1798;08/04/2019;2;3;4;5;7;9;12;13;14;15;16;19;20;21;23;
1797;05/04/2019;3;5;6;7;9;10;11;14;15;16;17;18;19;24;25;
1796;03/04/2019;1;3;5;9;10;12;15;16;18;19;20;21;23;24;25;
1795;01/04/2019;2;4;7;8;9;10;13;16;17;18;19;22;23;24;25;
1794;29/03/2019;3;4;5;7;8;10;11;13;16;18;19;21;22;24;25;
1793;27/03/2019;1;2;3;5;6;10;11;13;16;18;19;20;21;23;24;
1792;25/03/2019;2;3;6;7;9;10;13;14;15;16;17;21;22;24;25;
1791;22/03/2019;1;2;4;5;7;8;10;13;15;17;18;19;20;22;24;
1790;20/03/2019;1;2;3;6;8;11;12;13;15;17;18;21;23;24;25;
1789;18/03/2019;1;3;5;8;9;11;13;14;15;17;19;21;22;24;25;
1788;15/03/2019;1;2;6;7;9;10;11;13;14;15;17;18;19;20;23;
1787;13/03/2019;1;2;4;6;7;10;11;12;14;18;19;20;21;23;25;
1786;11/03/2019;1;3;4;5;6;7;12;16;17;18;20;21;22;23;24;
1785;08/03/2019;1;4;5;6;7;8;9;11;14;16;17;19;21;23;25;
1784;06/03/2019;1;3;4;7;9;10;11;13;14;17;18;19;22;23;25;
1783;01/03/2019;3;4;8;10;11;12;14;15;18;20;21;22;23;24;25;
1782;27/02/2019;1;2;3;7;8;12;13;14;15;17;18;19;20;22;25;
1781;25/02/2019;1;4;5;7;8;9;10;11;15;16;18;19;20;21;22;
1780;22/02/2019;3;4;5;6;8;9;10;11;13;14;15;16;17;22;25;
1779;20/02/2019;2;3;4;6;8;9;15;18;19;20;21;22;23;24;25;
1778;18/02/2019;1;3;5;6;8;9;10;11;13;16;18;19;21;23;24;
1777;15/02/2019;2;4;6;8;10;12;14;15;16;18;19;20;21;24;25;
1776;13/02/2019;2;3;4;6;7;11;12;13;17;18;19;22;23;24;25;
1775;11/02/2019;3;6;7;8;9;11;12;14;15;16;17;18;19;20;23;
1774;08/02/2019;3;7;9;10;12;13;14;15;17;19;20;22;23;24;25;
1773;06/02/2019;1;2;5;8;9;10;13;15;16;17;18;19;21;24;25;
1772;04/02/2019;1;3;4;5;7;9;10;13;14;16;19;20;21;24;25;
1771;01/02/2019;2;6;7;10;11;13;15;16;17;18;19;21;23;24;25;
1770;30/01/2019;2;4;5;7;11;12;14;15;18;19;20;21;22;23;25;
1769;28/01/2019;1;3;5;7;8;10;12;13;14;16;17;18;20;23;25;
1768;25/01/2019;1;2;4;6;10;12;14;17;18;19;20;22;23;24;25;
1767;23/01/2019;2;4;5;6;7;9;10;11;15;16;19;20;23;24;25;
1766;21/01/2019;1;3;7;8;9;10;11;12;13;14;15;16;20;21;23;
1765;18/01/2019;1;2;3;4;5;8;9;11;13;14;17;18;21;22;25;
1764;16/01/2019;1;2;4;6;7;10;12;14;15;16;17;19;20;23;25;
1763;14/01/2019;1;2;3;4;5;8;9;10;11;13;14;15;16;21;24;
1762;11/01/2019;1;2;5;6;7;8;12;15;16;17;20;21;22;23;25;
1761;09/01/2019;1;2;3;5;6;9;10;11;13;17;18;19;20;21;25;
1760;07/01/2019;1;3;4;5;6;7;12;14;15;16;18;20;23;24;25;
1759;04/01/2019;1;2;3;4;5;6;8;10;14;15;16;18;19;22;23;
1758;02/01/2019;1;2;4;7;8;9;10;12;13;14;17;19;20;22;23;
1757;31/12/2018;1;3;4;7;10;13;14;15;17;18;20;21;22;23;25;
1756;28/12/2018;1;2;5;6;7;8;12;13;16;17;19;21;22;23;24;
1755;26/12/2018;1;2;3;8;9;11;13;16;18;19;20;21;22;23;25;
1754;24/12/2018;1;2;3;4;5;10;12;13;14;15;17;20;21;24;25;
1753;21/12/2018;1;2;3;5;6;8;9;12;13;15;17;21;22;24;25;
1752;19/12/2018;1;3;4;6;7;8;9;12;13;15;16;17;18;20;22;
1751;17/12/2018;1;3;4;6;7;9;10;12;13;15;18;19;22;24;25;
1750;14/12/2018;1;4;6;7;10;12;13;16;17;18;19;20;22;23;24;
1749;12/12/2018;2;4;6;9;12;13;15;16;19;20;21;22;23;24;25;
1748;10/12/2018;1;3;5;6;7;9;10;11;12;17;18;19;21;22;25;
1747;07/12/2018;1;4;5;6;7;8;10;13;15;16;17;19;20;21;25;
1746;05/12/2018;3;4;6;7;8;9;10;11;12;15;16;19;22;23;25;
1745;03/12/2018;2;3;4;6;7;8;9;10;11;16;18;20;21;24;25;
1744;30/11/2018;1;5;6;10;11;12;13;15;17;18;19;20;21;23;24;
1743;28/11/2018;5;6;7;8;10;11;13;15;17;18;19;21;22;24;25;
1742;26/11/2018;1;4;6;8;9;10;12;14;15;16;17;18;20;21;25;
1741;23/11/2018;1;5;8;11;12;15;16;17;18;19;20;21;22;23;25;
1740;21/11/2018;1;2;3;4;5;6;8;9;10;11;16;18;19;22;24;
1739;19/11/2018;2;3;4;5;6;7;8;11;12;14;16;19;20;22;24;
1738;16/11/2018;1;3;6;9;10;13;14;17;18;19;20;21;22;23;24;
1737;14/11/2018;2;4;5;6;10;11;12;15;16;18;19;20;22;24;25;
1736;12/11/2018;3;6;7;9;11;12;13;15;16;18;19;22;23;24;25;
1735;09/11/2018;1;2;3;6;10;12;13;14;15;19;20;21;23;24;25;
1734;07/11/2018;1;2;3;6;7;8;10;11;15;16;17;21;22;24;25;
1733;05/11/2018;1;2;4;5;8;9;12;13;14;15;16;19;21;23;25;
1732;03/11/2018;1;3;5;9;10;12;13;14;17;18;19;20;21;22;24;
1731;31/10/2018;1;3;5;7;8;9;10;13;14;17;19;20;22;24;25;
1730;29/10/2018;1;7;8;10;12;13;14;15;16;18;19;22;23;24;25;
1729;26/10/2018;1;2;4;6;8;9;10;11;12;14;16;18;21;24;25;
1728;24/10/2018;2;3;5;6;7;8;9;10;11;12;14;15;17;21;22;
1727;22/10/2018;1;2;5;6;7;9;10;13;14;15;16;20;21;22;24;
1726;19/10/2018;1;3;5;6;8;10;11;12;14;15;17;19;20;22;25;
1725;17/10/2018;1;5;6;8;12;13;14;15;18;19;21;22;23;24;25;
1724;15/10/2018;5;6;7;9;10;11;12;13;15;16;18;20;21;22;23;
1723;13/10/2018;1;2;4;6;7;10;11;12;13;14;17;18;19;21;22;
1722;10/10/2018;2;4;5;7;8;11;12;14;15;17;19;21;22;23;25;
1721;08/10/2018;1;3;4;5;6;8;11;13;14;15;16;19;21;24;25;
1720;05/10/2018;2;3;4;9;10;11;13;15;17;18;20;22;23;24;25;
1719;03/10/2018;2;3;4;6;10;11;13;15;17;18;20;21;23;24;25;
1718;01/10/2018;2;3;5;6;7;8;10;11;12;17;18;20;21;22;24;
1717;28/09/2018;1;3;4;5;7;8;9;10;11;14;15;21;22;23;24;
1716;26/09/2018;1;3;4;5;7;10;11;12;13;16;17;22;23;24;25;
1715;24/09/2018;1;2;4;6;8;11;13;16;17;18;19;21;22;24;25;
1714;21/09/2018;1;3;5;6;7;8;10;14;15;18;19;21;22;23;24;
1713;19/09/2018;1;4;8;9;10;12;13;15;16;17;19;20;21;23;24;
1712;17/09/2018;1;3;5;6;7;10;13;14;15;16;17;18;23;24;25;
1711;14/09/2018;1;2;3;4;5;8;10;11;13;14;18;19;20;21;23;
1710;12/09/2018;2;4;5;6;7;9;10;11;12;17;20;21;22;24;25;
1709;10/09/2018;1;3;4;5;11;12;13;15;18;19;20;21;22;23;24;
1708;08/09/2018;1;2;3;4;6;7;8;9;10;12;13;14;17;18;22;
1707;27/08/2018;2;5;9;10;11;12;13;16;17;18;19;21;22;23;25;
1706;24/08/2018;2;3;4;5;7;8;9;12;13;14;15;17;18;20;21;
1705;22/08/2018;2;3;4;5;9;12;14;16;17;18;19;20;21;23;24;
1704;20/08/2018;2;4;6;7;9;10;11;12;13;14;16;18;19;20;22;
1703;17/08/2018;1;3;6;8;9;10;12;13;14;15;16;17;18;19;22;
1702;15/08/2018;3;4;5;7;8;10;11;14;15;16;17;18;19;22;25;
1701;13/08/2018;1;2;3;5;6;7;8;10;13;16;17;18;20;21;22;
1700;10/08/2018;1;2;3;6;7;8;12;13;14;16;20;21;22;23;24;
1699;08/08/2018;4;5;6;8;9;10;13;14;15;16;19;21;23;24;25;
1698;06/08/2018;2;3;4;5;8;9;13;14;16;18;19;20;21;22;25;
1697;03/08/2018;3;4;6;7;10;13;17;18;19;20;21;22;23;24;25;
1696;01/08/2018;2;4;5;7;8;10;12;13;14;16;17;18;19;23;24;
1695;30/07/2018;1;4;5;9;11;13;14;17;18;20;21;22;23;24;25;
1694;27/07/2018;1;2;3;4;5;9;11;12;13;17;18;19;20;23;24;
1693;25/07/2018;1;3;4;6;7;8;11;14;16;17;19;20;21;22;23;
1692;23/07/2018;3;5;6;7;10;12;14;15;17;18;20;22;23;24;25;
1691;20/07/2018;1;2;3;4;5;7;8;10;11;12;13;15;16;18;19;
1690;18/07/2018;1;2;4;5;7;8;10;13;15;16;19;20;22;23;25;
1689;16/07/2018;1;2;6;7;9;10;11;13;14;16;17;18;19;22;23;
1688;13/07/2018;1;3;4;5;6;7;8;10;13;15;19;21;22;24;25;
1687;11/07/2018;1;2;3;4;6;7;9;10;14;16;17;18;19;20;24;
1686;09/07/2018;2;4;5;6;9;10;13;15;17;18;19;20;22;23;24;
1685;06/07/2018;1;2;3;5;6;7;11;12;14;16;17;19;21;22;24;
1684;04/07/2018;2;4;7;9;10;12;13;14;15;16;17;22;23;24;25;
1683;02/07/2018;1;2;3;5;9;10;11;13;15;16;17;18;23;24;25;
1682;29/06/2018;1;4;5;6;7;9;12;13;15;17;18;19;20;21;25;
1681;27/06/2018;1;2;3;7;8;10;11;12;15;16;17;20;22;23;25;
1680;25/06/2018;1;2;3;7;8;10;11;12;13;14;18;20;21;23;25;
1679;22/06/2018;5;7;8;9;10;11;12;14;15;16;17;19;20;21;23;
1678;20/06/2018;1;3;4;5;6;8;9;14;16;18;19;20;22;23;24;
1677;18/06/2018;1;4;5;6;9;11;12;14;15;16;17;18;19;20;22;
1676;15/06/2018;3;4;8;9;10;12;13;14;15;16;18;20;23;24;25;
1675;13/06/2018;1;2;3;5;7;8;9;12;14;19;20;21;22;23;25;
1674;11/06/2018;1;2;4;5;9;10;11;12;15;19;20;21;22;23;24;
1673;08/06/2018;1;2;4;5;7;9;11;12;15;17;19;20;23;24;25;
1672;06/06/2018;2;3;5;6;8;9;11;17;18;20;21;22;23;24;25;
1671;04/06/2018;1;3;4;5;8;9;10;12;14;15;18;19;21;22;25;
1670;01/06/2018;1;2;3;4;7;11;13;14;16;17;20;21;22;23;25;
1669;30/05/2018;1;2;3;5;6;7;8;9;12;16;17;20;21;23;25;
1668;28/05/2018;4;5;6;8;11;12;14;16;17;18;20;21;23;24;25;
1667;25/05/2018;1;2;3;4;8;10;11;13;16;18;20;22;23;24;25;
1666;23/05/2018;1;2;5;6;8;9;10;12;13;14;17;20;21;24;25;
1665;21/05/2018;1;2;4;5;8;10;12;13;15;17;18;21;22;23;24;
1664;18/05/2018;2;4;5;6;7;8;11;13;15;16;17;18;20;24;25;
1663;16/05/2018;1;2;3;5;6;7;9;11;12;13;16;17;21;22;23;
1662;14/05/2018;1;2;3;5;8;10;11;13;14;17;18;20;21;22;25;
1661;11/05/2018;2;3;5;6;7;10;11;12;13;14;17;18;21;22;23;
1660;09/05/2018;1;2;3;7;8;10;11;13;14;17;18;20;21;24;25;
1659;07/05/2018;2;4;7;8;9;10;12;14;15;16;20;21;22;23;25;
1658;04/05/2018;2;4;5;6;7;8;12;13;15;16;17;18;19;20;23;
1657;02/05/2018;3;4;6;8;9;10;12;15;17;18;19;20;21;23;24;
1656;30/04/2018;2;3;4;5;7;10;11;12;13;15;17;19;20;23;24;
1655;27/04/2018;1;2;3;5;6;7;10;12;14;16;18;19;20;22;23;
1654;25/04/2018;1;2;3;4;6;10;11;13;16;18;19;20;22;23;25;
1653;23/04/2018;2;4;5;6;7;12;14;15;17;20;21;22;23;24;25;
1652;20/04/2018;2;3;4;5;6;7;10;11;14;16;17;18;21;24;25;
1651;18/04/2018;1;2;3;4;6;7;8;10;16;17;18;19;20;22;24;
1650;16/04/2018;3;4;5;8;10;13;14;15;16;17;18;19;20;22;25;
1649;13/04/2018;4;5;8;9;12;13;14;15;16;17;18;20;22;23;24;
1648;11/04/2018;4;9;10;11;12;13;15;16;17;19;21;22;23;24;25;
1647;09/04/2018;1;2;4;7;8;9;10;12;14;15;19;20;22;24;25;
1646;06/04/2018;1;3;4;5;6;7;9;12;13;15;17;18;20;22;25;
1645;04/04/2018;2;3;4;5;8;9;10;14;15;16;18;20;21;23;25;
1644;02/04/2018;2;3;4;5;6;7;8;9;11;13;15;18;22;23;24;
1643;31/03/2018;1;2;3;4;5;7;9;10;12;14;16;19;22;23;25;
1642;28/03/2018;2;5;6;7;10;11;13;15;17;18;19;20;22;24;25;
1641;26/03/2018;3;4;5;8;9;11;12;14;16;17;19;20;21;22;25;
1640;23/03/2018;1;2;4;5;6;12;14;15;16;17;20;21;22;24;25;
1639;21/03/2018;1;3;5;6;7;8;9;10;11;14;15;19;20;22;25;
1638;19/03/2018;1;7;8;10;11;12;14;15;16;19;20;22;23;24;25;
1637;16/03/2018;3;4;5;7;8;11;12;13;14;15;17;18;19;22;24;
1636;14/03/2018;2;3;6;7;8;9;12;13;14;15;18;19;20;22;25;
1635;12/03/2018;1;3;6;7;8;12;15;16;17;19;21;22;23;24;25;
1634;09/03/2018;3;4;5;6;7;9;10;13;14;15;19;21;22;24;25;
1633;07/03/2018;1;2;3;5;6;7;9;10;17;18;19;20;23;24;25;
1632;05/03/2018;4;5;8;12;13;14;15;16;18;20;21;22;23;24;25;
1631;02/03/2018;2;3;4;5;9;10;11;12;14;18;19;20;22;23;25;
1630;28/02/2018;3;5;7;8;9;10;12;13;14;15;17;20;22;23;25;
1629;26/02/2018;1;2;3;5;6;7;9;10;12;14;15;18;22;24;25;
1628;23/02/2018;1;3;6;9;11;12;16;17;18;19;20;22;23;24;25;
1627;21/02/2018;2;3;4;6;8;9;11;12;13;14;15;17;20;21;24;
1626;19/02/2018;1;3;4;7;8;9;10;11;13;15;16;17;20;21;24;
1625;16/02/2018;2;3;6;8;10;12;13;16;17;18;19;20;21;22;24;
1624;14/02/2018;1;2;6;7;8;9;11;14;15;16;17;18;20;23;24;
1623;09/02/2018;1;2;3;4;6;7;8;10;11;13;14;17;19;20;24;
1622;07/02/2018;1;2;3;4;8;9;11;16;17;18;20;22;23;24;25;
1621;05/02/2018;2;3;4;6;8;9;10;13;14;18;19;21;22;23;24;
1620;02/02/2018;1;2;4;7;9;10;11;12;13;14;18;20;21;24;25;
1619;31/01/2018;4;5;7;8;10;11;13;15;16;17;18;21;22;24;25;
1618;29/01/2018;1;3;4;5;8;9;10;13;14;16;17;19;20;24;25;
1617;26/01/2018;2;5;6;7;8;9;10;12;13;14;15;20;22;23;25;
1616;24/01/2018;1;2;4;5;8;10;11;13;14;16;17;18;22;23;24;
1615;22/01/2018;1;2;4;5;6;7;9;10;11;16;17;19;20;21;25;
1614;19/01/2018;1;2;3;7;9;10;12;13;14;15;16;17;19;21;23;
1613;17/01/2018;1;2;3;4;6;8;9;10;13;14;16;17;18;19;21;
1612;15/01/2018;2;3;4;5;7;11;12;14;15;18;21;22;23;24;25;
1611;12/01/2018;1;3;4;6;7;8;9;10;11;12;14;15;20;22;24;
1610;10/01/2018;3;6;7;9;10;11;13;14;16;17;19;20;21;22;24;
1609;08/01/2018;5;6;7;8;9;11;13;14;17;18;20;21;23;24;25;
1608;05/01/2018;1;2;3;5;6;9;10;14;17;18;20;21;22;23;25;
1607;03/01/2018;1;2;3;6;7;8;9;11;12;13;14;15;17;18;24;
1606;02/01/2018;1;3;5;7;8;9;10;11;14;15;19;20;22;23;25;
1605;29/12/2017;2;4;5;8;9;10;11;14;16;17;18;19;21;23;25;
1604;27/12/2017;3;4;5;6;7;8;9;10;12;13;15;19;21;22;24;
1603;26/12/2017;1;2;3;4;7;9;10;13;14;16;19;20;21;23;24;
1602;22/12/2017;1;3;4;8;9;10;11;13;14;15;17;19;21;23;24;
1601;20/12/2017;2;4;6;8;9;10;11;12;13;14;15;18;20;22;25;
1600;18/12/2017;2;3;4;5;7;9;13;14;16;17;18;20;22;23;24;
1599;15/12/2017;1;3;4;5;6;8;9;10;14;18;20;21;22;23;25;
1598;13/12/2017;2;5;6;7;10;12;13;15;16;17;18;19;20;21;24;
1597;11/12/2017;1;2;5;6;7;8;9;13;17;18;19;20;21;22;24;
1596;08/12/2017;5;8;9;10;11;12;13;15;18;19;20;21;22;23;24;
1595;06/12/2017;1;2;3;4;6;7;9;10;11;13;17;18;20;22;25;.
1594;04/12/2017;1;2;4;6;8;10;11;12;13;15;16;17;19;21;25;
1593;01/12/2017;3;4;5;7;8;9;10;11;13;14;16;17;20;22;24;
1592;29/11/2017;1;2;3;4;5;6;9;12;14;15;16;19;20;22;25;
1591;27/11/2017;1;3;5;7;8;10;11;12;17;19;20;21;22;23;24;
1590;24/11/2017;1;3;5;7;8;10;14;16;17;18;20;21;22;23;25;
1589;22/11/2017;1;2;3;4;6;12;13;14;15;17;18;22;23;24;25;
1588;20/11/2017;1;3;4;5;7;9;10;11;14;15;17;20;21;22;23;
1587;17/11/2017;2;3;5;7;8;11;14;15;16;17;19;20;21;22;25;
1586;16/11/2017;1;3;4;10;11;12;13;16;18;19;20;22;23;24;25;
1585;13/11/2017;1;2;4;5;6;7;9;11;17;18;19;21;23;24;25;
1584;10/11/2017;1;2;3;5;6;11;12;14;15;16;17;19;20;24;25;
1583;08/11/2017;2;3;4;6;7;9;10;14;15;16;17;19;20;23;25;
1582;06/11/2017;1;2;5;7;8;10;11;14;16;17;18;19;23;24;25;
1581;03/11/2017;3;4;5;6;7;8;11;12;13;16;20;21;23;24;25;
1580;01/11/2017;3;4;7;10;11;12;13;14;15;16;18;20;22;23;25;
1579;30/10/2017;1;2;4;6;7;10;12;13;14;15;16;18;21;22;23;
1578;27/10/2017;4;6;8;9;10;12;13;14;16;17;18;19;21;22;24;
1577;25/10/2017;3;5;6;7;9;10;11;13;15;16;17;18;19;21;24;
1576;23/10/2017;1;2;5;7;8;9;11;12;14;15;16;18;20;21;25;
1575;20/10/2017;1;3;5;6;7;9;10;11;12;14;16;17;22;23;25;
1574;18/10/2017;1;2;3;5;6;7;10;11;12;14;15;17;18;21;22;
1573;16/10/2017;2;6;7;8;10;11;12;13;14;15;16;17;18;19;23;
1572;13/10/2017;2;4;5;6;8;9;10;13;16;18;19;21;22;23;24;
1571;11/10/2017;1;3;4;5;6;7;11;12;14;17;18;19;23;24;25;
1570;09/10/2017;1;3;7;8;9;11;13;16;18;19;20;21;23;24;25;
1569;06/10/2017;2;4;8;9;10;12;13;14;16;18;20;21;23;24;25;
1568;04/10/2017;1;2;3;4;6;7;10;11;13;16;17;19;21;22;24;
1567;02/10/2017;2;3;5;7;9;10;11;12;14;15;17;18;19;21;24;
1566;29/09/2017;1;2;4;5;7;8;9;13;14;15;16;19;23;24;25;
1565;27/09/2017;1;3;6;7;8;9;10;11;12;13;15;17;18;24;25;
1564;25/09/2017;3;4;6;8;9;11;12;13;16;17;18;19;20;21;24;
1563;22/09/2017;1;2;3;5;6;9;10;12;13;17;18;20;21;22;23;
1562;20/09/2017;1;2;3;4;5;6;7;8;9;11;12;14;16;17;18;
1561;18/09/2017;3;5;6;7;8;12;13;15;16;18;20;21;22;24;25;
1560;15/09/2017;1;2;3;4;5;7;8;9;11;14;17;18;20;24;25;
1559;13/09/2017;3;4;5;6;7;9;10;11;14;16;18;19;20;23;25;
1558;11/09/2017;1;2;4;5;6;9;11;14;15;16;17;18;21;22;25;
1557;07/09/2017;2;3;4;5;6;9;12;16;17;18;20;21;22;24;25;
1556;28/08/2017;1;2;3;5;6;8;12;15;16;17;19;21;22;23;25;A CAIXA informa que as apostas para a Lotofácil da Independência, concurso 1557 da Lotofácil, encerram-se às 19h do dia 06/09. O sorteio será realizado no Caminhão da Sorte, no Parque da Independência, em São Paulo/SP, a partir das 9h do dia 07/09.
1555;25/08/2017;1;2;6;8;9;10;12;13;14;16;18;20;22;23;25;
1554;23/08/2017;1;3;4;5;7;8;9;10;13;14;16;18;19;24;25;
1553;21/08/2017;1;2;4;8;9;11;12;13;15;17;18;19;21;22;25;
1552;18/08/2017;2;3;7;8;9;12;14;15;16;19;20;21;22;24;25;
1551;16/08/2017;1;3;5;7;8;11;13;14;15;17;19;20;22;23;25;
1550;14/08/2017;3;4;5;7;8;13;14;15;16;17;20;22;23;24;25;
1549;11/08/2017;1;2;3;4;5;7;8;10;11;13;18;20;23;24;25;
1548;09/08/2017;2;3;4;9;10;11;12;14;15;17;18;20;21;22;23;
1547;07/08/2017;1;2;5;6;8;9;10;11;13;15;17;18;19;21;25;
1546;04/08/2017;1;3;6;7;8;10;11;14;15;18;19;20;22;24;25;
1545;02/08/2017;3;5;7;8;10;11;12;15;16;17;20;22;23;24;25;
1544;31/07/2017;1;2;4;7;8;9;11;12;14;16;17;21;22;23;24;
1543;28/07/2017;1;2;6;7;8;9;12;13;15;17;19;20;23;24;25;
1542;26/07/2017;2;3;5;7;8;10;11;13;15;16;17;20;21;22;24;
1541;24/07/2017;2;3;4;5;7;11;13;14;15;18;19;20;21;22;25;
1540;21/07/2017;1;2;3;7;9;10;11;12;14;15;16;17;19;22;23;
1539;19/07/2017;1;3;4;8;11;12;13;14;16;17;18;19;20;21;25;
1538;17/07/2017;2;4;5;7;8;9;10;13;14;15;17;18;19;21;23;
1537;14/07/2017;1;2;3;4;10;11;13;14;15;17;18;20;21;22;24;
1536;12/07/2017;1;3;5;6;7;8;9;10;11;12;13;19;20;23;25;
1535;10/07/2017;3;4;5;7;8;12;13;15;17;18;21;22;23;24;25;
1534;07/07/2017;1;4;5;8;9;10;11;12;13;14;16;17;19;21;24;
1533;05/07/2017;1;3;4;6;7;11;12;13;14;15;16;19;20;21;24;
1532;03/07/2017;1;2;3;8;9;10;11;12;13;14;17;18;20;22;25;
1531;30/06/2017;1;2;3;4;7;8;10;11;13;14;15;19;22;23;24;
1530;28/06/2017;2;4;5;7;9;10;12;14;15;16;18;20;22;23;24;
1529;26/06/2017;2;3;4;5;8;11;13;14;16;17;18;19;20;21;24;
1528;23/06/2017;1;2;4;5;6;8;9;10;17;18;20;21;23;24;25;
1527;21/06/2017;1;2;3;5;6;7;9;10;14;15;20;21;22;24;25;
1526;19/06/2017;5;7;8;9;10;11;13;15;17;18;20;21;22;23;25;
1525;16/06/2017;1;2;4;5;8;10;12;14;15;18;19;20;21;22;25;
1524;14/06/2017;1;3;5;6;7;8;9;10;13;14;20;22;23;24;25;
1523;12/06/2017;3;5;6;7;9;10;12;13;14;16;18;19;21;23;25;
1522;09/06/2017;1;8;9;10;11;13;14;15;16;18;19;20;21;23;24;
1521;07/06/2017;1;2;3;4;5;7;8;12;14;15;17;19;20;23;24;
1520;05/06/2017;1;2;4;8;9;10;12;13;14;16;17;18;19;24;25;
1519;02/06/2017;1;4;6;8;13;14;16;17;18;20;21;22;23;24;25;
1518;31/05/2017;2;3;4;5;7;8;11;12;14;16;17;20;22;24;25;
1517;29/05/2017;2;3;5;8;10;11;12;14;15;18;20;21;23;24;25;
1516;26/05/2017;1;2;6;7;10;11;12;14;16;18;19;20;22;23;24;
1515;24/05/2017;1;2;3;5;8;9;11;12;13;16;17;18;19;20;23;
1514;22/05/2017;3;4;5;7;8;11;12;13;15;16;17;19;20;21;24;
1513;19/05/2017;3;4;6;7;9;10;11;12;13;14;16;18;21;22;24;
1512;17/05/2017;2;3;4;6;10;11;12;13;15;16;17;19;21;22;24;
1511;15/05/2017;2;4;5;8;9;10;11;12;13;15;19;20;21;23;24;
1510;12/05/2017;1;3;4;7;8;9;10;11;12;13;15;18;19;22;24;
1509;10/05/2017;1;2;3;6;7;8;9;13;14;15;17;18;19;22;24;
1508;08/05/2017;1;3;7;8;9;10;11;12;14;17;19;21;22;23;24;
1507;05/05/2017;1;2;3;4;5;8;10;11;13;14;17;19;21;23;24;
1506;03/05/2017;3;4;5;8;9;10;13;14;17;18;19;20;21;22;24;
1505;28/04/2017;1;2;3;6;7;11;14;16;17;18;19;20;22;24;25;
1504;26/04/2017;1;4;5;7;8;11;12;14;17;18;19;21;23;24;25;
1503;24/04/2017;1;2;3;7;12;15;16;17;18;20;21;22;23;24;25;
1502;22/04/2017;1;2;3;4;5;7;11;12;13;15;17;18;20;22;24;
1501;19/04/2017;1;6;7;8;9;10;11;13;16;17;18;21;22;24;25;
1500;17/04/2017;1;2;3;5;7;10;11;12;13;15;17;18;19;20;22;
1499;15/04/2017;1;2;3;4;5;7;8;12;13;14;15;18;19;23;24;
1498;12/04/2017;4;5;7;8;10;11;14;15;16;17;18;21;23;24;25;
1497;10/04/2017;1;2;5;7;11;12;13;14;15;16;17;18;19;22;23;
1496;07/04/2017;2;3;6;7;9;10;11;12;13;15;17;19;20;23;25;
1495;05/04/2017;1;2;3;4;5;8;10;12;13;14;18;22;23;24;25;
1494;03/04/2017;1;2;3;4;9;10;11;12;13;15;17;19;20;22;25;
1493;31/03/2017;2;5;8;10;11;13;14;15;16;19;20;21;23;24;25;
1492;29/03/2017;2;3;4;5;7;8;10;12;15;16;17;18;19;24;25;
1491;27/03/2017;2;4;5;6;7;9;11;13;14;19;20;22;23;24;25;
1490;24/03/2017;1;3;4;5;7;8;9;11;13;14;15;18;19;20;22;
1489;22/03/2017;2;4;7;8;9;10;12;13;14;15;19;20;22;23;25;
1488;20/03/2017;1;4;5;6;10;11;12;13;16;19;20;21;23;24;25;
1487;17/03/2017;1;2;3;4;5;6;10;11;12;15;16;19;21;22;25;
1486;15/03/2017;2;4;5;8;9;10;12;14;18;19;20;21;22;23;25;
1485;13/03/2017;1;2;3;5;8;9;11;13;15;17;18;19;23;24;25;
1484;10/03/2017;1;2;3;4;6;7;9;10;12;17;18;19;21;22;25;
1483;08/03/2017;3;4;5;6;7;9;11;13;14;15;17;20;21;22;23;
1482;06/03/2017;1;2;4;5;7;8;9;10;11;12;14;15;19;23;24;
1481;03/03/2017;2;3;5;7;8;9;11;17;18;19;20;21;23;24;25;
1480;01/03/2017;1;6;7;10;11;12;13;15;16;17;19;20;21;22;25;
1479;24/02/2017;2;3;5;6;9;11;13;14;15;16;17;18;20;22;23;
1478;22/02/2017;2;5;6;7;10;11;12;15;16;17;18;19;21;24;25;
1477;20/02/2017;1;2;3;4;5;6;7;10;12;15;17;18;21;22;23;
1476;17/02/2017;2;4;5;6;7;9;10;12;13;14;16;19;21;22;25;
1475;15/02/2017;1;2;3;5;6;9;10;12;13;15;18;20;21;24;25;
1474;13/02/2017;1;2;5;7;8;10;11;13;14;15;18;19;20;21;25;
1473;10/02/2017;1;4;5;7;8;9;10;12;14;16;20;22;23;24;25;
1472;08/02/2017;2;3;4;5;7;8;10;12;13;14;18;21;22;23;24;
1471;06/02/2017;1;2;4;6;7;8;10;11;13;15;18;20;21;22;24;
1470;03/02/2017;2;3;7;8;11;12;13;14;15;18;20;21;22;23;24;
1469;01/02/2017;1;2;3;5;6;7;8;9;11;13;16;17;18;19;20;
1468;30/01/2017;2;3;5;6;8;11;12;13;14;18;19;20;21;23;24;
1467;27/01/2017;1;4;5;6;9;10;11;12;19;20;21;22;23;24;25;
1466;25/01/2017;2;3;4;6;10;11;12;14;19;20;21;22;23;24;25;
1465;23/01/2017;2;5;7;8;9;10;12;14;16;19;20;21;22;23;24;
1464;20/01/2017;1;4;9;10;11;12;13;14;15;16;17;18;22;23;24;
1463;18/01/2017;3;4;6;7;10;11;13;14;15;17;19;20;22;23;24;
1462;16/01/2017;1;3;4;5;7;9;12;13;14;16;17;20;21;24;25;
1461;13/01/2017;2;4;5;6;9;10;11;15;17;18;19;21;23;24;25;
1460;11/01/2017;1;3;5;7;11;14;15;16;17;18;19;20;21;24;25;
1459;09/01/2017;1;4;6;9;10;12;13;14;16;17;18;19;20;24;25;
1458;06/01/2017;1;2;3;5;7;9;11;14;17;18;19;20;22;23;24;
1457;04/01/2017;1;2;3;4;7;8;9;10;11;13;14;15;18;23;24;
1456;02/01/2017;1;2;6;7;8;9;12;13;14;15;19;20;21;24;25;
1455;30/12/2016;2;5;7;8;14;15;16;17;18;19;20;21;22;23;25;
1454;28/12/2016;1;3;4;7;10;12;13;14;18;19;20;21;22;23;25;
1453;26/12/2016;1;2;5;8;9;10;13;14;15;16;19;21;23;24;25;
1452;23/12/2016;2;5;7;8;10;11;13;14;15;17;20;21;23;24;25;
1451;21/12/2016;1;2;3;5;10;12;13;14;15;19;20;21;23;24;25;
1450;19/12/2016;1;2;4;5;8;9;10;13;14;16;17;19;20;22;24;
1449;16/12/2016;1;3;4;5;6;7;8;9;11;15;16;20;22;23;24;
1448;14/12/2016;1;3;4;5;6;8;12;13;16;18;19;21;22;23;24;
1447;12/12/2016;1;3;4;5;8;11;12;13;17;18;19;21;22;24;25;
1446;09/12/2016;1;4;6;7;8;12;13;16;17;20;21;22;23;24;25;
1445;07/12/2016;1;4;5;6;8;10;13;15;16;17;18;20;22;23;25;
1444;05/12/2016;1;2;4;5;6;9;10;11;14;15;17;18;20;21;24;
1443;02/12/2016;1;2;3;5;7;8;9;10;11;12;14;15;16;17;24;
1442;30/11/2016;1;2;3;4;7;9;11;12;13;15;16;17;19;20;21;
1441;28/11/2016;1;3;4;5;6;7;9;10;11;13;16;19;22;23;25;
1440;25/11/2016;2;3;8;10;12;13;14;16;17;18;20;21;22;24;25;
1439;23/11/2016;1;2;3;5;11;12;13;14;15;16;17;18;19;22;24;
1438;21/11/2016;1;4;7;8;9;10;11;12;14;15;17;20;21;22;24;
1437;18/11/2016;2;4;5;6;7;8;9;11;13;14;17;19;20;23;25;
1436;16/11/2016;1;2;3;5;6;8;11;12;15;17;18;19;22;23;24;
1435;14/11/2016;1;2;3;4;5;6;9;10;12;16;17;19;20;21;23;
1434;11/11/2016;3;4;5;6;7;9;10;12;13;15;18;19;22;23;24;
1433;09/11/2016;3;6;7;9;10;12;14;15;16;18;20;22;23;24;25;
1432;07/11/2016;1;3;4;5;10;11;12;16;17;18;20;21;23;24;25;
1431;04/11/2016;1;2;7;8;9;10;12;14;15;16;17;19;20;23;25;
1430;31/10/2016;1;3;4;5;7;8;9;13;15;16;20;21;22;23;25;
1429;28/10/2016;5;7;8;9;10;12;13;14;15;16;18;19;20;21;25;
1428;26/10/2016;2;3;4;5;6;8;9;13;17;18;19;20;21;22;25;
1427;24/10/2016;1;2;7;10;11;12;14;15;16;17;18;19;20;22;25;
1426;21/10/2016;2;3;4;7;8;10;12;14;15;16;18;22;23;24;25;
1425;19/10/2016;1;3;4;5;8;9;11;12;13;14;16;19;20;21;25;
1424;17/10/2016;2;4;5;6;8;9;10;11;13;17;18;20;21;23;25;
1423;14/10/2016;1;2;4;5;7;8;11;12;13;14;15;16;19;22;23;
1422;10/10/2016;1;4;5;7;10;11;13;14;15;16;17;19;22;23;24;
1421;07/10/2016;3;5;6;7;8;9;11;12;14;17;18;19;20;23;24;
1420;05/10/2016;1;4;6;7;8;10;13;14;15;16;17;20;22;23;25;
1419;03/10/2016;2;3;6;7;11;12;15;16;17;18;19;20;21;23;24;
1418;30/09/2016;2;4;6;9;10;11;13;14;15;17;18;20;21;22;23;
1417;28/09/2016;1;2;3;4;6;7;9;11;13;14;15;18;19;22;23;
1416;26/09/2016;3;4;5;7;8;9;10;12;14;15;17;18;19;20;24;
1415;23/09/2016;2;4;5;6;10;12;13;15;17;18;19;22;23;24;25;
1414;21/09/2016;2;3;4;5;7;9;10;11;13;14;16;17;20;21;23;
1413;19/09/2016;2;3;4;5;6;7;8;9;10;13;16;17;18;21;25;
1412;16/09/2016;5;6;7;9;11;13;15;16;18;19;21;22;23;24;25;
1411;14/09/2016;1;5;6;7;8;9;10;12;13;14;15;16;17;21;23;
1410;12/09/2016;2;3;4;5;6;7;9;10;14;15;16;17;20;21;23;
1409;09/09/2016;1;2;4;6;7;8;11;12;14;16;17;19;22;24;25;
1408;06/09/2016;1;3;5;8;10;11;12;13;14;19;21;22;23;24;25;
1407;29/08/2016;1;2;4;5;6;7;10;12;13;20;21;22;23;24;25;
1406;26/08/2016;2;3;4;5;6;9;11;13;15;19;20;21;22;24;25;
1405;24/08/2016;2;3;4;7;9;10;11;14;15;16;18;19;20;23;24;
1404;22/08/2016;1;2;3;4;8;10;11;13;15;16;18;19;21;22;25;
1403;19/08/2016;3;4;5;8;9;10;11;12;13;15;16;17;21;23;25;
1402;17/08/2016;2;3;4;5;8;9;11;12;14;15;16;19;20;21;23;
1401;15/08/2016;1;3;4;5;6;7;8;14;15;18;19;21;22;24;25;
1400;12/08/2016;1;2;3;5;6;9;10;12;16;19;21;22;23;24;25;
1399;10/08/2016;4;5;6;8;9;12;13;14;15;17;19;21;22;24;25;
1398;08/08/2016;1;4;5;6;7;8;11;14;15;16;19;20;21;24;25;
1397;05/08/2016;1;3;4;5;6;8;9;11;12;13;14;18;21;22;25;
1396;03/08/2016;3;5;6;7;10;12;13;17;18;19;20;22;23;24;25;
1395;01/08/2016;5;6;7;8;11;12;13;14;16;17;18;19;22;23;25;
1394;29/07/2016;3;4;5;6;9;10;11;14;15;16;18;19;21;22;23;
1393;27/07/2016;3;4;5;7;9;10;11;12;13;14;17;18;20;22;23;
1392;25/07/2016;1;2;3;4;8;9;14;15;16;17;18;20;21;22;25;
1391;22/07/2016;1;3;5;6;10;11;12;15;16;17;19;20;21;24;25;
1390;20/07/2016;3;5;6;7;8;11;13;14;15;16;17;18;20;21;23;
1389;18/07/2016;1;2;4;5;6;8;10;12;14;15;16;17;18;20;21;
1388;15/07/2016;1;3;5;7;8;10;11;12;15;18;19;20;21;23;25;
1387;13/07/2016;1;3;4;5;6;7;9;11;12;13;14;15;16;18;24;
1386;11/07/2016;1;2;3;4;7;9;13;16;17;18;19;21;22;24;25;
1385;08/07/2016;4;5;8;9;10;11;12;13;14;15;17;18;19;20;23;
1384;06/07/2016;3;4;6;8;9;11;12;13;15;18;19;20;22;24;25;
1383;04/07/2016;2;6;7;8;9;13;14;15;16;17;20;21;22;24;25;
1382;01/07/2016;1;6;10;12;13;14;15;16;17;18;19;20;21;22;24;
1381;29/06/2016;1;4;6;8;9;10;12;13;14;16;17;18;19;21;25;
1380;27/06/2016;3;4;5;6;8;11;12;14;15;16;17;21;22;24;25;
1379;24/06/2016;1;2;4;5;7;8;9;10;12;14;15;17;18;21;22;
1378;22/06/2016;1;2;3;6;8;10;12;13;17;19;20;21;23;24;25;
1377;20/06/2016;1;5;6;8;9;10;12;13;15;17;19;20;21;22;25;
1376;17/06/2016;1;3;4;5;6;12;13;14;15;16;18;19;20;22;24;
1375;15/06/2016;1;5;6;9;10;11;14;15;16;18;20;22;23;24;25;
1374;13/06/2016;2;3;4;5;6;9;10;14;15;16;19;20;21;23;25;
1373;10/06/2016;1;2;3;4;5;6;7;8;12;17;18;20;21;23;24;
1372;08/06/2016;1;2;3;5;7;9;10;13;15;16;17;18;21;23;25;
1371;06/06/2016;3;4;5;7;13;15;17;18;19;20;21;22;23;24;25;
1370;03/06/2016;2;4;5;7;8;11;13;14;17;18;20;21;22;24;25;
1369;01/06/2016;3;4;5;9;10;11;12;13;14;16;17;18;21;22;24;
1368;30/05/2016;5;7;8;10;11;12;14;16;18;19;20;22;23;24;25;
1367;27/05/2016;2;3;4;5;6;7;9;14;15;16;17;18;20;23;24;
1366;25/05/2016;4;8;9;10;11;12;13;14;15;16;17;21;22;24;25;
1365;23/05/2016;2;3;6;9;10;12;14;15;19;20;21;22;23;24;25;
1364;20/05/2016;1;6;9;10;11;12;13;15;16;17;18;20;22;24;25;
1363;18/05/2016;5;7;9;10;12;13;14;15;16;17;19;20;21;22;23;
1362;16/05/2016;1;3;4;6;9;10;11;12;13;16;21;22;23;24;25;
1361;13/05/2016;1;4;5;11;12;13;14;15;16;17;18;19;20;23;25;
1360;11/05/2016;1;2;3;4;5;6;8;10;11;12;14;18;20;23;24;
1359;09/05/2016;3;5;7;8;9;11;13;14;15;16;17;18;20;21;23;
1358;06/05/2016;1;2;3;4;6;8;9;13;15;17;18;19;20;22;23;
1357;04/05/2016;3;7;8;9;10;11;12;13;15;17;18;20;21;22;23;
1356;02/05/2016;3;4;6;8;9;10;11;12;13;14;15;16;17;19;20;
1355;29/04/2016;1;2;3;4;6;7;8;11;15;16;18;20;21;22;24;
1354;27/04/2016;1;2;3;5;7;9;11;12;13;14;15;18;20;21;24;
1353;25/04/2016;3;5;7;8;9;10;11;12;14;18;21;22;23;24;25;
1352;22/04/2016;6;8;10;11;12;13;14;15;16;19;20;21;23;24;25;
1351;20/04/2016;2;4;6;7;10;11;13;17;19;20;21;22;23;24;25;
1350;18/04/2016;1;5;6;8;9;11;12;13;14;16;18;19;20;21;23;
1349;15/04/2016;2;3;4;5;6;7;8;12;14;16;18;19;21;24;25;
1348;13/04/2016;1;2;6;7;8;9;10;14;15;18;20;21;22;24;25;
1347;11/04/2016;1;3;5;6;7;8;10;12;13;14;17;18;20;23;24;
1346;08/04/2016;2;3;5;7;8;10;11;14;15;18;19;20;21;23;25;
1345;06/04/2016;1;3;7;8;9;10;11;14;15;17;19;21;22;24;25;
1344;04/04/2016;2;4;6;7;8;10;11;12;13;17;18;21;23;24;25;
1343;01/04/2016;2;4;5;9;10;11;13;14;15;16;17;19;21;23;24;
1342;30/03/2016;1;2;3;5;9;10;11;12;13;15;20;21;23;24;25;
1341;28/03/2016;1;3;4;8;9;10;13;14;15;16;17;20;21;23;24;
1340;26/03/2016;1;2;4;5;7;9;10;12;13;14;16;17;18;19;22;
1339;23/03/2016;2;3;4;5;6;7;8;11;13;14;16;20;21;23;24;
1338;21/03/2016;1;2;3;4;6;7;10;11;12;13;14;15;16;17;19;
1337;18/03/2016;1;3;5;6;8;9;10;12;13;15;16;19;21;23;25;
1336;16/03/2016;6;8;9;10;11;12;13;14;15;17;18;19;20;22;24;
1335;14/03/2016;1;3;4;6;7;9;10;11;13;16;17;18;23;24;25;
1334;11/03/2016;3;4;6;7;9;10;11;13;15;16;17;18;19;21;22;
1333;09/03/2016;3;4;5;7;8;9;10;11;12;14;17;18;20;22;24;
1332;07/03/2016;1;4;5;6;8;11;12;13;14;15;16;18;20;21;24;
1331;04/03/2016;1;2;3;5;6;7;10;11;14;15;16;18;23;24;25;
1330;02/03/2016;4;5;7;10;12;13;16;17;18;19;20;22;23;24;25;
1329;29/02/2016;2;3;4;5;7;10;11;13;15;16;18;22;23;24;25;
1328;26/02/2016;2;5;6;8;9;10;13;15;16;17;21;22;23;24;25;
1327;24/02/2016;1;3;4;5;7;10;13;14;16;17;18;20;22;23;25;
1326;22/02/2016;1;3;4;6;8;9;10;17;18;19;20;21;22;24;25;
1325;19/02/2016;2;3;5;6;7;9;10;14;15;16;18;19;20;21;25;
1324;17/02/2016;1;4;5;6;7;8;10;11;13;17;18;19;21;24;25;
1323;15/02/2016;1;4;5;6;9;10;11;13;14;17;19;20;21;22;23;
1322;12/02/2016;1;2;6;7;8;9;11;13;15;16;17;18;21;24;25;
1321;10/02/2016;2;3;4;6;7;9;10;11;13;14;18;19;20;23;24;
1320;05/02/2016;2;3;4;5;9;11;12;13;15;16;17;21;22;23;25;
1319;03/02/2016;3;5;6;8;9;10;11;13;14;15;17;19;22;23;25;
1318;01/02/2016;1;2;3;4;6;7;8;9;12;13;14;15;17;20;23;
1317;29/01/2016;1;3;5;7;8;9;10;11;14;16;20;22;23;24;25;
1316;27/01/2016;1;2;3;4;5;6;11;12;15;17;19;20;23;24;25;
1315;25/01/2016;1;2;3;4;5;8;10;11;12;14;16;18;19;23;25;
1314;22/01/2016;3;5;8;9;10;11;14;15;16;18;19;21;22;24;25;
1313;20/01/2016;1;4;8;10;11;13;15;16;17;20;21;22;23;24;25;
1312;18/01/2016;1;2;4;5;6;7;9;11;13;18;19;20;23;24;25;
1311;15/01/2016;2;3;5;6;8;10;11;12;14;15;17;18;20;23;25;
1310;13/01/2016;1;2;3;4;5;7;8;10;11;15;17;18;19;21;23;
1309;11/01/2016;2;4;5;6;8;10;12;13;14;16;18;19;20;24;25;
1308;08/01/2016;3;5;6;7;8;9;11;14;16;17;19;20;22;23;25;
1307;06/01/2016;3;4;6;8;9;10;12;13;14;15;16;18;20;21;23;
1306;04/01/2016;1;2;5;6;7;9;12;13;14;15;18;19;20;22;23;
1305;02/01/2016;2;3;4;5;6;7;8;11;12;13;15;17;20;23;25;
1304;30/12/2015;1;2;3;7;8;10;11;13;14;17;18;19;20;21;25;
1303;28/12/2015;1;5;8;9;10;11;13;14;15;16;18;19;20;22;23;
1302;26/12/2015;3;4;6;9;11;12;13;14;15;16;17;18;20;22;25;
1301;23/12/2015;1;2;3;4;6;7;9;10;14;16;17;19;22;24;25;
1300;21/12/2015;2;6;7;9;10;11;12;13;14;15;18;20;23;24;25;
1299;18/12/2015;1;3;5;7;8;11;13;17;18;19;20;21;22;23;25;
1298;16/12/2015;2;3;4;6;7;9;12;17;18;20;21;22;23;24;25;
1297;14/12/2015;1;2;5;6;7;8;9;10;11;12;16;17;18;19;22;
1296;11/12/2015;5;7;9;10;11;14;15;16;17;18;19;20;21;23;25;
1295;09/12/2015;3;6;9;10;11;12;13;14;15;17;18;19;23;24;25;
1294;07/12/2015;2;5;6;7;8;10;11;12;13;14;16;18;20;23;25;
1293;04/12/2015;1;2;7;8;9;10;11;12;13;15;17;18;20;22;24;
1292;02/12/2015;1;2;3;7;8;10;11;14;15;17;19;22;23;24;25;
1291;30/11/2015;1;6;7;8;10;11;12;13;15;16;18;19;20;21;24;
1290;27/11/2015;1;3;4;5;6;11;13;14;16;19;20;21;22;23;25;
1289;25/11/2015;1;2;5;7;8;11;13;15;16;17;18;20;22;24;25;
1288;23/11/2015;1;2;5;9;10;13;15;16;17;18;19;20;23;24;25;
1287;20/11/2015;3;4;5;6;9;11;13;17;18;19;21;22;23;24;25;
1286;18/11/2015;1;3;4;5;7;10;11;12;16;17;19;20;21;23;25;
1285;16/11/2015;1;2;6;7;10;11;12;15;16;17;18;20;22;24;25;
1284;13/11/2015;2;4;5;7;8;10;11;13;16;17;18;20;22;23;25;
1283;11/11/2015;2;6;7;8;9;10;11;12;13;15;16;17;18;22;23;
1282;09/11/2015;5;6;7;9;10;11;12;14;17;19;20;21;22;23;25;
1281;06/11/2015;1;3;5;6;8;9;12;13;15;19;21;22;23;24;25;
1280;04/11/2015;1;3;4;5;7;9;11;14;15;17;19;22;23;24;25;
1279;03/11/2015;1;3;4;7;8;9;11;12;13;14;16;18;19;21;23;
1278;30/10/2015;4;6;7;9;10;12;15;16;17;18;19;20;21;22;24;
1277;28/10/2015;1;2;3;4;6;9;10;12;13;15;17;18;21;22;25;
1276;26/10/2015;1;3;5;7;10;12;14;15;16;18;19;21;22;23;24;
1275;23/10/2015;3;6;7;8;10;11;13;14;15;16;17;18;20;23;25;
1274;21/10/2015;1;3;7;8;10;11;12;13;14;15;18;19;20;22;25;
1273;19/10/2015;1;3;5;6;8;11;12;13;14;15;18;19;20;22;24;
1272;16/10/2015;1;4;7;9;10;14;15;17;18;19;20;21;23;24;25;
1271;14/10/2015;1;2;4;6;8;9;11;12;13;14;17;18;23;24;25;
1270;13/10/2015;1;2;3;4;5;6;8;9;10;11;13;20;21;23;25;
1269;09/10/2015;1;4;5;7;8;11;13;14;16;17;18;20;21;22;23;
1268;07/10/2015;1;2;3;6;7;8;11;12;13;15;17;18;21;22;24;
1267;05/10/2015;2;3;5;6;7;9;11;12;13;15;16;17;18;22;25;
1266;02/10/2015;1;2;3;5;6;8;9;10;11;13;14;15;20;23;24;
1265;30/09/2015;1;2;3;4;7;11;13;14;15;16;19;22;23;24;25;
1264;28/09/2015;1;4;5;8;10;11;12;14;17;18;21;22;23;24;25;
1263;25/09/2015;3;4;5;8;9;10;11;12;13;16;18;20;22;23;25;
1262;23/09/2015;1;3;4;6;8;11;12;13;16;17;20;21;22;23;24;
1261;21/09/2015;1;4;5;7;10;12;15;16;17;18;19;20;21;22;25;
1260;18/09/2015;1;2;3;4;5;6;7;11;14;15;17;18;20;22;24;
1259;16/09/2015;2;5;8;9;10;13;14;16;17;18;19;20;22;23;25;
1258;14/09/2015;2;3;4;5;6;8;9;10;12;13;14;20;21;23;25;
1257;11/09/2015;1;2;5;6;8;10;11;12;13;14;16;19;20;22;25;
1256;09/09/2015;1;2;6;8;10;11;12;13;14;15;16;18;19;22;23;
1255;08/09/2015;1;2;4;6;7;9;10;13;14;16;18;20;21;23;25;
1254;28/08/2015;2;3;8;9;11;12;14;15;16;17;18;20;21;22;23;
1253;26/08/2015;1;2;3;5;6;7;11;15;16;18;20;22;23;24;25;
1252;24/08/2015;1;3;4;5;6;8;9;10;11;12;15;20;21;23;24;
1251;21/08/2015;2;6;7;8;9;10;14;15;16;17;19;20;21;23;25;
1250;19/08/2015;2;3;4;5;7;9;10;14;15;17;18;19;20;24;25;
1249;17/08/2015;3;4;5;6;9;12;13;14;15;18;19;20;22;24;25;
1248;14/08/2015;1;3;5;10;11;12;13;15;16;17;19;20;22;24;25;
1247;12/08/2015;2;3;7;8;9;11;15;16;17;18;19;20;23;24;25;
1246;10/08/2015;1;4;7;8;9;10;12;13;16;17;18;19;22;24;25;
1245;07/08/2015;2;3;4;5;6;8;9;11;15;16;17;18;19;21;25;
1244;05/08/2015;1;3;5;7;9;10;11;12;13;16;17;19;21;23;25;
1243;03/08/2015;1;2;4;5;6;8;12;13;14;15;16;17;22;24;25;
1242;31/07/2015;1;2;4;5;7;11;14;15;16;19;20;21;23;24;25;
1241;29/07/2015;1;4;5;8;9;10;11;12;13;15;17;20;22;24;25;
1240;27/07/2015;1;2;3;4;5;6;9;12;13;16;18;19;20;22;24;
1239;24/07/2015;5;6;8;9;10;11;12;13;14;15;16;18;20;22;24;
1238;22/07/2015;2;3;5;7;8;9;11;13;14;15;16;17;18;21;25;
1237;20/07/2015;3;5;6;7;8;9;10;12;13;14;18;21;22;24;25;
1236;17/07/2015;1;2;3;5;6;7;9;10;11;12;13;17;19;23;25;
1235;15/07/2015;1;2;3;4;6;9;10;11;12;13;15;17;18;20;24;
1234;13/07/2015;1;2;5;8;9;10;14;16;17;18;19;20;21;24;25;
1233;10/07/2015;1;4;5;9;10;13;14;15;16;17;18;19;22;23;25;
1232;08/07/2015;2;3;5;6;9;10;13;14;15;16;19;21;23;24;25;
1231;06/07/2015;1;3;4;5;7;8;12;13;15;16;18;20;21;22;25;
1230;03/07/2015;1;2;3;5;6;7;8;10;11;12;13;17;18;19;21;
1229;01/07/2015;1;2;3;5;6;7;8;13;14;17;19;20;22;24;25;
1228;29/06/2015;1;2;3;4;6;7;9;10;12;13;17;20;22;23;24;
1227;26/06/2015;1;2;7;8;9;10;11;12;13;14;17;19;21;22;25;
1226;24/06/2015;1;3;5;7;8;10;11;14;15;17;19;21;22;23;24;
1225;22/06/2015;2;3;5;7;11;13;14;15;17;18;20;21;23;24;25;
1224;19/06/2015;1;2;4;5;6;8;9;11;12;14;15;16;17;18;19;
1223;17/06/2015;2;6;7;8;9;10;13;14;16;17;18;20;21;22;23;
1222;15/06/2015;1;2;3;4;5;8;9;10;11;13;15;17;20;22;24;
1221;12/06/2015;2;3;4;6;9;10;12;14;15;18;19;21;22;23;24;
1220;10/06/2015;2;3;4;5;6;7;9;13;14;17;18;19;20;23;25;
1219;08/06/2015;2;3;4;5;6;8;9;10;14;16;19;20;22;23;25;
1218;05/06/2015;1;2;3;4;5;7;9;10;11;13;14;18;20;21;23;
1217;03/06/2015;1;3;6;7;8;9;10;11;12;13;17;19;20;24;25;
1216;01/06/2015;1;2;3;7;10;12;14;15;17;18;20;21;22;23;24;
1215;29/05/2015;3;7;9;11;12;13;14;15;16;17;18;20;21;22;24;
1214;27/05/2015;1;2;3;4;5;7;8;9;13;14;18;19;20;21;23;
1213;25/05/2015;2;3;5;6;7;8;9;10;14;17;18;20;23;24;25;
1212;22/05/2015;1;2;3;5;6;7;8;9;10;15;16;17;18;20;24;
1211;20/05/2015;1;2;3;5;7;10;11;12;13;15;16;17;20;23;24;
1210;18/05/2015;1;2;4;8;10;11;13;15;16;18;19;20;21;22;25;
1209;15/05/2015;3;4;5;7;8;9;10;11;14;15;16;18;19;20;24;
1208;13/05/2015;1;2;3;4;5;10;11;14;15;18;19;20;22;24;25;
1207;11/05/2015;1;3;4;7;9;10;11;12;13;14;15;18;19;21;24;
1206;08/05/2015;1;3;5;7;10;11;13;14;15;18;21;22;23;24;25;
1205;06/05/2015;1;3;6;8;9;11;12;14;17;18;20;21;22;24;25;
1204;04/05/2015;1;2;5;7;8;9;12;13;15;16;19;20;21;22;23;
1203;02/05/2015;1;2;3;5;6;11;12;13;14;15;17;22;23;24;25;
1202;29/04/2015;2;3;4;8;10;13;14;16;17;18;19;20;23;24;25;
1201;27/04/2015;5;6;9;10;11;14;16;18;19;20;21;22;23;24;25;
1200;24/04/2015;3;4;5;6;7;8;10;11;12;14;15;16;22;24;25;
1199;22/04/2015;1;2;3;4;5;6;10;14;15;16;19;21;22;24;25;
1198;20/04/2015;1;3;4;6;7;9;10;11;15;17;20;21;22;23;25;
1197;17/04/2015;1;4;5;6;7;8;11;13;14;16;17;18;20;24;25;Rateio em processamento. Tente mais tarde.
1196;15/04/2015;1;2;4;6;7;8;9;11;12;16;17;18;19;20;23;
1195;13/04/2015;1;5;6;9;10;11;12;14;15;17;18;19;20;22;25;
1194;10/04/2015;2;4;8;9;10;12;15;16;17;18;19;22;23;24;25;
1193;08/04/2015;1;4;7;8;9;10;13;14;15;18;19;20;22;23;25;
1192;06/04/2015;1;2;3;4;5;6;9;11;12;13;15;16;19;20;21;
1191;04/04/2015;1;2;3;5;7;10;12;13;14;16;17;18;22;24;25;
1190;01/04/2015;2;3;4;6;9;10;11;14;15;16;17;21;22;23;25;
1189;30/03/2015;3;4;5;8;9;12;13;14;15;17;18;19;20;21;25;
1188;27/03/2015;1;2;4;5;6;8;10;12;13;14;18;20;22;23;24;
1187;25/03/2015;1;2;4;7;8;10;11;12;14;16;19;21;22;23;25;
1186;23/03/2015;1;2;4;5;6;9;11;14;15;16;18;20;22;23;24;
1185;20/03/2015;3;5;6;7;9;13;14;16;18;19;21;22;23;24;25;
1184;18/03/2015;2;4;6;7;10;11;12;14;16;17;18;19;20;21;25;
1183;16/03/2015;1;3;4;9;11;13;14;15;16;18;19;20;22;24;25;
1182;13/03/2015;3;6;7;8;10;12;13;16;18;19;20;21;22;24;25;
1181;11/03/2015;3;4;5;6;7;8;9;11;13;14;20;21;22;23;24;
1180;09/03/2015;1;2;6;7;8;9;10;11;13;14;15;19;20;22;23;VALOR ACUMULADO DO PRÓXIMO CONCURSO: R$ 2.182.774,65.
1179;06/03/2015;1;2;3;5;6;7;8;9;13;15;18;19;20;21;25;
1178;04/03/2015;1;4;7;8;9;11;12;16;17;18;19;20;21;23;24;
1177;02/03/2015;2;3;5;6;8;9;10;11;12;16;17;20;22;23;25;
1176;27/02/2015;2;3;5;7;10;11;12;13;15;16;18;19;20;23;25;
1175;25/02/2015;1;3;4;8;10;12;13;14;15;19;20;21;23;24;25;
1174;23/02/2015;1;2;3;5;6;8;9;10;11;13;15;17;18;19;23;
1173;20/02/2015;1;2;4;5;7;8;9;11;14;16;18;19;20;21;22;
1172;18/02/2015;2;6;8;9;10;11;12;13;14;16;19;20;23;24;25;
1171;13/02/2015;1;7;8;11;12;13;14;15;16;17;18;20;21;22;23;
1170;11/02/2015;1;2;4;7;8;10;13;15;16;18;19;20;21;22;25;
1169;09/02/2015;2;3;4;7;8;9;12;15;16;17;18;21;22;24;25;
1168;06/02/2015;1;3;4;5;7;8;9;10;11;13;16;19;23;24;25;
1167;04/02/2015;1;2;4;5;7;8;9;11;12;14;15;16;18;21;23;
1166;02/02/2015;2;4;5;6;9;10;12;14;15;17;18;19;20;21;24;
1165;30/01/2015;1;2;3;5;8;9;10;12;15;17;18;19;21;22;25;
1164;28/01/2015;3;4;5;8;10;11;13;15;17;20;21;22;23;24;25;
1163;26/01/2015;2;6;7;9;11;12;13;14;16;17;19;20;21;23;24;
1162;23/01/2015;1;3;4;7;9;11;13;15;18;19;20;21;23;24;25;
1161;21/01/2015;1;2;4;5;6;8;10;11;15;17;18;19;22;24;25;
1160;19/01/2015;2;4;5;6;7;8;10;11;15;16;17;18;21;22;25;
1159;16/01/2015;1;2;3;4;6;8;9;14;15;16;17;22;23;24;25;
1158;14/01/2015;2;3;5;7;10;13;14;15;16;17;19;20;22;24;25;
1157;12/01/2015;2;4;5;6;7;8;11;12;13;15;16;18;21;22;24;
1156;09/01/2015;1;3;4;6;7;11;12;13;14;15;17;21;22;24;25;
1155;07/01/2015;1;2;3;4;8;9;12;13;15;16;18;19;22;24;25;
1154;05/01/2015;1;3;4;5;10;11;13;15;16;17;19;21;23;24;25;
1153;02/01/2015;1;2;3;5;6;8;9;12;13;15;18;19;20;24;25;
1152;31/12/2014;3;4;5;7;8;9;10;12;16;18;19;20;21;22;25;
1151;29/12/2014;1;3;7;9;10;11;12;14;15;16;20;21;22;24;25;
1150;26/12/2014;5;7;8;9;11;12;13;14;15;17;18;20;22;23;24;
1149;24/12/2014;1;2;3;6;7;8;10;12;15;17;18;19;21;22;23;
1148;22/12/2014;1;3;4;5;6;9;10;13;14;16;17;18;19;20;24;
1147;19/12/2014;1;6;7;8;9;11;12;14;15;16;18;19;20;22;25;
1146;17/12/2014;2;3;4;5;7;11;13;15;17;18;19;21;22;24;25;
1145;15/12/2014;3;4;5;6;8;9;11;13;14;15;16;17;18;23;24;
1144;12/12/2014;2;3;4;6;7;8;10;13;14;17;18;19;23;24;25;
1143;10/12/2014;1;3;4;6;10;11;12;13;14;16;17;18;23;24;25;
1142;08/12/2014;2;4;7;8;9;10;12;13;15;16;19;20;22;23;24;
1141;05/12/2014;5;6;9;10;11;12;13;15;16;17;18;22;23;24;25;
1140;03/12/2014;3;4;5;6;7;8;10;15;18;19;20;21;23;24;25;
1139;01/12/2014;1;2;3;6;11;13;14;15;16;17;18;19;21;22;25;
1138;28/11/2014;1;2;3;5;6;7;10;11;13;15;16;18;20;21;22;
1137;26/11/2014;2;4;5;7;8;9;10;11;12;15;19;20;21;23;25;
1136;24/11/2014;1;2;5;6;7;9;10;11;15;17;18;19;21;22;24;
1135;21/11/2014;3;4;5;8;9;10;12;15;16;17;18;19;23;24;25;
1134;19/11/2014;1;2;4;8;10;11;12;13;14;15;17;18;20;23;25;
1133;17/11/2014;2;4;5;6;7;8;9;10;12;13;14;16;18;24;25;
1132;14/11/2014;1;2;6;7;8;9;11;12;13;14;17;21;22;23;24;
1131;12/11/2014;2;3;4;6;12;14;15;16;17;19;20;21;22;24;25;
1130;10/11/2014;1;2;5;8;10;11;12;13;14;15;17;20;22;24;25;
1129;07/11/2014;2;3;4;5;7;8;12;13;16;17;18;19;21;22;23;
1128;05/11/2014;1;2;3;4;6;7;10;11;12;14;16;17;20;24;25;
1127;03/11/2014;1;3;4;6;8;9;11;13;14;15;16;17;22;23;24;
1126;31/10/2014;3;5;6;7;8;12;13;16;17;18;19;22;23;24;25;
1125;29/10/2014;1;3;4;6;9;11;12;13;15;16;17;18;21;22;25;
1124;27/10/2014;1;3;4;5;6;8;10;12;13;15;19;21;22;24;25;
1123;24/10/2014;2;4;6;7;8;10;11;13;15;16;17;19;22;23;24;
1122;22/10/2014;2;3;7;10;11;12;13;14;16;19;20;21;23;24;25;
1121;20/10/2014;1;2;4;5;6;8;9;11;12;17;18;20;22;23;25;
1120;17/10/2014;2;4;5;6;8;9;10;12;13;14;16;17;18;19;24;
1119;15/10/2014;1;2;3;5;6;7;8;10;12;14;15;17;18;20;23;
1118;13/10/2014;1;2;5;6;8;10;11;13;14;15;20;21;23;24;25;
1117;10/10/2014;1;2;3;5;7;8;11;12;13;14;15;16;19;21;23;
1116;08/10/2014;1;2;3;4;5;6;9;12;15;17;18;21;22;24;25;
1115;06/10/2014;2;3;7;8;9;10;11;12;17;18;20;22;23;24;25;
1114;03/10/2014;1;2;3;4;5;6;8;10;11;12;15;18;19;20;22;SORTEIO REALIZADO EM ESTÚDIO DE TV.
1113;01/10/2014;1;3;6;7;9;12;13;14;15;17;19;20;22;24;25;
1112;29/09/2014;1;2;3;6;7;8;12;13;15;16;17;18;20;22;24;
1111;26/09/2014;2;3;4;6;9;11;12;13;14;15;16;22;23;24;25;
1110;24/09/2014;1;2;3;4;6;9;10;15;17;18;19;20;22;24;25;
1109;22/09/2014;1;4;5;6;7;8;9;10;11;17;18;19;20;21;25;
1108;19/09/2014;1;2;4;5;7;8;9;12;13;14;17;21;22;24;25;
1107;17/09/2014;1;2;4;8;9;10;11;12;14;16;18;19;20;21;24;
1106;15/09/2014;2;3;4;9;10;11;12;13;14;15;16;19;21;23;24;
1105;12/09/2014;1;2;4;6;7;9;11;13;15;17;18;20;23;24;25;
1104;10/09/2014;2;5;6;8;9;11;13;14;15;16;18;19;21;22;23;
1103;08/09/2014;2;4;5;7;9;10;11;12;14;16;18;20;21;22;25;
1102;07/09/2014;2;3;5;6;8;12;14;15;18;19;20;21;22;23;24;Sorteio transmitido ao vivo por emissora de TV.
1101;29/08/2014;1;2;3;6;9;10;11;13;15;17;18;19;23;24;25;
1100;27/08/2014;5;6;7;9;10;11;12;14;15;16;18;19;20;23;24;
1099;25/08/2014;2;3;6;7;8;11;12;13;14;16;21;22;23;24;25;SORTEIO REALIZADO EM ESTÚDIO DE TV
1098;22/08/2014;3;4;5;7;8;10;11;12;14;15;16;18;23;24;25;SORTEIO REALIZADO EM ESTÚDIO DE TV
1097;20/08/2014;4;5;6;9;10;12;14;15;16;18;19;20;23;24;25;
1096;18/08/2014;1;2;4;7;8;10;12;13;14;15;20;21;22;23;25;SORTEIO REALIZADO EM ESTÚDIO DE TV
1095;15/08/2014;2;3;5;6;7;9;15;16;17;18;21;22;23;24;25;SORTEIO REALIZADO EM ESTÚDIO DE TV.
1094;13/08/2014;1;2;3;4;5;6;8;9;10;12;14;16;19;22;25;
1093;11/08/2014;1;2;4;5;6;9;10;11;13;18;21;22;23;24;25;Sorteio realizado em Estúdio de TV.
1092;08/08/2014;4;5;8;9;11;12;13;14;15;18;19;20;22;24;25;Sorteio realizado em Estúdio de TV.
1091;06/08/2014;2;4;5;6;7;9;10;12;13;14;16;20;23;24;25;
1090;04/08/2014;3;5;8;9;10;11;13;14;15;17;18;20;21;22;24;
1089;01/08/2014;2;3;4;6;8;12;13;14;15;16;19;21;22;23;24;SORTEIO REALIZADO EM ESTÚDIO DE TV.
1088;30/07/2014;1;2;3;5;6;7;9;10;12;13;18;19;20;22;23;
1087;28/07/2014;2;3;4;6;9;12;13;16;17;18;19;20;21;23;24;Sorteio realizado em Estúdio de TV.
1086;25/07/2014;2;4;5;7;10;12;13;15;17;18;19;21;22;23;24;Sorteio realizado em Estúdio de TV.
1085;23/07/2014;3;6;7;8;9;10;14;16;18;19;21;22;23;24;25;
1084;21/07/2014;1;2;3;4;5;6;7;9;10;13;17;18;21;24;25;SORTEIO REALIZADO EM ESTÚDIO DE TV.
1083;18/07/2014;1;2;3;4;6;11;13;16;17;18;20;21;22;23;24;Sorteio realizado em Estúdio de TV.
1082;16/07/2014;3;7;9;10;11;13;15;16;17;18;19;21;22;23;24;
1081;14/07/2014;1;5;6;7;10;12;13;14;15;16;18;19;21;22;23;SORTEIO REALIZADO EM ESTÚDIO DE TV
1080;11/07/2014;2;3;5;6;10;11;12;14;15;16;17;21;22;23;25;SORTEIO REALIZADO EM ESTÚDIO DE TV
1079;09/07/2014;5;6;7;8;11;13;14;15;16;17;19;20;21;22;24;
1078;07/07/2014;2;4;5;6;7;9;10;11;13;17;18;21;23;24;25;
1077;04/07/2014;1;2;5;6;7;8;10;12;13;14;15;19;20;21;24;
1076;02/07/2014;4;9;10;11;12;13;14;15;16;17;18;20;21;22;25;
1075;30/06/2014;1;2;6;9;10;12;15;16;17;18;21;22;23;24;25;
1074;27/06/2014;1;4;7;8;9;10;11;13;17;20;21;22;23;24;25;
1073;25/06/2014;1;3;4;5;6;7;13;16;17;19;20;21;22;23;24;
1072;23/06/2014;1;2;3;4;5;7;9;13;14;15;17;20;22;23;25;SORTEIO REALIZADO EM ESTÚDIO DE TV
1071;20/06/2014;2;3;4;5;6;10;11;12;13;14;16;17;21;22;24;Sorteio realizado em Estúdio de TV.
1070;18/06/2014;4;9;10;11;12;13;16;18;19;20;21;22;23;24;25;
1069;16/06/2014;1;3;4;8;10;11;12;13;15;16;17;22;23;24;25;
1068;13/06/2014;2;6;7;10;11;13;14;15;16;17;18;20;21;22;24;SORTEIO REALIZADO EM ESTÚDIO DE TV
1067;11/06/2014;1;2;3;4;5;7;10;11;13;14;15;17;21;22;25;
1066;09/06/2014;2;4;5;6;10;11;14;16;17;18;19;21;22;23;24;
1065;06/06/2014;2;3;4;5;6;12;14;15;17;19;20;21;22;24;25;Sorteio realizado em Estúdio de TV.
1064;04/06/2014;2;3;7;8;9;10;11;14;15;16;18;19;21;24;25;
1063;02/06/2014;2;5;6;7;10;12;13;14;15;16;20;21;22;24;25;SORTEIO REALIZADO EM ESTÚDIO DE TV
1062;30/05/2014;3;4;5;7;8;9;11;13;15;16;17;19;20;23;25;Sorteio realizado em Estúdio de TV.
1061;28/05/2014;2;3;5;7;8;9;12;14;15;16;19;21;22;23;24;
1060;26/05/2014;1;2;4;5;7;8;13;14;15;16;17;20;21;22;23;SORTEIO REALIZADO EM ESTÚDIO DE TV
1059;23/05/2014;1;2;3;5;7;8;11;14;15;16;19;20;21;22;24;SORTEIO REALIZADO EM ESTÚDIO DE TV.
1058;21/05/2014;4;5;6;7;9;12;13;16;17;18;20;21;22;24;25;
1057;19/05/2014;1;4;6;7;8;9;11;13;14;16;19;20;21;23;25;Sorteio realizado em Estúdio de TV.
1056;16/05/2014;2;4;5;6;8;9;10;11;14;15;18;19;21;22;23;Sorteio realizado em Estúdio de TV.
1055;14/05/2014;1;2;3;7;8;9;10;12;13;14;18;22;23;24;25;
1054;12/05/2014;2;3;4;5;6;9;12;13;15;16;17;18;20;24;25;SORTEIO REALIZADO EM ESTÚDIO DE TV
1053;09/05/2014;1;2;3;4;6;11;12;13;14;15;17;18;22;23;24;SORTEIO REALIZADO EM ESTÚDIO DE TV
1052;07/05/2014;1;3;4;5;6;8;10;11;16;17;18;20;21;23;24;
1051;05/05/2014;2;3;4;7;8;10;11;13;14;16;18;20;21;23;25;Sorteio realizado em Estúdio de TV.
1050;02/05/2014;1;4;6;7;10;12;13;15;16;17;19;21;22;24;25;SORTEIO REALIZADO EM ESTÚDIO DE TV.
1049;30/04/2014;2;4;5;9;12;14;16;17;18;19;20;21;22;23;25;
1048;28/04/2014;1;2;3;5;6;7;9;10;15;16;17;18;20;21;25;SORTEIO REALIZADO EM ESTÚDIO DE TV.
1047;25/04/2014;4;7;8;9;10;11;12;15;16;17;20;21;22;24;25;SORTEIO REALIZADO EM ESTÚDIO DE TV.
1046;23/04/2014;3;4;5;7;8;11;12;13;14;18;20;21;22;23;25;
1045;19/04/2014;2;3;5;6;9;11;15;16;17;20;21;22;23;24;25;
1044;16/04/2014;2;4;5;6;7;8;10;11;12;15;17;20;23;24;25;
1043;14/04/2014;1;2;6;7;8;9;10;11;12;14;17;18;19;24;25;Sorteio realizado em Estúdio de TV.
1042;11/04/2014;1;3;6;7;8;9;10;11;14;15;16;19;21;22;24;Sorteio realizado em Estúdio de TV.
1041;09/04/2014;1;3;5;7;10;12;13;15;17;19;20;21;23;24;25;
1040;07/04/2014;1;2;4;6;8;9;10;12;13;16;20;21;22;23;25;Sorteio realizado em Estúdio de TV.
1039;04/04/2014;1;2;3;8;9;12;13;14;15;18;19;20;21;22;24;SORTEIO REALIZADO EM ESTÚDIO DE TV.
1038;02/04/2014;2;6;7;8;9;10;13;16;17;18;19;20;21;24;25;
1037;31/03/2014;1;5;6;9;10;11;12;15;17;18;20;21;23;24;25;SORTEIO REALIZADO EM ESTÚDIO DE TV.
1036;28/03/2014;4;5;7;9;10;11;12;14;17;18;19;20;21;22;24;SORTEIO REALIZADO EM ESTÚDIO DE TV
1035;26/03/2014;4;6;7;9;12;13;14;15;18;19;20;21;22;23;25;
1034;24/03/2014;2;3;4;6;8;10;12;13;14;17;18;19;20;21;23;Sorteio realizado em estúdio de TV.
1033;21/03/2014;3;4;6;7;8;12;13;14;16;17;18;21;22;23;24;Sorteio realizado em Estúdio de TV.
1032;19/03/2014;1;2;3;4;6;8;10;11;13;14;16;17;18;20;23;
1031;17/03/2014;1;2;4;5;6;9;11;12;14;15;17;19;20;22;24;Sorteio realizado em Estúdio de TV.
1030;14/03/2014;1;2;3;4;8;9;10;11;15;16;17;18;19;20;23;SORTEIO REALIZADO EM ESTÚDIO DE TV
1029;12/03/2014;1;2;3;6;8;11;13;14;17;18;19;22;23;24;25;
1028;10/03/2014;4;5;6;7;8;9;10;11;16;17;19;20;23;24;25;Sorteio realizado em Estúdio de TV.
1027;07/03/2014;1;3;5;6;8;9;10;12;14;15;16;19;21;23;25;Sorteio realizado em Estúdio de TV.
1026;05/03/2014;1;5;6;7;11;12;14;15;16;18;19;20;21;23;24;
1025;28/02/2014;1;2;7;9;11;13;14;15;16;17;18;19;22;23;25;SORTEIO REALIZADO EM ESTÚDIO DE TV
1024;26/02/2014;1;2;4;7;9;10;11;12;13;14;17;20;21;22;23;
1023;24/02/2014;1;2;3;6;7;8;9;11;13;14;16;18;21;22;23;SORTEIO REALIZADO EM ESTÚDIO DE TV.
1022;21/02/2014;1;3;4;5;7;8;9;10;14;16;18;21;22;24;25;SORTEIO REALIZADO EM ESTÚDIO DE TV.
1021;19/02/2014;1;5;6;9;10;13;14;15;16;18;19;20;21;22;23;
1020;17/02/2014;2;3;5;7;9;11;12;13;15;16;18;19;20;21;24;SORTEIO REALIZADO EM ESTÚDIO DE TV
1019;14/02/2014;1;2;3;4;5;7;8;10;12;17;18;20;21;22;23;SORTEIO REALIZADO EM ESTÚDIO DE TV.
1018;12/02/2014;2;4;5;7;8;10;11;12;14;16;17;18;19;22;24;
1017;10/02/2014;1;2;3;4;8;9;10;11;12;15;16;17;19;21;23;Sorteio realizado em Estúdio de TV.
1016;07/02/2014;1;2;3;5;6;11;12;14;15;16;19;20;21;23;25;Sorteio realizado em Estúdio de TV.
1015;05/02/2014;1;2;3;5;6;7;8;13;15;16;17;18;20;21;23;
1014;03/02/2014;1;2;8;9;10;12;13;14;17;18;20;22;23;24;25;SORTEIO REALIZADO EM ESTUDIO DE TV
1013;31/01/2014;1;2;3;4;5;7;10;11;13;17;18;19;20;21;23;Sorteio realizado em Estúdio de TV.
1012;29/01/2014;1;2;7;9;11;12;14;15;16;17;18;21;22;24;25;
1011;27/01/2014;1;3;4;5;7;9;10;13;15;17;18;19;23;24;25;Sorteio realizado em Estúdio de TV.
1010;24/01/2014;1;2;4;6;8;10;11;13;14;15;16;19;21;22;23;SORTEIO REALIZADO EM ESTÚDIO DE TV.
1009;22/01/2014;2;4;6;9;10;11;12;14;15;17;18;19;20;22;24;
1008;20/01/2014;1;3;6;7;8;9;10;12;13;16;17;18;19;21;22;Sorteio realizado em Estúdio de TV.
1007;17/01/2014;1;2;3;6;7;9;10;11;12;18;20;22;23;24;25;Sorteio realizado em Estúdio de TV.
1006;15/01/2014;1;3;4;5;6;7;9;13;14;15;16;20;22;23;24;
1005;13/01/2014;1;5;7;9;10;12;14;15;16;18;19;20;21;22;24;Sorteio realizado em Estúdio de TV.
1004;10/01/2014;1;2;3;6;10;12;14;15;18;19;20;21;22;24;25;Sorteio realizado em Estúdio de TV.
1003;09/01/2014;1;2;3;6;8;10;12;14;16;17;19;20;21;23;25;
1002;06/01/2014;3;4;8;10;12;13;14;15;16;17;18;20;21;22;24;Sorteio realizado em Estúdio de TV.
1001;03/01/2014;5;6;7;8;10;11;12;13;14;17;19;20;21;23;25;SORTEIO REALIZADO EM ESTÚDIO DE TV.
1000;30/12/2013;2;3;4;8;11;12;13;14;15;16;17;18;19;20;22;Sorteio realizado em Estúdio de TV.
999;27/12/2013;1;2;5;6;7;8;10;12;13;14;15;16;18;21;24;Sorteio realizado em Estúdio de TV.
998;23/12/2013;1;2;3;4;5;9;11;12;14;17;19;20;21;22;23;SORTEIO REALIZADO EM ESTÚDIO DE TV.
997;20/12/2013;2;4;5;7;9;10;12;15;16;17;18;19;22;23;24;
996;18/12/2013;2;3;4;6;7;9;13;16;17;18;20;21;23;24;25;
995;16/12/2013;1;2;3;4;7;8;9;12;13;14;17;20;22;23;24;Sorteio realizado em Estúdio de TV.
994;13/12/2013;3;5;7;8;9;11;12;13;14;15;16;18;22;23;25;SORTEIO REALIZADO EM ESTÚDIO DE TV
993;11/12/2013;2;4;5;7;9;10;12;14;17;20;21;22;23;24;25;
992;09/12/2013;1;3;4;5;7;8;9;10;11;13;15;17;19;20;24;Sorteio realizado em Estúdio de TV.
991;06/12/2013;1;2;5;6;7;9;12;14;15;17;18;21;22;24;25;Sorteio realizado em Estúdio de TV.
990;04/12/2013;1;5;6;7;8;10;11;12;13;15;16;19;20;22;24;
989;02/12/2013;3;4;6;8;9;10;13;14;15;17;18;19;22;23;24;Sorteio realizado em Estúdio de TV.
988;29/11/2013;1;3;5;7;9;11;12;13;15;16;17;19;20;24;25;Sorteio realizado em Estúdio de TV.
987;27/11/2013;2;4;5;6;7;9;11;12;13;15;18;19;20;22;23;
986;25/11/2013;1;2;5;7;11;13;14;15;16;18;20;21;22;23;24;SORTEIO REALIZADO EM ESTÚDIO DE TV.
985;22/11/2013;3;4;6;7;9;12;13;14;17;18;21;22;23;24;25;SORTEIO REALIZADO EM ESTÚDIO DE TV
984;20/11/2013;2;4;8;9;10;11;12;13;15;20;21;22;23;24;25;
983;18/11/2013;2;4;5;6;7;8;10;11;14;15;16;18;19;21;25;Sorteio realizado em Estúdio de TV.
982;16/11/2013;1;3;4;5;6;7;9;13;14;17;18;20;21;23;24;
981;13/11/2013;1;2;3;4;6;8;9;12;16;18;19;21;22;24;25;
980;11/11/2013;1;2;6;7;8;9;10;11;12;13;17;20;21;22;24;SORTEIO REALIZADO EM ESTÚDIO DE TV.
979;08/11/2013;2;5;6;7;8;9;10;14;16;19;21;22;23;24;25;SORTEIO REALIZADO EM ESTÚDIO DE TV.
978;06/11/2013;3;4;5;6;7;8;9;11;12;13;14;15;16;18;25;
977;04/11/2013;1;2;6;7;8;10;11;13;14;17;18;20;22;23;24;Sorteio realizado em Estúdio de TV.
976;01/11/2013;1;2;3;4;6;7;10;11;13;14;19;21;23;24;25;
975;30/10/2013;1;2;4;6;7;10;11;12;13;14;16;17;19;20;24;
974;28/10/2013;1;4;6;7;8;9;10;12;14;15;17;19;21;22;24;SORTEIO REALIZADO EM ESTÚDIO DE TV
973;25/10/2013;1;2;3;5;6;8;11;14;15;18;20;21;22;24;25;Sorteio realizado em Estúdio de TV.
972;23/10/2013;1;3;6;8;11;13;14;15;16;20;21;22;23;24;25;
971;21/10/2013;3;4;5;6;7;9;10;11;18;20;21;22;23;24;25;SORTEIO REALIZADO EM ESTÚDIO DE TV
970;18/10/2013;1;3;6;8;9;10;12;15;17;18;19;20;21;23;24;SORTEIO REALIZADO EM ESTÚDIO DE TV.
969;16/10/2013;1;3;4;5;9;10;11;12;16;17;18;19;20;22;24;
968;14/10/2013;2;3;4;5;7;9;11;13;14;16;18;19;20;21;25;Sorteio realizado em Estúdio de TV.
967;11/10/2013;2;3;4;6;8;9;10;11;16;17;20;21;22;23;25;Sorteio realizado em Estúdio de TV.
966;09/10/2013;2;3;4;5;6;7;8;10;11;12;17;19;21;22;25;
965;07/10/2013;3;4;8;9;10;11;13;14;15;16;18;19;21;22;24;Sorteio realizado em Estúdio de TV.
964;04/10/2013;1;2;3;4;7;9;10;11;15;17;18;19;20;21;23;SORTEIO REALIZADO EM ESTÚDIO DE TV.
963;02/10/2013;3;4;6;7;9;10;11;14;15;16;17;18;19;23;24;
962;30/09/2013;1;4;6;8;9;11;13;14;15;17;20;21;22;23;25;Sorteio realizado em Estúdio de TV.
961;27/09/2013;1;2;3;4;5;7;9;11;12;15;18;20;21;22;25;Sorteio realizado em Estúdio de TV.
960;25/09/2013;1;2;3;4;6;7;10;12;14;16;17;18;20;21;24;
959;23/09/2013;2;5;6;9;11;12;14;16;19;20;21;22;23;24;25;
958;20/09/2013;1;4;5;6;9;12;13;14;16;17;19;20;21;22;24;
957;18/09/2013;1;3;4;5;6;7;8;13;15;16;21;22;23;24;25;
956;16/09/2013;2;3;4;5;6;8;11;12;13;16;17;18;19;21;22;
955;13/09/2013;1;2;4;5;7;9;10;11;12;13;14;16;18;21;24;
954;11/09/2013;3;5;6;8;10;11;12;13;14;16;18;20;23;24;25;
953;09/09/2013;1;2;5;6;7;9;10;12;13;14;15;16;18;21;24;
952;07/09/2013;1;3;4;6;8;11;12;14;17;18;19;21;22;23;25;SORTEIO TRANSMITIDO AO VIVO POR EMISSORA DE TV.
951;30/08/2013;3;7;8;9;10;13;14;15;17;19;20;21;22;23;25;A Lotofácil da Independência, concurso especial 952, com apostas até 19h de sexta (06/09). O sorteio será realizado às 10h do dia 07/09 (sábado).
950;28/08/2013;2;4;5;7;8;9;12;13;14;17;18;19;20;21;25;
949;26/08/2013;1;6;7;8;9;10;11;12;13;14;15;16;17;21;23;
948;23/08/2013;1;2;5;6;8;9;11;13;16;17;18;19;21;22;24;
947;21/08/2013;1;2;3;5;7;9;10;11;12;15;16;18;20;22;24;
946;19/08/2013;1;7;8;9;10;14;16;17;18;19;20;21;22;24;25;
945;16/08/2013;2;3;4;5;6;9;11;13;18;19;20;21;23;24;25;
944;14/08/2013;1;8;9;10;11;12;13;14;16;17;18;19;21;24;25;
943;12/08/2013;3;4;5;6;9;10;12;13;14;15;17;18;21;22;23;
942;09/08/2013;1;3;4;5;6;7;11;12;13;18;19;20;21;22;24;
941;07/08/2013;1;2;3;4;5;7;8;9;10;11;15;16;18;23;25;
940;05/08/2013;2;3;4;6;7;9;13;14;16;17;18;19;20;24;25;
939;02/08/2013;1;4;5;6;7;9;10;11;15;16;18;19;20;21;25;
938;31/07/2013;2;3;4;6;7;10;11;13;15;16;17;18;19;20;25;
937;29/07/2013;1;2;6;9;10;11;12;13;14;16;19;20;23;24;25;Sorteio realizado em estúdio de TV.
936;26/07/2013;1;2;3;4;6;7;8;13;15;17;18;19;20;23;25;
935;24/07/2013;1;2;3;4;5;6;7;9;10;12;14;18;19;22;23;
934;22/07/2013;2;3;4;8;9;10;11;14;19;20;21;22;23;24;25;Sorteio realizado em Estúdio de TV.
933;19/07/2013;2;3;4;5;6;7;10;11;14;15;16;17;19;23;24;
932;17/07/2013;1;4;5;8;12;13;14;15;16;18;20;21;22;23;25;
931;15/07/2013;2;3;5;6;8;10;11;12;14;16;19;20;22;24;25;SORTEIO REALIZADO EM ESTÚDIO DE TV.
930;12/07/2013;2;3;5;6;9;11;12;14;15;16;20;22;23;24;25;
929;10/07/2013;1;2;4;5;7;8;9;10;11;14;18;20;21;23;25;
928;08/07/2013;1;4;6;8;9;10;11;12;14;15;17;19;23;24;25;SORTEIO REALIZADO EM ESTÚDIO DE TV.
927;05/07/2013;2;3;5;6;9;11;13;14;16;17;20;21;22;23;25;
926;03/07/2013;1;5;6;7;8;9;10;11;12;13;14;15;19;21;24;
925;01/07/2013;1;3;4;6;7;9;12;13;14;15;16;22;23;24;25;SORTEIO REALIZADO EM ESTÚDIO DE TV.
924;28/06/2013;1;2;6;7;8;9;10;12;14;16;17;18;19;20;24;
923;26/06/2013;1;3;4;5;6;7;10;12;14;15;19;20;22;24;25;
922;24/06/2013;2;4;5;6;8;9;12;15;16;17;20;21;22;23;24;
921;21/06/2013;1;2;3;4;7;9;12;15;16;17;18;19;21;24;25;
920;19/06/2013;1;2;3;4;5;6;10;12;13;15;16;19;20;22;23;
919;17/06/2013;1;2;3;4;5;7;9;10;11;13;14;17;19;21;22;SORTEIO REALIZADO EM ESTÚDIO DE TV.
918;14/06/2013;1;2;3;4;6;8;9;13;14;15;16;17;21;22;23;
917;12/06/2013;1;2;3;4;5;6;11;13;14;17;19;20;21;22;24;
916;10/06/2013;1;2;3;4;5;6;7;11;13;14;17;18;19;23;24;SORTEIO REALIZADO EM ESTÚDIO DE TV.
915;07/06/2013;1;2;4;5;6;8;10;11;13;18;20;22;23;24;25;
914;05/06/2013;1;3;4;5;6;10;11;12;15;17;18;20;22;23;24;
913;03/06/2013;3;4;5;6;10;12;13;15;17;18;19;20;22;24;25;SORTEIO REALIZADO EM ESTÚDIO DE TV.
912;31/05/2013;2;3;4;7;10;14;15;16;17;18;19;20;21;22;23;
911;29/05/2013;1;2;3;5;6;8;11;13;15;17;21;22;23;24;25;
910;27/05/2013;3;4;5;6;8;9;11;13;16;17;18;19;20;24;25;SORTEIO REALIZADO EM ESTÚDIO DE TV.
909;24/05/2013;1;2;3;5;6;7;8;10;11;12;13;18;20;21;22;
908;22/05/2013;1;2;4;6;7;9;10;12;13;15;17;18;23;24;25;
907;20/05/2013;2;3;4;5;7;8;10;13;14;15;16;20;21;22;23;SORTEIO REALIZADO EM ESTÚDIO DE TV.
906;17/05/2013;1;2;3;5;6;7;8;9;10;12;17;18;21;22;24;
905;15/05/2013;1;4;6;8;10;11;12;13;14;16;17;20;21;22;23;
904;13/05/2013;1;5;6;7;9;10;12;13;16;17;18;19;20;22;24;SORTEIO REALIZADO EM ESTÚDIO DE TV.
903;10/05/2013;1;2;3;4;5;6;8;10;11;13;15;16;18;20;22;
902;08/05/2013;1;2;3;4;5;6;8;9;11;17;20;21;23;24;25;
901;06/05/2013;1;2;4;6;7;10;12;13;14;16;18;22;23;24;25;SORTEIO REALIZADO EM ESTÚDIO DE TV.
900;03/05/2013;1;2;6;7;8;10;11;12;13;15;18;20;22;24;25;
899;29/04/2013;1;4;7;9;10;12;14;15;16;17;18;20;21;23;25;SORTEIO REALIZADO EM ESTÚDIO DE TV.
898;26/04/2013;1;4;6;8;9;10;11;12;13;14;18;20;21;24;25;
897;24/04/2013;1;2;5;7;8;9;10;11;13;14;16;17;18;21;23;
896;22/04/2013;1;2;3;4;6;7;8;12;13;15;17;18;19;20;23;SORTEIO REALIZADO EM ESTÚDIO DE TV.
895;19/04/2013;2;3;4;5;6;8;11;12;13;16;17;18;19;21;25;
894;17/04/2013;1;2;5;6;9;12;13;14;15;18;19;21;22;24;25;
893;15/04/2013;1;2;3;4;5;6;8;9;11;15;16;20;22;23;24;SORTEIO REALIZADO EM ESTÚDIO DE TV.
892;12/04/2013;1;2;3;5;6;10;13;14;16;17;19;20;21;22;24;
891;10/04/2013;1;5;6;7;8;12;14;15;16;17;19;21;23;24;25;
890;08/04/2013;1;2;3;4;5;6;7;8;11;16;17;18;19;23;24;SORTEIO REALIZADO EM ESTÚDIO DE TV.
889;05/04/2013;2;4;5;6;7;9;11;12;13;16;18;19;21;22;25;
888;03/04/2013;1;3;6;11;12;13;14;16;17;18;19;20;21;22;24;
887;01/04/2013;1;6;8;10;11;12;15;17;18;19;20;21;23;24;25;Sorteio realizado em estúdio de TV.
886;30/03/2013;1;3;4;7;8;10;11;12;13;15;16;17;20;21;23;
885;27/03/2013;2;5;7;8;9;11;12;15;16;17;18;19;22;23;24;
884;25/03/2013;1;4;7;8;9;10;12;13;15;17;18;19;20;21;25;SORTEIO REALIZADO EM ESTÚDIO DE TV.
883;22/03/2013;3;5;6;7;8;9;10;12;16;17;18;19;21;22;25;
882;20/03/2013;1;2;7;8;10;11;12;13;14;17;18;19;22;24;25;
881;18/03/2013;1;3;4;5;6;7;8;9;15;16;19;20;21;22;23;VALOR LÍQUIDO ACUMULADO PARA O CONCURSO ESPECIAL DA INDEPENDÊNCIA: R$ 28.380.277,78. SORTEIO REALIZADO EM ESTÚDIO DE TV.
880;15/03/2013;2;5;6;7;8;10;14;16;18;19;21;22;23;24;25;VALOR LÍQUIDO ACUMULADO PARA O CONCURSO ESPECIAL DA INDEPENDÊNCIA: R$ 27.908.490,08.
879;13/03/2013;2;3;4;7;9;10;12;13;15;16;18;21;22;24;25;VALOR LÍQUIDO ACUMULADO PARA O CONCURSO ESPECIAL DA INDEPENDÊNCIA: R$ 27.501.508,76.
878;11/03/2013;1;2;3;5;6;7;10;12;13;14;16;19;22;23;25;VALOR LÍQUIDO ACUMULADO PARA O CONCURSO ESPECIAL DA INDEPENDÊNCIA: R$ 27.167.764,40. SORTEIO REALIZADO EM ESTÚDIO DE TV.
877;08/03/2013;3;7;8;9;10;11;13;14;15;16;18;19;21;23;25;VALOR LÍQUIDO ACUMULADO PARA O CONCURSO ESPECIAL DA INDEPENDÊNCIA: R$ 26.794.147,17. SORTEIO REALIZADO EM ESTÚDIO DE TV.
876;06/03/2013;3;5;6;7;9;12;13;14;16;18;20;21;23;24;25;VALOR LÍQUIDO ACUMULADO PARA O CONCURSO ESPECIAL DA INDEPENDÊNCIA: R$ 26.495.400,94.
875;04/03/2013;2;4;6;8;9;10;12;13;15;18;21;22;23;24;25;SORTEIO REALIZADO EM ESTÚDIO DE TV. VALOR LÍQUIDO ACUMULADO PARA O CONCURSO ESPECIAL DA INDEPENDÊNCIA: R$ 26.162.253,47.
874;01/03/2013;1;2;4;5;6;7;8;9;10;16;19;20;21;23;25;SORTEIO REALIZADO EM ESTÚDIO DE TV. VALOR LÍQUIDO ACUMULADO PARA O CONCURSO ESPECIAL DA INDEPENDÊNCIA: R$ 25.802.424,73.
873;27/02/2013;2;3;6;7;8;9;11;12;13;14;15;17;18;22;25;VALOR LÍQUIDO ACUMULADO PARA O CONCURSO ESPECIAL DA INDEPENDÊNCIA: R$ 25.193.635,10.
872;25/02/2013;1;2;4;5;6;7;9;10;12;13;14;17;18;22;23;SORTEIO REALIZADO EM ESTÚDIO DE TV. VALOR LÍQUIDO ACUMULADO PARA O CONCURSO ESPECIAL DA INDEPENDÊNCIA: R$ 24.861.743,08.
871;22/02/2013;2;4;6;8;9;10;12;13;14;15;17;19;22;23;24;SORTEIO REALIZADO EM ESTÚDIO DE TV. VALOR LÍQUIDO ACUMULADO PARA O CONCURSO ESPECIAL DA INDEPENDÊNCIA: R$ 24.557.421,35.
870;20/02/2013;1;2;4;5;6;7;8;10;12;13;14;16;17;18;23;VALOR LÍQUIDO ACUMULADO PARA O CONCURSO ESPECIAL DA INDEPENDÊNCIA: R$ 24.293.791,07.
869;18/02/2013;1;3;6;9;10;11;12;14;18;20;21;22;23;24;25;SORTEIO REALIZADO EM ESTÚDIO DE TV. VALOR LÍQUIDO ACUMULADO PARA O CONCURSO ESPECIAL DA INDEPENDÊNCIA: R$ 23.950.622,36.
868;15/02/2013;1;2;3;8;9;10;12;13;14;16;17;19;21;22;24;SORTEIO REALIZADO EM ESTÚDIO DE TV. VALOR LÍQUIDO ACUMULADO PARA O CONCURSO ESPECIAL DA INDEPENDÊNCIA: R$ 23.530.609,12.
867;13/02/2013;2;3;4;5;6;7;8;10;12;13;14;15;21;22;25;VALOR LÍQUIDO ACUMULADO PARA O CONCURSO ESPECIAL DA INDEPENDÊNCIA: R$ 23.144.134,09.
866;08/02/2013;1;2;3;5;7;8;9;10;11;13;14;18;20;23;24;SORTEIO REALIZADO EM ESTÚDIO DE TV. VALOR LÍQUIDO ACUMULADO PARA O CONCURSO ESPECIAL DA INDEPENDÊNCIA: R$ 22.758.353,39.
865;06/02/2013;1;3;4;5;6;7;10;13;18;19;20;21;22;23;25;VALOR LÍQUIDO ACUMULADO PARA O CONCURSO ESPECIAL DA INDEPENDÊNCIA: R$ 22.389.423,32.
864;04/02/2013;3;6;8;10;12;13;15;16;17;18;19;21;22;23;24;SORTEIO REALIZADO EM ESTÚDIO DE TV. VALOR LÍQUIDO ACUMULADO PARA O CONCURSO ESPECIAL DA INDEPENDÊNCIA: R$ 22.013.240,00.
863;01/02/2013;1;3;4;7;8;13;15;16;17;18;19;22;23;24;25;SORTEIO REALIZADO EM ESTÚDIO DE TV. VALOR LÍQUIDO ACUMULADO PARA O CONCURSO ESPECIAL DA INDEPENDÊNCIA: R$ 21.651.938,98.
862;30/01/2013;1;2;3;4;5;10;13;14;15;17;18;19;20;23;24;VALOR LÍQUIDO ACUMULADO PARA O CONCURSO ESPECIAL DA INDEPENDÊNCIA: R$ 21.343.768,81.
861;28/01/2013;1;2;3;4;6;7;9;10;11;14;15;17;19;22;23;SORTEIO REALIZADO EM ESTÚDIO DE TV. VALOR LÍQUIDO ACUMULADO PARA O CONCURSO ESPECIAL DA INDEPENDÊNCIA: R$ 21.003.798,97.
860;25/01/2013;3;4;5;6;7;9;10;13;14;15;16;19;22;24;25;SORTEIO REALIZADO EM ESTÚDIO DE TV. VALOR LÍQUIDO ACUMULADO PARA O CONCURSO ESPECIAL DA INDEPENDÊNCIA: R$ 20.657.509,23.
859;23/01/2013;1;2;3;4;5;6;9;10;11;13;14;17;18;19;20;VALOR LÍQUIDO ACUMULADO PARA O CONCURSO ESPECIAL DA INDEPENDÊNCIA: R$ 20.314.517,82.
858;21/01/2013;1;3;4;5;6;8;9;11;12;17;19;20;22;23;25;SORTEIO REALIZADO EM ESTÚDIO DE TV. VALOR LÍQUIDO ACUMULADO PARA O CONCURSO ESPECIAL DA INDEPENDÊNCIA: R$ 19.933.720,65.
857;18/01/2013;1;3;4;6;8;11;13;14;15;16;18;19;20;21;24;SORTEIO REALIZADO EM ESTÚDIO DE TV. VALOR LÍQUIDO ACUMULADO PARA O CONCURSO ESPECIAL DA INDEPENDÊNCIA: R$19.571.108,45.
856;16/01/2013;2;3;7;8;9;11;12;13;15;16;19;20;22;23;25;VALOR LÍQUIDO ACUMULADO PARA O CONCURSO ESPECIAL DA INDEPENDÊNCIA: R$ 19.209.244,39.
855;14/01/2013;1;3;4;8;9;10;11;13;14;15;17;18;23;24;25;SORTEIO REALIZADO EM ESTÚDIO DE TV. VALOR LÍQUIDO ACUMULADO PARA O CONCURSO ESPECIAL DA INDEPENDÊNCIA: R$ 18.890.714,22.
854;11/01/2013;1;2;3;5;8;9;10;13;14;15;17;18;20;21;22;SORTEIO REALIZADO EM ESTÚDIO DE TV. VALOR LÍQUIDO ACUMULADO PARA O CONCURSO ESPECIAL DA INDEPENDÊNCIA: R$ 18.582.796,39.
853;09/01/2013;2;3;5;6;8;9;11;12;17;18;19;20;21;22;23;VALOR LÍQUIDO ACUMULADO PARA O CONCURSO ESPECIAL DA INDEPENDÊNCIA: R$ 18.186.604,06.
852;07/01/2013;1;2;3;4;5;8;11;12;16;18;20;21;23;24;25;VALOR LÍQUIDO ACUMULADO PARA O CONCURSO ESPECIAL DA INDEPENDÊNCIA: R$ 17.822.973,80.
851;04/01/2013;1;4;5;6;7;10;13;14;15;17;18;19;20;22;24;SORTEIO REALIZADO EM ESTÚDIO DE TV. VALOR LÍQUIDO ACUMULADO PARA O CONCURSO ESPECIAL DA INDEPENDÊNCIA: R$ 17.460.893,34.
850;02/01/2013;2;3;5;7;8;10;13;14;18;19;20;21;22;23;24;VALOR LÍQUIDO ACUMULADO PARA O CONCURSO ESPECIAL DA INDEPENDÊNCIA: R$ 17.059.033,43.
849;31/12/2012;1;4;5;10;12;13;14;15;16;17;18;20;23;24;25;VALOR LÍQUIDO ACUMULADO PARA O CONCURSO ESPECIAL DA INDEPENDÊNCIA: R$ 16.852.355,99.
848;28/12/2012;2;3;5;8;9;13;14;16;17;18;19;21;23;24;25;VALOR LÍQUIDO ACUMULADO PARA O CONCURSO ESPECIAL DA INDEPENDÊNCIA: R$ 16.623.263,76.
847;26/12/2012;1;3;5;6;7;9;10;11;13;14;17;18;20;21;25;VALOR LÍQUIDO ACUMULADO PARA O CONCURSO ESPECIAL DA INDEPENDÊNCIA: R$ 16.325.512,88.
846;24/12/2012;1;4;6;9;10;11;13;14;15;19;20;21;23;24;25;VALOR LÍQUIDO ACUMULADO PARA O CONCURSO ESPECIAL DA INDEPENDÊNCIA: R$ 16.114.253,87.
845;21/12/2012;2;4;6;7;11;12;14;16;18;19;21;22;23;24;25;SORTEIO REALIZADO EM ESTÚDIO DE TV. VALOR LÍQUIDO ACUMULADO PARA O CONCURSO ESPECIAL DA INDEPENDÊNCIA: R$ 15.880.619,35.
844;19/12/2012;1;3;5;7;8;9;10;12;15;16;17;19;22;24;25;VALOR LÍQUIDO ACUMULADO PARA O CONCURSO ESPECIAL DA INDEPENDÊNCIA: R$ 15.585.060,78.
843;17/12/2012;3;4;7;8;11;12;13;15;16;17;19;20;21;22;24;SORTEIO REALIZADO EM ESTÚDIO DE TV. VALOR LÍQUIDO ACUMULADO PARA O CONCURSO ESPECIAL DA INDEPENDÊNCIA: R$ 15.288.598,01.
842;14/12/2012;3;4;5;7;10;11;13;14;15;18;19;20;21;22;24;SORTEIO REALIZADO EM ESTÚDIO DE TV. VALOR LÍQUIDO ACUMULADO PARA O CONCURSO ESPECIAL DA INDEPENDÊNCIA: R$ 14.946.679,07.
841;12/12/2012;1;3;5;6;8;10;12;13;14;15;16;17;20;21;24;VALOR LÍQUIDO ACUMULADO PARA O CONCURSO ESPECIAL DA INDEPENDÊNCIA: R$ 14.609.178,16.
840;10/12/2012;2;4;6;9;11;12;13;17;18;19;20;21;22;23;25;SORTEIO REALIZADO EM ESTÚDIO DE TV. VALOR LÍQUIDO ACUMULADO PARA O CONCURSO ESPECIAL DA INDEPENDÊNCIA: R$ 14.281.628,08.
839;07/12/2012;2;3;4;6;7;8;13;14;16;17;19;21;22;24;25;SORTEIO REALIZADO EM ESTÚDIO DE TV. VALOR LÍQUIDO ACUMULADO PARA O CONCURSO ESPECIAL DA INDEPENDÊNCIA: R$ 13.946.537,69.
838;05/12/2012;2;4;5;7;9;10;11;14;15;16;18;20;21;23;24;VALOR LÍQUIDO ACUMULADO PARA O CONCURSO ESPECIAL DA INDEPENDÊNCIA: R$ 13.595.282,31.
837;03/12/2012;1;3;7;8;10;11;12;13;14;15;16;18;20;22;24;SORTEIO REALIZADO NO ESTÚDIO DE TV. VALOR LÍQUIDO ACUMULADO PARA O CONCURSO ESPECIAL DA INDEPENDÊNCIA: R$ 13.261.330,51
836;30/11/2012;2;4;7;8;9;10;12;14;15;16;18;20;21;22;25;SORTEIO REALIZADO NO ESTÚDIO DE TV. VALOR LÍQUIDO ACUMULADO PARA O CONCURSO ESPECIAL DA INDEPENDÊNCIA: R$ 12.919.644,06.
835;28/11/2012;1;2;4;6;8;12;14;15;16;17;18;19;21;24;25;VALOR LÍQUIDO ACUMULADO PARA O CONCURSO ESPECIAL DA INDEPENDÊNCIA: R$ 12.588.601,95.
834;26/11/2012;2;4;7;8;9;10;11;14;16;18;19;20;21;22;23;SORTEIO REALIZADO EM ESTÚDIO DE TV. VALOR LÍQUIDO ACUMULADO PARA O CONCURSO ESPECIAL DA INDEPENDÊNCIA: R$ 12.214.432,53.
833;23/11/2012;2;5;6;7;10;11;12;13;16;17;18;19;20;22;25;SORTEIO REALIZADO EM ESTÚDIO DE TV. VALOR LÍQUIDO ACUMULADO PARA O CONCURSO ESPECIAL DA INDEPENDÊNCIA: R$ 11.827.131,98.
832;21/11/2012;2;5;6;7;8;10;11;12;15;16;19;22;23;24;25;VALOR LÍQUIDO ACUMULADO PARA O CONCURSO ESPECIAL DA INDEPENDÊNCIA: R$ 11.433.113,31.
831;19/11/2012;1;2;3;5;9;10;11;12;14;16;17;18;20;21;22;SORTEIO REALIZADO EM ESTÚDIO DE TV. VALOR LÍQUIDO ACUMULADO PARA O CONCURSO ESPECIAL DA INDEPENDÊNCIA: R$ 11.126.289,29.
830;16/11/2012;1;4;6;9;10;11;12;13;14;16;17;19;21;23;24;SORTEIO REALIZADO EM ESTÚDIO DE TV. VALOR LÍQUIDO ACUMULADO PARA O CONCURSO ESPECIAL DA INDEPENDÊNCIA É DE R$ 10.709.453,93.
829;14/11/2012;2;5;7;8;9;11;13;14;16;17;18;22;23;24;25;VALOR LÍQUIDO ACUMULADO PARA O CONCURSO ESPECIAL DA INDEPENDÊNCIA É DE R$ 10.416.358,70.
828;12/11/2012;1;6;7;8;9;12;14;15;17;19;20;22;23;24;25;SORTEIO REALIZADO EM ESTÚDIO DE TV. VALOR LÍQUIDO ACUMULADO PARA O CONCURSO ESPECIAL DA INDEPENDÊNCIA É DE R$ 10.088.364,97.
827;09/11/2012;1;2;4;5;7;9;10;12;13;14;16;17;21;22;24;SORTEIO REALIZADO EM ESTÚDIO DE TV. VALOR LÍQUIDO ACUMULADO PARA O CONCURSO ESPECIAL DA INDEPENDÊNCIA É DE R$ 9.678.274,60
826;07/11/2012;3;5;6;12;13;14;15;16;17;18;19;20;21;23;24;VALOR LÍQUIDO ACUMULADO PARA O CONCURSO ESPECIAL DA INDEPENDÊNCIA É DE R$ 9.295.762,21.
825;05/11/2012;1;6;7;8;9;10;11;13;14;15;17;19;22;23;25;SORTEIO REALIZADO EM ESTÚDIO DE TV. VALOR LÍQUIDO ACUMULADO PARA O CONCURSO ESPECIAL DA INDEPENDÊNCIA É DE R$ 8.814.716,47.
824;03/11/2012;2;3;4;7;11;12;13;14;15;19;20;21;22;24;25;SORTEIO REALIZADO EM ESTÚDIO DE TV. VALOR LÍQUIDO ACUMULADO PARA O CONCURSO ESPECIAL DA INDEPENDÊNCIA É DE R$ 8.519.865,59.
823;31/10/2012;1;2;4;5;9;11;12;13;14;16;19;20;22;24;25;VALOR LÍQUIDO ACUMULADO PARA O CONCURSO ESPECIAL DA INDEPENDÊNCIA É DE R$ 8.234.933,01.
822;29/10/2012;2;3;5;11;12;14;15;16;17;18;19;21;22;23;24;SORTEIO REALIZADO EM ESTÚDIO DE TV. VALOR LÍQUIDO ACUMULADO PARA O CONCURSO ESPECIAL DA INDEPENDÊNCIA É DE R$ 7.893.816,05.
821;26/10/2012;3;4;5;7;9;10;11;12;14;16;17;21;23;24;25;SORTEIO REALIZADO EM ESTÚDIO DE TV. VALOR LÍQUIDO ACUMULADO PARA O CONCURSO ESPECIAL DA INDEPENDÊNCIA É DE R$ 7.472.724,12.
820;24/10/2012;1;2;3;5;6;7;8;9;10;13;15;16;22;23;24;VALOR LÍQUIDO ACUMULADO PARA O CONCURSO ESPECIAL DA INDEPENDÊNCIA É DE R$ 7.145.809,65.
819;22/10/2012;3;4;5;6;7;8;9;10;11;12;18;19;20;21;22;SORTEIO REALIZADO EM ESTÚDIO DE TV. VALOR LÍQUIDO ACUMULADO PARA O CONCURSO ESPECIAL DA INDEPENDÊNCIA É DE R$ 6.804.144,28.
818;19/10/2012;4;5;6;8;10;11;13;14;16;19;20;22;23;24;25;SORTEIO REALIZADO EM ESTÚDIO DE TV. VALOR LÍQUIDO ACUMULADO PARA O CONCURSO ESPECIAL DA INDEPENDÊNCIA É DE R$ 6.402.319,01.
817;17/10/2012;1;2;3;4;5;8;10;11;12;17;18;20;23;24;25;VALOR LÍQUIDO ACUMULADO PARA O CONCURSO ESPECIAL DA INDEPENDÊNCIA - R$ 6.058.490,86.
816;15/10/2012;2;3;5;8;9;10;11;12;13;15;16;17;19;23;25;SORTEIO REALIZADO EM ESTÚDIO DE TV. VALOR LÍQUIDO ACUMULADO PARA O CONCURSO ESPECIAL DA INDEPENDÊNCIA É DE R$ 5.725.044,02
815;13/10/2012;6;7;8;10;11;14;15;17;18;20;21;22;23;24;25;SORTEIO REALIZADO EM ESTÚDIO DE TV. VALOR LÍQUIDO ACUMULADO PARA O CONCURSO ESPECIAL DA INDEPENDÊNCIA: R$ 5.507.751,81.
814;10/10/2012;3;4;8;10;11;12;13;14;17;19;20;21;22;23;24;VALOR LÍQUIDO ACUMULADO PARA O CONCURSO ESPECIAL DA INDEPENDÊNCIA - R$ 5.164.027,44.
813;08/10/2012;1;3;4;5;6;7;8;10;12;16;19;21;23;24;25;SORTEIO REALIZADO EM ESTÚDIO DE TV. VALOR LÍQUIDO ACUMULADO PARA O CONCURSO ESPECIAL DA INDEPENDÊNCIA: R$4.855.437,95.
812;05/10/2012;1;3;5;7;8;11;14;17;18;19;20;21;23;24;25;SORTEIO REALIZADO EM ESTÚDIO DE TV. VALOR LÍQUIDO ACUMULADO PARA O CONCURSO ESPECIAL DA INDEPENDÊNCIA: R$4.384.084,01.
811;03/10/2012;1;2;3;4;5;6;7;9;10;12;14;17;19;20;22;VALOR LÍQUIDO ACULUMADO PARA O CONCURSO ESPECIAL DA INDEPENDÊNCIA - R$ 4.081.682,72.
810;01/10/2012;1;3;6;7;9;11;12;15;16;17;18;21;22;23;24;SORTEIO REALIZADO EM ESTÚDIO DE TV. VALOR LÍQUIDO ACULUMADO PARA O CONCURSO ESPECIAL DA INDEPENDÊNCIA - R$ 3.724.664,86
809;28/09/2012;1;2;4;5;7;9;13;16;18;19;21;22;23;24;25;SORTEIO REALIZADO EM ESTÚDIO DE TV. VALOR LÍQUIDO ACUMULADO PARA O CONCURSO ESPECIAL DA INDEPENDÊNCIA - R$ 3.375.134,05.
808;26/09/2012;4;6;7;10;11;12;14;16;17;18;20;21;22;24;25;VALOR LÍQUIDO ACUMULADO PARA O CONCURSO ESPECIAL DA INDEPENDÊNCIA - R$ 3.008.301,07.
807;24/09/2012;2;3;4;5;7;8;10;11;13;18;19;21;22;24;25;SORTEIO REALIZADO EM ESTÚDIO DE TV. VALOR LÍQUIDO ACUMULADO PARA O CONCURSO ESPECIAL DA INDEPENDÊNCIA - R$ 2.655.863,98.
806;21/09/2012;1;2;3;5;6;7;8;10;14;15;16;19;20;24;25;SORTEIO REALIZADO EM ESTÚDIO DE TV. VALOR LÍQUIDO ACUMULADO PARA O CONCURSO ESPECIAL DA INDEPENDÊNCIA - R$ 2.331.122,33.
805;19/09/2012;1;2;4;6;7;9;11;13;14;16;17;20;22;24;25;VALOR LÍQUIDO ACUMULADO PARA O CONCURSO ESPECIAL DA INDEPENDÊNCIA - R$ 1.928.502,45.
804;17/09/2012;1;3;4;5;6;7;8;13;15;17;18;20;21;23;24;SORTEIO REALIZADO EM ESTÚDIO DE TV. VALOR LÍQUIDO ACUMULADO PARA O CONCURSO ESPECIAL DA INDEPENDÊNCIA - R$ 1.573.290,07
803;14/09/2012;1;4;5;12;14;15;16;17;18;19;20;21;23;24;25;SORTEIO REALIZADO EM ESTÚDIO DE TV. VALOR LÍQUIDO ACUMULADO PARA O CONCURSO ESPECIAL DA INDEPENDÊNCIA - R$ 1.227.370,23.
802;12/09/2012;1;3;4;5;8;9;10;12;13;14;18;20;21;22;25;VALOR LÍQUIDO ACUMULADO PARA O CONCURSO ESPECIAL DA INDEPENDÊNCIA - R$ 746.984,59.
801;10/09/2012;1;3;4;5;6;7;10;12;15;17;18;19;21;23;25;SORTEIO REALIZADO EM ESTÚDIO DE TV. VALOR LÍQUIDO ACUMULADO PARA O CONCURSO ESPECIAL DA INDEPENDÊNCIA - R$ 350.745,84
800;06/09/2012;3;4;6;7;8;9;10;11;12;13;16;20;21;22;24;
799;31/08/2012;3;4;6;8;11;13;14;15;16;19;21;22;23;24;25;SORTEIO REALIZADO EM ESTÚDIO DE TV. VALOR LÍQUIDO ACUMULADO PARA O CONCURSO ESPECIAL DA INDEPENDÊNCIA - R$ 28.995.651,80.
798;29/08/2012;1;3;5;6;8;10;11;13;15;16;18;19;22;23;24;VALOR LÍQUIDO ACUMULADO PARA O CONCURSO ESPECIAL DA INDEPENDÊNCIA - R$ 28.678.665,45.
797;27/08/2012;2;3;5;6;7;8;11;15;17;18;19;20;21;24;25;SORTEIO REALIZADO EM ESTÚDIO DE TV. VALOR LÍQUIDO ACUMULADO PARA O CONCURSO ESPECIAL DA INDEPENDÊNCIA - R$ 28.438.585,35.
796;24/08/2012;2;3;4;6;7;8;10;11;14;16;17;18;20;21;24;SORTEIO REALIZADO EM ESTÚDIO DE TV. VALOR LÍQUIDO ACUMULADO PARA O CONCURSO ESPECIAL DA INDEPENDÊNCIA - R$ 28.067.639,66.
795;22/08/2012;1;2;3;4;6;7;8;9;10;12;14;16;21;22;24;VALOR LÍQUIDO ACUMULADO PARA O CONCURSO ESPECIAL DA INDEPENDÊNCIA - R$ 27.704.073,09.
794;20/08/2012;1;2;3;4;5;6;8;9;11;14;15;20;23;24;25;SORTEIO REALIZADO EM ESTÚDIO DE TV. VALOR LÍQUIDO ACUMULADO PARA O CONCURSO ESPECIAL DA INDEPENDÊNCIA - R$ 27.351.437,47.
793;17/08/2012;2;4;5;7;9;11;12;14;16;17;18;20;21;23;25;VALOR LÍQUIDO ACUMULADO PARA O CONCURSO ESPECIAL DA INDEPENDÊNCIA - R$ 26.967.766,10.
792;15/08/2012;1;2;3;6;8;9;10;12;14;18;19;20;21;23;25;VALOR LÍQUIDO ACUMULADO PARA O CONCURSO ESPECIAL DA INDEPENDÊNCIA - R$ 26.617.398,53
791;13/08/2012;1;2;3;5;6;7;8;10;11;13;14;21;22;23;25;SORTEIO REALIZADO EM ESTÚDIO DE TV. VALOR LÍQUIDO ACUMULADO PARA O CONCURSO ESPECIAL DA INDEPENDÊNCIA - R$ 26.299.110,59.
790;10/08/2012;3;6;7;8;10;12;13;16;18;19;20;22;23;24;25;SORTEIO REALIZADO EM ESTÚDIO DE TV. VALOR LÍQUIDO ACUMULADO PARA O CONCURSO ESPECIAL DA INDEPENDÊNCIA - R$ 25.925.590,33
789;08/08/2012;2;3;4;8;10;11;12;14;15;16;18;19;21;22;24;VALOR LÍQUIDO ACUMULADO PARA O CONCURSO ESPECIAL DA INDEPENDÊNCIA - R$ 25.579.860,61.
788;06/08/2012;1;3;4;8;9;10;11;12;16;19;21;22;23;24;25;SORTEIO REALIZADO EM ESTÚDIO DE TV. VALOR LÍQUIDO ACUMULADO PARA O CONCURSO ESPECIAL DA INDEPENDÊNCIA - R$ 25.228.339,41
787;03/08/2012;1;4;5;8;9;10;11;12;13;14;16;17;19;20;23;SORTEIO REALIZADO EM ESTÚDIO DE TV. VALOR LÍQUIDO ACUMULADO PARA O CONCURSO ESPECIAL DA INDEPENDÊNCIA - R$ 24.820.819,66.
786;01/08/2012;2;4;5;6;8;10;11;12;13;15;17;21;23;24;25;VALOR LÍQUIDO ACUMULADO PARA O CONCURSO ESPECIAL DA INDEPENDÊNCIA - R$ 24.462.592,67.
785;30/07/2012;1;2;4;6;7;10;11;12;13;15;16;17;19;21;23;SORTEIO REALIZADO EM ESTÚDIO DE TV. VALOR LÍQUIDO ACUMULADO PARA O CONCURSO ESPECIAL DA INDEPENDÊNCIA - R$ 24.185.745,15.
784;27/07/2012;1;2;3;4;7;11;12;13;15;18;20;21;22;23;25;SORTEIO REALIZADO EM ESTÚDIO DE TV. VALOR LÍQUIDO ACUMULADO PARA O CONCURSO ESPECIAL DA INDEPENDÊNCIA - R$ 23.847.715,64.
783;25/07/2012;1;2;5;6;7;8;11;13;15;16;19;20;21;22;24;VALOR LÍQUIDO ACUMULADO PARA O CONCURSO ESPECIAL DA INDEPENDÊNCIA - R$ 23.518.927,00.
782;23/07/2012;5;8;9;10;11;12;13;14;15;16;17;18;19;20;21;SORTEIO REALIZADO EM ESTÚDIO DE TV. VALOR LÍQUIDO ACUMULADO PARA O CONCURSO ESPECIAL DA INDEPENDÊNCIA - R$ 23.150.795,61.
781;20/07/2012;1;2;4;8;9;10;11;14;15;16;17;19;20;22;25;SORTEIO REALIZADO EM ESTÚDIO DE TV. VALOR LÍQUIDO ACUMULADO PARA O CONCURSO ESPECIAL DA INDEPENDÊNCIA - R$ 22.642.790,10.
780;18/07/2012;3;6;7;8;10;13;15;16;17;18;19;20;21;24;25;VALOR LÍQUIDO ACUMULADO PARA O CONCURSO ESPECIAL DA INDEPENDÊNCIA - R$ 22.253.688,34
779;16/07/2012;4;5;8;9;11;12;13;14;16;17;19;20;21;22;23;SORTEIO REALIZADO EM ESTÚDIO DE TV. VALOR LÍQUIDO ACUMULADO PARA O CONCURSO ESPECIAL DA INDEPENDÊNCIA - R$ 21.898.283,46.
778;13/07/2012;2;5;6;7;9;10;11;13;15;16;19;20;22;24;25;SORTEIO REALIZADO EM ESTÚDIO DE TV. VALOR LÍQUIDO ACUMULADO PARA O CONCURSO ESPECIAL DA INDEPENDÊNCIA - R$ 21.485.706,53.
777;11/07/2012;2;3;6;9;11;12;13;14;15;16;20;21;23;24;25;VALOR LÍQUIDO ACUMULADO PARA O CONCURSO ESPECIAL DA INDEPENDÊNCIA - R$ 21.177.597,54.
776;09/07/2012;1;2;3;4;10;11;12;13;14;18;19;20;22;23;24;SORTEIO REALIZADO EM ESTÚDIO DE TV.      VALOR LÍQUIDO ACUMULADO PARA O CONCURSO ESPECIAL DA INDEPENDÊNCIA - R$ 20.803.451,39.
775;06/07/2012;2;3;6;7;8;9;10;12;13;14;16;17;18;19;20;SORTEIO REALIZADO EM ESTÚDIO DE TV.VALOR LÍQUIDO ACUMULADO PARA O CONCURSO ESPECIAL DA INDEPENDÊNCIA - R$ 20.504.375,11.
774;04/07/2012;1;3;4;5;6;8;9;11;12;14;15;18;19;22;25;VALOR LÍQUIDO ACUMULADO PARA O CONCURSO ESPECIAL DA INDEPENDÊNCIA - R$ 20.106.987,22.
773;02/07/2012;2;5;6;7;8;10;11;13;15;17;18;20;22;24;25;SORTEIO REALIZADO EM ESTÚDIO DE TV. VALOR LÍQUIDO ACUMULADO PARA O CONCURSO ESPECIAL DA INDEPENDÊNCIA - R$ 19.773.923,08.
772;29/06/2012;2;4;6;7;8;9;10;11;12;15;16;20;23;24;25;SORTEIO REALIZADO EM ESTÚDIO DE TV. VALOR LÍQUIDO ACUMULADO PARA O CONCURSO ESPECIAL DA INDEPENDÊNCIA - R$ 19.480.168,52.
771;27/06/2012;2;4;5;6;7;8;9;10;14;16;17;20;22;23;25;VALOR LÍQUIDO ACUMULADO PARA O CONCURSO ESPECIAL DA INDEPENDÊNCIA - R$ 19.124.490,00.
770;25/06/2012;1;3;4;5;6;9;11;12;16;17;18;21;22;24;25;SORTEIO REALIZADO EM ESTÚDIO DE TV. VALOR LÍQUIDO ACUMULADO PARA O CONCURSO ESPECIAL DA INDEPENDÊNCIA - R$ 18.759.837,79.
769;22/06/2012;3;4;5;7;10;11;13;15;16;17;19;20;22;23;25;SORTEIO REALIZADO EM ESTÚDIO DE TV. VALOR LÍQUIDO ACUMULADO PARA O CONCURSO ESPECIAL DA INDEPENDÊNCIA - R$ 18.380.752,30.
768;20/06/2012;1;3;5;6;11;12;13;14;15;17;19;20;23;24;25;VALOR LÍQUIDO ACUMULADO PARA O CONCURSO ESPECIAL DA INDEPENDÊNCIA - R$ 18.146.367,73.
767;18/06/2012;1;3;4;5;7;8;10;11;12;15;17;19;22;23;24;SORTEIO REALIZADO EM ESTÚDIO DE TV. VALOR LÍQUIDO ACUMULADO PARA O CONCURSO ESPECIAL DA INDEPENDÊNCIA - R$ 17.895.477,92.
766;15/06/2012;1;3;5;6;7;9;12;13;14;15;16;18;21;24;25;SORTEIO REALIZADO EM ESTÚDIO DE TV. VALOR LÍQUIDO ACUMULADO PARA O CONCURSO ESPECIAL DA INDEPENDÊNCIA - R$ 17.609.916,36.
765;13/06/2012;1;2;3;7;8;9;10;12;13;14;18;20;23;24;25;VALOR LÍQUIDO ACUMULADO PARA O CONCURSO ESPECIAL DA INDEPENDÊNCIA - R$ 17.315.681,13.
764;11/06/2012;1;3;4;6;8;9;11;12;14;16;17;19;23;24;25;SORTEIO REALIZADO EM ESTÚDIO DE TV. VALOR LÍQUIDO ACUMULADO PARA O CONCURSO ESPECIAL DA INDEPENDÊNCIA - R$ 17.073.582,24.
763;08/06/2012;1;2;3;4;6;7;13;14;16;17;18;21;22;24;25;VALOR LÍQUIDO ACUMULADO PARA O CONCURSO ESPECIAL DA INDEPENDÊNCIA - R$ 16.742.217,57.
762;06/06/2012;1;2;3;5;6;7;9;10;11;12;13;14;17;21;22;VALOR LÍQUIDO ACUMULADO PARA O CONCURSO ESPECIAL DA INDEPENDÊNCIA - R$ 16.437.018,47.
761;04/06/2012;1;4;5;6;10;11;12;13;14;15;16;19;20;22;24;SORTEIO REALIZADO EM ESTÚDIO DE TV. VALOR LÍQUIDO ACUMULADO PARA O CONCURSO ESPECIAL DA INDEPENDÊNCIA - R$ 16.141.076,90.
760;01/06/2012;1;2;3;7;9;10;11;12;13;15;16;17;23;24;25;SORTEIO REALIZADO EM ESTÚDIO DE TV. VALOR LÍQUIDO ACUMULADO PARA O CONCURSO ESPECIAL DA INDEPENDÊNCIA - R$ 15.737.744,54.
759;30/05/2012;2;5;7;8;9;10;15;16;17;18;19;20;23;24;25;VALOR LÍQUIDO ACUMULADO PARA O CONCURSO ESPECIAL DA INDEPENDÊNCIA - R$ 15.470.075,36.
758;28/05/2012;1;2;4;5;6;11;12;15;16;17;18;20;23;24;25;SORTEIO REALIZADO EM ESTÚDIO DE TV. VALOR LÍQUIDO ACUMULADO PARA O CONCURSO ESPECIAL DA INDEPENDÊNCIA - R$ 15.183.647,96.
757;25/05/2012;1;3;4;8;9;10;11;13;14;15;17;18;20;21;23;SORTEIO REALIZADO EM ESTÚDIO DE TV. VALOR LÍQUIDO ACUMULADO PARA O CONCURSO ESPECIAL DA INDEPENDÊNCIA - R$ 14.754.597,93.
756;23/05/2012;3;5;6;7;8;10;13;14;15;16;17;20;22;23;25;VALOR LÍQUIDO ACUMULADO PARA O CONCURSO ESPECIAL DA INDEPENDÊNCIA - R$ 14.499.159,59.
755;21/05/2012;1;2;3;5;7;8;10;11;12;13;14;16;17;24;25;SORTEIO REALIZADO EM ESTÚDIO DE TV. VALOR LÍQUIDO ACUMULADO PARA O CONCURSO ESPECIAL DA INDEPENDÊNCIA - R$ 14.194.736,51.
754;18/05/2012;1;4;5;7;13;15;16;17;18;19;20;22;23;24;25;SORTEIO REALIZADO EM ESTÚDIO DE TV. VALOR LÍQUIDO ACUMULADO PARA O CONCURSO ESPECIAL DA INDEPENDÊNCIA - R$ 13.849.164,87.
753;16/05/2012;1;3;4;5;6;7;8;11;13;14;17;20;21;22;25;VALOR LÍQUIDO ACUMULADO PARA O CONCURSO ESPECIAL DA INDEPENDÊNCIA - R$ 13.466.178,38.
752;14/05/2012;1;4;5;6;7;8;12;13;14;16;18;19;21;24;25;SORTEIO REALIZADO EM ESTÚDIO DE TV. VALOR LÍQUIDO ACUMULADO PARA O CONCURSO ESPECIAL DA INDEPENDÊNCIA - R$ 13.120.357,46.
751;11/05/2012;3;5;6;8;9;12;13;14;16;17;19;20;21;22;23;SORTEIO REALIZADO EM ESTÚDIO DE TV. VALOR LÍQUIDO ACUMULADO PARA O CONCURSO ESPECIAL DA INDEPENDÊNCIA - R$ 12.732.762,60.
750;09/05/2012;2;3;4;5;7;9;10;11;13;15;19;20;21;24;25;VALOR LÍQUIDO ACUMULADO PARA O CONCURSO ESPECIAL DA INDEPENDÊNCIA - R$ 12.370.562,93
749;07/05/2012;1;2;3;4;6;7;8;11;13;14;15;18;19;22;24;SORTEIO REALIZADO EM ESTÚDIO DE TV. VALOR LÍQUIDO ACUMULADO PARA O CONCURSO ESPECIAL DA INDEPENDÊNCIA - R$ 12.140.985,50.
748;04/05/2012;1;3;4;5;6;8;9;10;12;15;17;18;20;21;23;SORTEIO REALIZADO EM ESTÚDIO DE TV. VALOR LÍQUIDO ACUMULADO PARA O CONCURSO ESPECIAL DA INDEPENDÊNCIA - R$ 11.847.084,95.
747;02/05/2012;1;2;3;4;6;7;10;12;13;15;16;17;20;23;24;VALOR LÍQUIDO ACUMULADO PARA O CONCURSO ESPECIAL DA INDEPENDÊNCIA - R$ 11.389.275,71.
746;30/04/2012;2;3;4;5;8;9;10;16;17;18;19;20;21;24;25;SORTEIO REALIZADO EM ESTÚDIO DE TV. VALOR LÍQUIDO ACUMULADO PARA O CONCURSO ESPECIAL DA INDEPENDÊNCIA - R$ 11.114.920,66.
745;27/04/2012;1;3;6;7;8;9;11;12;13;16;17;20;22;24;25;SORTEIO REALIZADO EM ESTÚDIO DE TV. VALOR LÍQUIDO ACUMULADO PARA O CONCURSO ESPECIAL DA INDEPENDÊNCIA - R$ 10.693.754,22.
744;25/04/2012;1;3;4;6;7;9;10;11;12;13;15;16;19;23;24;VALOR LÍQUIDO ACUMULADO PARA O CONCURSO ESPECIAL DA INDEPENDÊNCIA - R$ 10.311.550,44.
743;23/04/2012;1;2;3;6;9;10;11;12;14;15;17;21;22;23;24;VALOR LÍQUIDO ACUMULADO PARA O CONCURSO ESPECIAL DA INDEPENDÊNCIA - R$ 10.012.566,69. SORTEIO REALIZADO EM ESTÚDIO DE TV.
742;20/04/2012;1;3;5;6;7;8;9;11;13;14;15;19;20;21;23;VALOR LÍQUIDO ACUMULADO PARA O CONCURSO ESPECIAL DA INDEPENDÊNCIA - R$ 9.691.590,21. SORTEIO REALIZADO EM ESTÚDIO DE TV.
741;18/04/2012;2;3;5;7;10;11;12;13;14;16;17;18;21;24;25;VALOR LÍQUIDO ACUMULADO PARA O CONCURSO ESPECIAL DA INDEPENDÊNCIA - R$ 9.469.274,35.
740;16/04/2012;1;4;5;9;10;11;12;13;14;19;21;22;23;24;25;VALOR LÍQUIDO ACUMULADO PARA O CONCURSO ESPECIAL DA INDEPENDÊNCIA - R$ 9.107.272,34. SORTEIO REALIZADO EM ESTÚDIO DE TV.
739;13/04/2012;2;3;4;8;9;10;11;14;17;20;21;22;23;24;25;VALOR LÍQUIDO ACUMULADO PARA O CONCURSO ESPECIAL DA INDEPENDÊNCIA - R$ 8.746.798,86. SORTEIO REALIZADO EM ESTÚDIO DE TV.
738;11/04/2012;2;6;7;9;11;12;13;14;16;18;19;20;23;24;25;VALOR LÍQUIDO ACUMULADO PARA O CONCURSO ESPECIAL DA INDEPENDÊNCIA - R$ 8.405.919,96.
737;09/04/2012;2;3;4;5;6;7;8;10;12;14;16;17;18;22;25;VALOR LÍQUIDO ACUMULADO PARA O CONCURSO ESPECIAL DA INDEPENDÊNCIA - R$ 8.044.585,90. SORTEIO REALIZADO EM ESTÚDIO DE TV.
736;07/04/2012;2;3;4;5;6;8;9;10;13;15;16;17;19;21;23;VALOR LÍQUIDO ACUMULADO PARA O CONCURSO ESPECIAL DA INDEPENDÊNCIA - R$ 7.773.764,00.
735;04/04/2012;5;6;8;10;11;12;13;14;17;19;20;21;22;24;25;VALOR LÍQUIDO ACUMULADO PARA O CONCURSO ESPECIAL DA INDEPENDÊNCIA - R$ 7.547.867,86.
734;02/04/2012;2;3;6;8;9;10;13;15;17;18;19;20;21;23;24;SORTEIO REALIZADO EM ESTÚDIO DE TV. VALOR LÍQUIDO ACUMULADO PARA O CONCURSO ESPECIAL DA INDEPENDÊNCIA - R$ 7.193.789,06
733;30/03/2012;1;4;5;6;7;8;11;12;14;16;18;19;20;22;24;SORTEIO REALIZADO EM ESTÚDIO DE TV. VALOR LÍQUIDO ACUMULADO PARA O CONCURSO ESPECIAL DA INDEPENDÊNCIA - R$ 6.854.252,04.
732;28/03/2012;1;4;8;9;10;11;13;14;17;20;21;22;23;24;25;VALOR LÍQUIDO ACUMULADO PARA O CONCURSO ESPECIAL DA INDEPENDÊNCIA - R$ 6.513.080,68
731;26/03/2012;3;4;6;7;8;11;12;14;15;17;18;19;21;22;24;VALOR LÍQUIDO ACUMULADO PARA O CONCURSO ESPECIAL DA INDEPENDÊNCIA - R$ 6.174.978,79. SORTEIO REALIZADO EM ESTÚDIO DE TV.
730;23/03/2012;1;3;4;8;11;12;14;16;18;19;20;21;22;24;25;VALOR LÍQUIDO ACUMULADO PARA O CONCURSO ESPECIAL DA INDEPENDÊNCIA - R$ 5.844.489,68.SORTEIO REALIZADO EM ESTÚDIO DE TV.
729;21/03/2012;1;2;3;4;6;7;9;10;12;14;15;17;22;23;25;VALOR LÍQUIDO ACUMULADO PARA O CONCURSO ESPECIAL DA INDEPENDÊNCIA - R$ 5.433.916,00.
728;19/03/2012;3;4;6;7;8;10;11;13;16;19;20;21;22;23;25;SORTEIO REALIZADO EM ESTÚDIO DE TV. VALOR LÍQUIDO ACUMULADO PARA O CONCURSO ESPECIAL DA INDEPENDÊNCIA - R$ 5.116.045,55.
727;16/03/2012;3;4;6;7;8;9;11;16;18;20;21;22;23;24;25;SORTEIO REALIZADO EM ESTÚDIO DE TV.VALOR LÍQUIDO ACUMULADO PARA O CONCURSO ESPECIAL DA INDEPENDÊNCIA - R$ 4.756.338,36.
726;14/03/2012;1;2;4;7;9;10;11;13;14;15;16;20;21;24;25;VALOR LÍQUIDO ACUMULADO PARA O CONCURSO ESPECIAL DA INDEPENDÊNCIA - R$ 4.345.050,00.
725;12/03/2012;1;5;6;7;9;10;12;13;15;16;17;18;21;24;25;SORTEIO REALIZADO EM ESTÚDIO DE TV. VALOR LÍQUIDO ACUMULADO PARA O CONCURSO ESPECIAL DA INDEPENDÊNCIA - R$ 4.025.603,74.
724;09/03/2012;1;3;5;6;7;10;12;14;15;18;19;20;23;24;25;SORTEIO REALIZADO EM ESTÚDIO DE TV. VALOR LÍQUIDO ACUMULADO PARA O CONCURSO ESPECIAL DA INDEPENDÊNCIA - R$ 3.628.323,33.
723;07/03/2012;2;3;4;5;7;8;9;10;11;12;14;15;18;20;24;VALOR LÍQUIDO ACUMULADO PARA O CONCURSO ESPECIAL DA INDEPENDÊNCIA - R$ 3.284.899,00.
722;05/03/2012;1;3;5;6;7;8;10;13;14;16;17;19;20;23;24;SORTEIO REALIZADO EM ESTÚDIO DE TV. VALOR LÍQUIDO ACUMULADO PARA O CONCURSO ESPECIAL DA INDEPENDÊNCIA - R$ 3.019.354,37.
721;02/03/2012;1;2;3;4;5;7;8;9;10;11;12;14;15;19;21;SORTEIO REALIZADO EM ESTÚDIO DE TV. VALOR LÍQUIDO ACUMULADO PARA O CONCURSO ESPECIAL DA INDEPENDÊNCIA - R$ 2.634.319,09.
720;01/03/2012;4;7;9;10;11;12;13;16;17;18;20;21;23;24;25;VALOR LÍQUIDO ACUMULADO PARA O CONCURSO ESPECIAL DA INDEPENDÊNCIA - R$ 2.348.300,06.
719;27/02/2012;2;7;8;9;10;11;13;15;16;18;19;22;23;24;25;SORTEIO REALIZADO EM ESTÚDIO DE TV. VALOR LÍQUIDO ACUMULADO PARA O CONCURSO ESPECIAL DA INDEPENDÊNCIA - R$ 2.083.650,22
718;24/02/2012;3;4;7;9;11;13;14;15;17;19;21;22;23;24;25;SORTEIO REALIZADO EM ESTÚDIO DE TV.VALOR LÍQUIDO ACUMULADO PARA O CONCURSO ESPECIAL DA INDEPENDÊNCIA - R$ 1.764.627,04.
717;22/02/2012;1;2;3;5;7;8;9;11;14;16;18;20;21;23;25;VALOR LÍQUIDO ACUMULADO PARA O CONCURSO ESPECIAL DA INDEPENDÊNCIA - R$ 1.605.083,32.
716;17/02/2012;1;3;5;7;8;11;12;14;15;16;18;20;21;23;25;VALOR LÍQUIDO ACUMULADO PARA O CONCURSO ESPECIAL DA INDEPENDÊNCIA - R$ 1.390.719,75.
715;15/02/2012;1;3;5;8;10;11;13;14;15;18;20;22;23;24;25;VALOR LÍQUIDO ACUMULADO PARA O CONCURSO ESPECIAL DA INDEPENDÊNCIA - R$ 1.143.491,58.
714;13/02/2012;4;6;7;8;9;10;11;12;13;14;15;17;19;21;22;VALOR LÍQUIDO ACUMULADO PARA O CONCURSO ESPECIAL DA INDEPENDÊNCIA - R$ 941.828,07. SORTEIO REALIZADO EM ESTÚDIO DE TV.
713;10/02/2012;2;3;4;5;6;11;13;14;15;19;21;22;23;24;25;VALOR LÍQUIDO ACUMULADO PARA O CONCURSO ESPECIAL DA INDEPENDÊNCIA  R$ 556.277,53. SORTEIO REALIZADO EM ESTÚDIO DE TV.
712;08/02/2012;1;4;8;9;12;14;15;16;17;18;20;21;22;23;25;VALOR LÍQUIDO ACUMULADO PARA O CONCURSO ESPECIAL DA INDEPENDÊNCIA  R$ 246.986,80.
711;06/02/2012;1;2;4;5;6;7;10;12;13;15;16;18;21;22;24;SORTEIO REALIZADO EM ESTÚDIO DE TV.
710;02/02/2012;2;3;4;6;12;14;15;17;18;19;20;21;22;24;25;
709;30/01/2012;1;3;6;7;8;11;12;14;15;16;18;19;20;22;23;SORTEIO REALIZADO EM ESTÚDIO DE TV
708;26/01/2012;1;2;3;4;5;6;9;11;14;16;19;21;22;24;25;
707;23/01/2012;3;4;6;7;8;11;12;14;15;16;17;20;21;24;25;SORTEIO REALIZADO EM ESTÚDIO DE TV.
706;19/01/2012;1;2;3;4;6;8;12;13;16;18;19;21;22;24;25;
705;16/01/2012;3;4;6;7;8;9;11;12;14;15;16;20;21;22;25;SORTEIO REALIZADO EM ESTÚDIO DE TV.
704;12/01/2012;2;3;5;6;8;10;11;13;14;15;16;17;22;23;24;
703;09/01/2012;2;5;8;10;11;14;15;17;18;20;21;22;23;24;25;SORTEIO REALIZADO EM ESTÚDIO DE TV.
702;05/01/2012;1;2;3;4;5;6;7;8;9;10;13;14;20;23;25;
701;02/01/2012;3;4;8;10;12;13;14;16;17;19;20;21;22;23;25;SORTEIO REALIZADO EM ESTÚDIO DE TV.
700;29/12/2011;1;2;6;7;8;9;10;13;14;16;18;19;21;22;25;
699;26/12/2011;2;3;4;6;8;9;10;15;16;18;19;21;22;23;25;
698;22/12/2011;2;3;4;6;7;9;10;12;14;15;18;20;21;22;24;
697;19/12/2011;1;2;3;7;8;11;14;15;16;18;19;22;23;24;25;SORTEIO REALIZADO EM ESTÚDIO DE TV.
696;15/12/2011;1;4;5;7;9;10;11;13;14;15;16;20;21;22;24;
695;12/12/2011;2;3;4;5;11;13;14;17;18;19;20;21;22;24;25;SORTEIO REALIZADO EM ESTÚDIO DE TV.
694;08/12/2011;1;3;6;8;9;10;11;14;15;16;18;19;20;21;24;
693;05/12/2011;1;2;3;4;6;7;9;10;11;14;16;17;19;21;22;SORTEIO REALIZADO EM ESTÚDIO DE TV.
692;01/12/2011;1;2;4;6;7;10;11;12;17;18;19;21;22;23;24;SORTEIO REALIZADO EM ESTÚDIO DE TV.
691;28/11/2011;1;2;3;6;7;8;9;11;13;17;18;19;20;22;23;
690;24/11/2011;1;2;3;9;10;11;12;13;14;15;18;19;20;24;25;SORTEIO REALIZADO EM ESTÚDIO DE TV.
689;21/11/2011;2;3;4;5;6;7;8;11;12;13;15;17;22;23;24;
688;17/11/2011;1;2;3;4;7;9;11;12;14;16;19;21;22;23;24;SORTEIO REALIZADO EM ESTÚDIO DE TV.
687;14/11/2011;1;2;3;4;6;9;12;13;15;18;19;20;23;24;25;
686;10/11/2011;1;3;4;6;7;10;12;13;16;19;20;22;23;24;25;
685;07/11/2011;1;3;4;9;12;13;15;17;19;20;21;22;23;24;25;SORTEIO REALIZADO EM ESTÚDIO DE TV.
684;03/11/2011;1;4;5;8;10;11;12;13;14;16;20;21;22;24;25;SORTEIO REALIZADO EM ESTÚDIO DE TV.
683;31/10/2011;1;2;4;5;6;7;8;9;10;11;12;13;15;23;24;
682;27/10/2011;1;2;4;5;6;7;8;11;14;17;18;19;22;24;25;SORTEIO REALIZADO EM ESTÚDIO DE TV.
681;24/10/2011;2;3;4;6;7;8;10;11;12;14;15;16;18;19;23;
680;20/10/2011;3;4;6;7;8;9;12;13;14;16;18;19;20;21;22;
679;17/10/2011;2;7;8;10;11;12;13;14;15;17;18;19;20;21;22;
678;13/10/2011;2;3;5;7;9;10;12;15;18;19;20;21;23;24;25;
677;10/10/2011;1;2;5;6;7;8;10;11;12;13;15;16;19;23;25;
676;06/10/2011;2;4;5;6;8;10;12;13;15;16;19;20;21;24;25;
675;03/10/2011;2;3;4;5;7;10;11;13;14;15;16;17;22;23;24;
674;29/09/2011;2;3;8;10;11;14;15;16;18;19;20;22;23;24;25;
673;26/09/2011;2;4;5;7;8;9;10;11;12;13;14;15;17;19;20;
672;22/09/2011;1;2;4;6;9;10;11;12;15;17;19;21;23;24;25;
671;19/09/2011;4;5;7;8;9;10;11;12;13;14;18;19;20;22;24;
670;15/09/2011;1;7;8;10;12;13;14;15;17;18;20;21;22;23;25;
669;13/09/2011;2;4;5;6;12;13;15;16;17;18;19;22;23;24;25;
668;08/09/2011;1;2;7;9;10;11;12;13;15;16;17;20;23;24;25;
667;05/09/2011;3;4;5;6;8;10;13;15;17;18;19;20;21;24;25;
666;01/09/2011;1;2;4;6;7;11;12;14;15;16;18;20;21;24;25;
665;29/08/2011;2;3;6;7;12;13;14;15;17;18;20;21;22;24;25;
664;25/08/2011;1;3;4;7;10;13;14;15;16;17;18;20;21;23;24;
663;22/08/2011;2;4;5;6;7;9;11;13;16;17;19;21;22;23;24;
662;18/08/2011;1;2;3;6;7;8;9;11;13;14;15;16;19;20;22;
661;15/08/2011;1;3;6;7;10;11;12;15;17;18;19;20;22;23;24;
660;11/08/2011;3;4;5;6;7;8;9;12;14;15;16;17;19;24;25;
659;08/08/2011;1;3;4;5;6;8;9;10;11;12;15;19;20;23;24;
658;04/08/2011;1;4;5;6;7;9;10;11;14;15;17;21;23;24;25;
657;01/08/2011;2;3;4;5;6;8;10;12;13;15;17;19;23;24;25;
656;28/07/2011;2;3;5;7;8;9;11;13;14;15;18;20;22;23;25;
655;25/07/2011;2;5;7;8;10;11;13;14;15;19;20;21;23;24;25;
654;21/07/2011;1;2;3;7;12;13;14;16;17;18;19;20;22;23;25;
653;18/07/2011;1;2;3;7;8;12;13;14;16;17;19;20;21;22;23;
652;14/07/2011;2;5;7;9;10;11;13;14;16;17;18;19;20;21;23;
651;11/07/2011;1;4;5;6;8;10;13;14;15;17;18;19;20;24;25;
650;07/07/2011;1;3;7;8;10;13;14;16;17;19;20;21;23;24;25;
649;04/07/2011;1;2;4;5;6;8;9;10;11;14;15;17;21;22;24;
648;30/06/2011;2;4;6;8;9;10;11;13;15;16;18;19;20;21;22;
647;27/06/2011;4;6;7;8;9;11;13;14;17;18;19;20;22;23;25;
646;24/06/2011;1;3;5;6;9;10;14;15;17;18;19;20;21;23;25;
645;20/06/2011;4;5;8;9;10;11;13;16;18;19;20;21;22;23;25;
644;16/06/2011;2;3;5;6;7;8;9;12;13;14;15;18;21;22;24;
643;13/06/2011;1;2;4;7;8;9;10;13;16;17;19;21;22;23;24;
642;09/06/2011;1;2;4;5;8;10;11;12;13;18;19;20;21;22;25;
641;06/06/2011;2;3;6;7;8;9;11;13;16;18;19;20;21;22;24;
640;02/06/2011;1;3;4;5;9;11;13;14;16;18;19;20;21;22;23;
639;30/05/2011;1;2;4;5;6;8;9;10;12;16;19;20;21;22;24;
638;26/05/2011;1;2;3;4;9;11;13;14;16;18;19;21;23;24;25;
637;23/05/2011;2;4;6;7;9;13;16;17;18;19;20;21;22;23;25;
636;19/05/2011;1;2;3;4;6;10;12;13;14;16;19;20;21;23;25;
635;16/05/2011;1;4;5;6;7;8;9;11;12;13;18;19;20;22;24;
634;12/05/2011;2;3;4;5;9;10;11;12;14;15;18;19;20;21;22;
633;09/05/2011;2;3;6;7;8;9;10;12;18;20;21;22;23;24;25;
632;05/05/2011;1;4;6;8;10;11;13;14;16;17;20;21;22;24;25;
631;02/05/2011;2;3;5;7;8;9;10;13;14;16;17;18;19;20;21;
630;28/04/2011;1;2;4;6;7;12;13;14;17;18;20;22;23;24;25;
629;25/04/2011;1;2;4;5;6;7;9;12;14;15;17;19;21;22;25;
628;20/04/2011;2;3;4;7;8;9;10;11;13;15;18;19;22;23;25;
627;18/04/2011;1;2;3;4;6;10;12;14;15;17;21;22;23;24;25;
626;14/04/2011;1;2;3;4;5;7;8;9;11;13;17;19;21;23;24;
625;11/04/2011;1;2;3;6;8;10;11;13;14;15;16;17;22;23;24;
624;07/04/2011;1;2;4;5;6;7;9;11;12;16;17;18;20;21;24;
623;04/04/2011;1;2;3;4;5;8;9;10;11;12;15;20;22;23;25;
622;31/03/2011;2;3;4;5;6;7;9;10;11;12;13;15;17;18;21;
621;28/03/2011;1;2;3;5;6;8;9;10;12;15;16;20;22;24;25;
620;24/03/2011;1;5;6;7;10;11;12;14;15;16;18;19;20;21;22;
619;21/03/2011;1;3;4;7;8;9;13;14;17;18;19;20;21;23;25;
618;17/03/2011;1;2;4;5;6;7;9;12;13;17;19;20;21;22;24;
617;14/03/2011;1;2;3;4;5;7;10;14;15;16;19;21;22;24;25;
616;10/03/2011;1;2;6;9;10;12;15;16;17;18;19;21;22;24;25;
615;05/03/2011;1;2;4;7;8;11;12;17;19;20;21;22;23;24;25;
614;03/03/2011;1;5;6;7;9;11;12;13;16;17;18;19;20;22;23;
613;28/02/2011;2;5;6;7;10;11;12;13;14;16;17;20;22;23;25;
612;24/02/2011;1;2;3;6;7;9;10;13;15;16;17;18;19;23;25;
611;21/02/2011;2;3;4;5;6;8;9;13;14;16;18;19;20;21;23;
610;17/02/2011;1;2;4;6;7;8;10;12;13;14;15;16;21;22;25;
609;14/02/2011;1;2;4;7;9;10;11;12;14;15;16;19;20;23;25;
608;10/02/2011;1;2;3;5;7;8;10;13;14;16;17;18;19;23;25;
607;07/02/2011;3;5;7;9;12;15;16;17;18;19;20;21;22;24;25;
606;03/02/2011;2;3;6;7;8;10;12;14;15;16;18;22;23;24;25;
605;31/01/2011;2;3;4;5;7;10;11;13;14;16;17;18;21;23;25;
604;27/01/2011;1;2;6;7;9;12;13;14;15;18;19;20;22;24;25;
603;24/01/2011;2;4;5;6;8;10;12;13;15;16;19;20;21;22;23;
602;20/01/2011;1;2;5;6;7;8;9;10;11;12;13;18;22;23;25;
601;17/01/2011;1;3;5;6;7;9;10;11;12;13;14;16;19;20;25;
600;13/01/2011;1;3;5;6;8;9;10;11;16;17;18;19;22;23;25;
599;10/01/2011;2;4;5;6;7;9;12;13;16;18;20;21;22;23;24;
598;06/01/2011;1;3;4;5;7;11;12;14;15;18;19;20;21;22;25;
597;03/01/2011;1;2;3;5;8;9;10;11;14;16;17;18;22;24;25;
596;30/12/2010;2;3;7;8;9;10;11;12;17;18;19;20;22;23;25;
595;27/12/2010;1;5;6;7;8;9;10;11;12;15;17;19;21;24;25;
594;23/12/2010;2;3;6;7;9;10;11;13;14;15;16;18;20;23;25;
593;20/12/2010;1;3;4;5;6;9;10;11;13;14;15;20;23;24;25;
592;16/12/2010;1;3;5;6;8;9;10;14;15;16;17;18;19;20;22;
591;13/12/2010;1;2;4;7;8;10;11;14;15;16;17;19;20;21;23;
590;09/12/2010;1;3;4;6;9;10;11;13;14;15;16;18;19;20;21;
589;06/12/2010;2;3;4;6;8;9;10;12;13;20;21;22;23;24;25;
588;02/12/2010;1;4;5;7;11;12;13;14;17;18;19;20;23;24;25;
587;29/11/2010;1;4;5;7;9;10;11;12;13;17;18;19;20;21;23;
586;25/11/2010;2;3;4;6;7;8;11;12;16;17;18;19;22;24;25;
585;22/11/2010;1;5;7;8;9;10;13;14;15;16;17;18;20;23;24;
584;18/11/2010;2;3;5;6;7;8;10;11;14;15;19;20;21;22;23;
583;16/11/2010;1;3;4;7;8;9;11;14;16;17;18;19;21;23;24;
582;11/11/2010;3;7;8;9;10;11;12;13;15;17;18;19;21;23;25;
581;08/11/2010;2;4;6;9;11;12;13;14;15;17;18;19;21;23;25;
580;04/11/2010;1;4;6;7;8;9;10;12;13;14;16;17;21;24;25;
579;01/11/2010;1;3;5;6;7;8;10;12;13;14;17;19;20;21;24;
578;28/10/2010;1;4;6;7;8;10;12;13;14;15;16;19;21;22;23;
577;25/10/2010;1;2;3;4;5;8;10;12;15;16;18;19;21;22;23;
576;21/10/2010;6;8;9;10;11;12;13;15;16;17;18;19;21;23;25;
575;18/10/2010;3;5;8;9;10;12;13;15;16;17;18;19;21;22;24;
574;14/10/2010;1;5;6;11;12;13;14;16;18;19;20;21;22;23;25;
573;11/10/2010;1;2;3;7;10;11;12;14;16;18;20;22;23;24;25;
572;07/10/2010;2;5;6;8;9;10;13;14;15;16;17;19;21;22;24;
571;04/10/2010;3;4;5;6;7;11;12;15;16;18;19;20;21;24;25;
570;30/09/2010;1;2;3;4;5;10;12;14;15;18;19;20;21;22;23;
569;27/09/2010;1;2;6;7;8;12;13;16;17;18;19;20;22;24;25;
568;23/09/2010;1;2;4;5;6;7;8;9;13;15;16;17;18;20;21;
567;20/09/2010;1;2;5;7;8;9;10;12;13;14;15;17;21;24;25;
566;16/09/2010;1;3;4;5;7;9;10;11;14;15;16;17;19;20;21;
565;13/09/2010;1;4;6;7;9;10;12;15;17;18;19;20;21;23;24;
564;09/09/2010;1;2;3;4;7;9;12;14;15;17;19;20;21;23;24;
563;06/09/2010;1;3;4;5;6;7;9;11;12;16;19;20;22;23;24;
562;02/09/2010;1;2;3;5;7;8;13;14;16;18;19;20;21;22;24;
561;30/08/2010;2;3;4;6;7;9;10;11;12;13;15;17;18;20;21;
560;26/08/2010;1;2;4;9;10;12;14;17;18;19;20;21;23;24;25;
559;23/08/2010;1;2;5;7;9;10;11;13;14;16;19;20;21;22;23;
558;19/08/2010;1;3;4;5;7;10;12;14;17;18;20;21;22;24;25;
557;16/08/2010;1;5;7;8;9;10;12;14;15;17;18;19;20;21;23;
556;12/08/2010;1;4;8;9;11;13;14;16;17;18;20;22;23;24;25;
555;09/08/2010;1;2;6;7;8;9;10;12;14;16;17;18;20;23;24;
554;05/08/2010;1;2;3;4;6;9;13;14;17;19;20;21;22;24;25;
553;02/08/2010;4;5;7;8;9;10;12;13;14;15;17;18;21;23;24;
552;29/07/2010;1;3;4;5;6;8;10;12;13;17;20;22;23;24;25;
551;26/07/2010;3;7;8;10;12;13;14;16;17;18;19;20;21;22;24;
550;22/07/2010;1;5;6;7;9;10;11;13;14;16;17;18;20;21;22;
549;19/07/2010;3;4;7;9;10;11;13;14;15;16;17;20;21;22;23;
548;15/07/2010;1;2;3;4;5;6;7;8;9;13;14;17;20;23;25;
547;12/07/2010;1;2;4;5;6;9;10;12;14;16;17;19;20;24;25;
546;08/07/2010;2;3;4;5;8;9;10;11;12;13;17;18;19;21;23;
545;05/07/2010;1;3;5;6;7;11;12;13;14;15;17;18;23;24;25;
544;01/07/2010;2;4;5;7;8;9;11;13;14;15;18;19;21;23;24;
543;28/06/2010;1;5;7;8;10;11;13;14;15;16;17;20;22;24;25;
542;24/06/2010;1;2;3;4;5;8;9;10;13;16;17;18;20;22;24;
541;21/06/2010;3;4;5;6;9;10;13;14;15;17;19;20;22;24;25;
540;17/06/2010;2;6;7;8;9;11;12;13;15;16;18;19;20;22;24;
539;14/06/2010;1;2;4;5;6;8;9;12;13;14;15;16;19;21;23;
538;10/06/2010;2;5;6;10;11;12;13;16;17;18;19;20;21;24;25;
537;07/06/2010;1;2;4;6;9;10;11;14;15;17;18;20;22;23;24;
536;04/06/2010;3;4;5;7;9;11;15;16;17;19;20;22;23;24;25;
535;31/05/2010;1;4;5;6;9;11;13;15;16;17;19;21;23;24;25;
534;27/05/2010;1;2;3;5;7;8;11;12;13;15;18;19;21;22;24;
533;24/05/2010;1;2;3;8;9;10;11;13;14;16;17;18;20;24;25;
532;20/05/2010;1;2;4;5;6;7;9;11;12;13;15;16;19;22;24;
531;17/05/2010;1;2;3;7;10;12;13;14;15;16;17;21;22;23;25;
530;13/05/2010;3;4;6;7;8;9;10;11;12;14;16;18;21;22;23;
529;10/05/2010;2;3;5;6;7;11;12;16;17;18;19;20;22;23;25;
528;06/05/2010;2;3;4;6;7;8;10;11;12;15;19;21;23;24;25;
527;03/05/2010;1;2;5;6;9;11;12;14;15;16;17;19;22;23;24;
526;29/04/2010;1;2;4;7;8;9;10;11;12;14;15;16;19;24;25;
525;26/04/2010;3;4;6;9;10;11;13;15;16;17;18;20;21;22;25;
524;22/04/2010;2;3;5;6;7;10;11;12;14;17;20;21;22;23;24;
523;19/04/2010;2;4;5;8;9;10;11;12;13;16;17;18;19;24;25;
522;15/04/2010;2;4;6;7;9;11;16;17;18;19;21;22;23;24;25;
521;12/04/2010;1;2;3;4;5;6;9;10;11;12;13;17;19;20;23;
520;08/04/2010;2;4;5;6;9;10;12;14;15;18;19;20;22;23;24;
519;05/04/2010;2;3;7;9;11;12;13;15;16;17;19;21;23;24;25;
518;01/04/2010;4;5;6;7;10;11;12;13;14;16;17;19;20;22;24;
517;29/03/2010;1;3;4;5;6;7;8;9;11;12;13;17;21;22;23;
516;25/03/2010;2;4;5;6;7;8;11;12;13;14;18;20;21;23;24;
515;22/03/2010;2;3;5;7;9;10;11;12;13;14;17;18;20;24;25;
514;18/03/2010;1;5;6;7;8;9;11;12;15;17;18;21;22;24;25;COMUNICAMOS QUE OS SORTEIOS DA LOTOFÁCIL (CONCURSO 515) E DA QUINA (CONCURSO 2251) SERÃO REALIZADOS NO AUDITÓRIO DA CAIXA, EM BRASÍLIA/DF, A PARTIR DAS 20H.
513;15/03/2010;1;2;3;6;9;10;11;13;15;17;18;20;22;23;25;
512;12/03/2010;1;2;4;5;6;7;8;9;10;12;13;15;16;21;24;
511;08/03/2010;1;2;5;7;10;11;12;13;14;17;18;19;21;24;25;ATENÇÃO! DEVIDO A MOTIVOS OPERACIONAIS O SORTEIO DO CONCURSO 512 SERÁ REALIZADO EM 12/03/2010, ÀS 10 HORAS.
510;04/03/2010;1;2;3;4;6;7;10;11;12;13;20;21;22;23;25;
509;01/03/2010;1;3;5;6;9;11;12;15;16;17;19;20;22;24;25;
508;25/02/2010;2;3;5;6;7;8;9;14;15;16;18;19;23;24;25;
507;22/02/2010;1;2;3;5;6;8;9;10;11;12;20;21;23;24;25;
506;18/02/2010;4;5;6;9;11;12;13;15;16;17;19;20;21;22;24;
505;13/02/2010;3;4;6;7;9;11;15;16;17;18;19;20;21;22;24;
504;11/02/2010;1;6;9;10;12;13;14;15;16;17;18;19;20;21;23;O SORTEIO DO CONCURSO 505 FOI ANTECIPADO PARA O DIA 13/02/2010 - SÁBADO.
503;08/02/2010;1;2;3;4;5;7;11;12;14;15;17;20;21;24;25;
502;04/02/2010;1;2;3;4;5;6;8;10;11;13;16;18;19;23;24;
501;01/02/2010;1;2;3;4;6;9;12;15;17;18;19;21;23;24;25;
500;28/01/2010;2;3;5;6;8;9;10;13;14;16;18;20;21;23;25;
499;25/01/2010;1;2;3;4;7;10;11;12;15;17;19;20;21;24;25;
498;21/01/2010;1;2;4;5;6;11;13;14;15;16;18;20;22;23;25;
497;18/01/2010;1;2;3;4;5;8;9;11;12;14;16;17;19;23;25;
496;14/01/2010;3;4;5;7;9;11;13;14;15;16;17;19;21;22;24;
495;11/01/2010;1;3;4;6;7;8;9;11;13;15;17;19;22;24;25;
494;07/01/2010;2;3;4;5;7;8;12;13;15;16;18;19;20;21;22;
493;04/01/2010;1;4;5;7;8;10;12;13;14;15;17;18;21;22;25;
492;31/12/2009;1;2;3;4;6;8;11;12;14;15;18;19;21;24;25;
491;28/12/2009;1;2;3;7;9;11;12;13;16;20;21;22;23;24;25;
490;24/12/2009;3;5;6;8;10;11;12;13;14;16;17;18;21;22;23;
489;21/12/2009;1;2;5;7;10;11;12;14;17;18;19;21;22;23;25;
488;17/12/2009;5;6;7;8;11;12;13;14;15;17;18;20;22;24;25;
487;14/12/2009;4;5;6;7;8;9;10;14;15;17;18;19;21;22;24;
486;10/12/2009;1;2;3;4;5;7;9;11;13;15;18;19;20;21;22;
485;07/12/2009;2;3;4;5;6;7;11;16;17;18;20;21;22;24;25;
484;03/12/2009;1;4;6;8;9;10;11;13;14;16;17;20;21;23;25;
483;30/11/2009;1;4;5;6;7;9;11;12;14;17;18;21;22;23;24;
482;26/11/2009;2;6;7;8;9;10;12;15;16;17;19;21;22;23;25;
481;23/11/2009;1;3;5;7;9;10;12;13;14;15;17;20;21;22;24;
480;19/11/2009;4;5;6;7;8;9;11;12;15;17;18;19;22;24;25;
479;16/11/2009;2;3;5;8;11;13;14;15;16;18;19;22;23;24;25;
478;12/11/2009;2;3;5;7;9;10;11;12;13;16;18;22;23;24;25;
477;09/11/2009;2;4;6;7;8;10;11;12;14;16;18;20;23;24;25;
476;05/11/2009;1;5;6;7;9;10;11;13;14;15;16;17;19;24;25;
475;03/11/2009;2;3;4;5;6;9;10;11;13;14;17;20;21;23;25;
474;29/10/2009;1;2;3;5;9;10;11;12;15;16;17;18;21;23;24;
473;27/10/2009;1;2;5;6;7;8;9;11;12;15;17;19;22;23;25;
472;22/10/2009;1;2;4;5;6;7;8;11;12;13;14;15;17;18;20;
471;19/10/2009;2;3;4;6;9;10;11;12;13;14;15;16;20;24;25;
470;15/10/2009;1;3;4;5;6;7;8;10;11;13;15;18;20;22;23;
469;13/10/2009;1;2;5;6;7;8;10;11;13;14;18;19;22;23;25;
468;08/10/2009;2;3;5;6;9;10;12;13;15;17;18;21;22;24;25;
467;05/10/2009;2;4;5;6;7;10;13;14;15;17;18;21;22;24;25;
466;01/10/2009;2;6;7;8;10;11;12;14;17;18;19;20;21;22;25;
465;28/09/2009;1;2;3;4;6;7;9;10;11;13;18;19;21;22;25;
464;24/09/2009;1;2;5;8;10;11;16;17;19;20;21;22;23;24;25;
463;21/09/2009;2;3;6;7;9;11;13;14;17;18;19;20;22;23;25;
462;17/09/2009;1;2;3;5;7;8;12;14;16;17;18;21;22;23;24;
461;14/09/2009;3;4;5;6;7;8;11;12;13;14;15;17;19;23;24;
460;10/09/2009;1;3;4;6;9;10;11;12;14;15;16;17;19;22;23;
459;08/09/2009;1;2;3;4;7;10;11;12;14;15;17;19;20;21;23;
458;03/09/2009;2;3;4;5;6;7;8;9;11;13;15;16;18;20;22;
457;31/08/2009;1;4;5;11;13;14;15;16;18;19;20;21;22;23;25;
456;27/08/2009;1;3;4;9;10;11;12;13;14;17;18;21;23;24;25;
455;24/08/2009;1;3;4;5;6;7;8;11;12;14;18;19;21;23;25;
454;20/08/2009;3;4;6;7;11;12;13;14;15;17;19;20;22;24;25;
453;17/08/2009;1;2;3;4;6;9;11;14;15;17;19;20;21;24;25;
452;13/08/2009;1;6;7;8;9;10;11;12;14;17;18;19;20;24;25;
451;10/08/2009;1;3;5;6;8;9;14;15;17;18;19;22;23;24;25;
450;06/08/2009;4;5;6;7;9;11;14;16;17;18;21;22;23;24;25;INFORMAMOS QUE, EXCEPCIONALMENTE, O SORTEIO DO CONCURSO 451 DA LOTOFÁCIL SERÁ REALIZADO NO AUDITÓRIO DA CAIXA EM BRASÍLIA, EM 10/08/2009, A PARTIR DAS 20 HORAS.
449;03/08/2009;1;2;3;4;8;9;10;11;16;17;18;19;22;24;25;
448;30/07/2009;1;3;5;6;9;10;11;12;13;14;15;17;20;23;24;
447;27/07/2009;1;2;5;8;10;12;16;17;18;19;20;21;22;24;25;OS GANHADORES COM 15 ACERTOS SÃO DE: SÃO PAULO/SP, FRANCA/SP e VOTORANTIM/SP.
446;23/07/2009;1;2;4;5;6;8;10;11;14;15;16;19;21;23;24;
445;20/07/2009;1;2;4;7;9;10;11;12;13;15;16;18;19;20;21;
444;16/07/2009;1;2;3;6;7;10;14;15;18;19;20;21;22;24;25;
443;13/07/2009;1;2;3;5;7;10;11;12;16;17;18;19;21;22;23;
442;09/07/2009;5;6;7;8;9;12;13;14;15;17;18;22;23;24;25;
441;06/07/2009;1;2;3;4;7;8;9;10;11;13;14;20;23;24;25;
440;02/07/2009;1;3;5;8;9;12;13;14;15;16;19;21;22;24;25;
439;29/06/2009;2;3;5;9;10;11;12;14;15;17;19;21;23;24;25;
438;25/06/2009;1;4;7;8;9;11;13;15;17;18;21;22;23;24;25;
437;22/06/2009;1;2;4;5;6;8;10;11;12;16;17;19;20;21;23;
436;18/06/2009;3;4;6;7;10;13;14;15;18;19;20;21;22;23;25;
435;15/06/2009;1;3;4;5;10;11;13;14;15;16;17;18;21;24;25;
434;12/06/2009;3;4;6;9;11;12;13;15;16;17;18;21;23;24;25;
433;08/06/2009;1;2;3;5;7;8;9;14;15;19;21;22;23;24;25;
432;04/06/2009;2;3;4;6;7;10;12;13;15;17;19;20;21;23;24;
431;01/06/2009;1;2;3;5;9;11;12;13;15;18;20;21;22;23;24;
430;28/05/2009;2;3;4;5;6;7;9;11;13;14;15;20;22;23;25;A APOSTA GANHADORA DE 15 ACERTOS FOI REALIZADA EM BRASÍLIA/DF.
429;25/05/2009;2;3;4;5;6;7;8;12;13;14;16;17;19;23;25;Ganhadores de 15 acertos: Rio de Janeiro/RJ, Brasília/DF, Ibirarema/SP, Jundiaí/SP, Guarulhos/SP, Nanuque/MG e Jaboatão dos Guararapes/PE.
428;21/05/2009;1;3;4;11;13;14;15;17;18;19;20;21;22;23;24;GANHADORES DE 15 ACERTOS: GOIÂNIA/GO E ARARAQUARA/SP.
427;18/05/2009;1;3;4;5;6;7;9;10;11;12;16;19;21;22;24;AS APOSTAS GANHADORAS DE 15 ACERTOS FORAM REALIZADAS EM SÃO PAULO/SP E ITAJUBÁ/MG.
426;14/05/2009;2;3;4;5;6;8;10;11;15;16;18;19;22;24;25;AS APOSTAS GANHADORAS DE 15 ACERTOS FORAM REALIZADAS EM CAMPINAS/SP E ITANHANDU/MG.
425;11/05/2009;1;7;9;10;11;12;13;15;16;18;19;20;22;23;24;GANHADORES DE 15 ACERTOS:CAMPOS DOS GOYTACAZES/RJ, CAXIAS DO SUL/RS, PORTO ALEGRE/RS, RIO DE JANEIRO/RJ, RIO VERDE/GO E VITÓRIA/ES.
424;07/05/2009;1;3;6;9;10;11;13;14;15;16;17;18;19;24;25;
423;04/05/2009;1;2;3;5;11;13;15;16;17;18;20;22;23;24;25;GANHADOR DE QUINZE ACERTOS: SÃO PAULO/SP
422;30/04/2009;1;2;3;4;6;7;8;12;13;14;17;18;22;23;25;GANHADORES DE 15 ACERTOS: BARREIRAS/BA, CACOAL/RO, FORQUILHINHA/SC, GUARABIRA/PB, ILHÉUS/BA, ITAPOÃ/SC, LONDRINA/PR, RIO BRANCO/AC, RIO DE JANEIRO/RJ, SÃO JOÃO DEL REI/MG E SAPÉ/PB.
421;27/04/2009;3;4;5;8;9;10;12;13;14;15;16;19;20;23;25;AS APOSTAS GANHADORAS DE 15 ACERTOS FORAM REALIZADAS EM ITAJUBÁ/MG E ITUIUTABA/MG.
420;23/04/2009;3;4;5;6;7;8;9;10;11;12;18;19;22;24;25;Ganhadores de 15 acertos: São Paulo/SP, Ipatinga/MG, Teofilo Otoni/MG.
419;20/04/2009;3;4;5;6;7;14;15;16;17;18;20;21;22;23;24;GANHADORES DE 15 ACERTOS: ARACRUZ/ES, DIADEMA/SP, ITATIAIA/RJ, JOÃO PINHEIRO/MG, MIRACEMA DO TOCANTINS/TO, NATAL/RN, NOVA PONTE/MG, PORTO ALEGRE/RS, RIBEIRÃO PRETO/SP E RIO DE JANEIRO/RJ.
418;16/04/2009;5;8;9;10;11;12;13;14;18;19;20;22;23;24;25;OS GANHADORES DE 15 ACERTOS SÃO DE ARACAJU/SE, ARIQUEMES/RO, BELÉM/PA E PARAGOMINAS/PA.
417;15/04/2009;1;2;3;8;9;11;12;13;14;15;16;17;19;21;23;O GANHADOR DE 15 ACERTOS É DE MOJI MIRIM/SP.
416;09/04/2009;1;2;5;6;7;13;15;16;18;19;20;22;23;24;25;"GANHADORES DE 15 ACERTOS: SALVADOR/BA; COLORADO DO OESTE/RO; SAO PAULO/SP E BELEM/PA. DEVIDO A PROBLEMAS OPERACIONAIS O CONCURSO 417 DO LOTOFÁCIL SERÁ REALIZADO EM IVAIPORÃ/PR A PARTIR DAS 22:00 HORAS DO DIA 14/04/2009."
415;06/04/2009;1;3;7;10;11;13;14;15;17;18;19;20;21;22;23;CIDADES DOS GANHADORES DE 15 ACERTOS: SÃO PAULO/SP, RIO DE JANEIRO/RJ, FORTALEZA/CE E BELÉM/PA (02).
414;02/04/2009;2;3;5;6;8;9;10;11;15;16;18;19;20;21;25;GANHADOR DE 15 ACERTOS: DIVINÓPOLIS/MG.
413;30/03/2009;2;3;5;6;8;9;10;12;13;14;16;17;20;21;25;GANHADORES DE 15 ACERTOS: AMERICANA/SP, BRASÍLIA/DF, CARLOS BARBOSA/RS E SANTA BÁRBARA/MG.
412;26/03/2009;3;4;8;9;10;11;12;16;17;18;19;20;21;22;25;GANHADOR DE 15 ACERTOS: GUARATINGUETÁ/SP.
411;23/03/2009;1;5;7;9;11;12;14;16;17;18;20;21;22;24;25;Ganhadores de 15 acertos: ARAGUAÍNA/TO, JOÃO PESSOA/PB, MORUNGABA/SP e PIRACICABA/SP.
410;19/03/2009;1;4;5;7;8;9;10;11;13;14;15;17;18;19;25;GANHADORES DE 15 ACERTOS: ITABERABA/BA, BELO HORIZONTE/MG E FRANCA/SP.
409;16/03/2009;1;2;4;6;7;8;10;14;16;17;20;21;23;24;25;GANHADORES DE 15 ACERTOS: BARRETOS/SP, NOVA FRIBURGO/RJ, CAPÃO DA CANOA/RS, ALTO GARÇAS/MT, CRUZEIRO/SP, CASCAVEL/PR E ITATIBA/SP.
408;12/03/2009;1;2;3;4;10;11;12;14;15;18;19;20;21;22;23;GANHADORES DE 15 ACERTOS: SÃO PAULO/SP, BARRA MANSA/RJ, SANTALUZ/BA, FORTALEZA/CE, MANACAPURU/AM E BETIM/MG.
407;09/03/2009;2;4;6;7;8;9;11;12;14;15;16;17;20;22;25;GANHADORES DE 15 ACERTOS: ARACAJU/SE, JARAGUÁ/GO E BIRIGUI/SP.
406;05/03/2009;1;2;4;5;7;8;9;10;11;16;17;21;22;23;24;GANHADORES DE 15 ACERTOS: RIO DE JANEIRO/RJ E SÃO PAULO/SP.
405;02/03/2009;4;5;6;7;8;11;12;13;14;16;18;19;22;24;25;Ganhadores de 15 acertos: Águas de Lindóia/SP, São Paulo/SP, Goiânia/GO e Palmeira/PR.
404;26/02/2009;1;5;6;8;10;11;13;14;16;18;20;21;22;24;25;GANHADORES DE 15 ACERTOS: CAMPINAS/SP, CAPÃO BONITO/SP(2), ITAPIRA/SP, JAGUARIÚNA/SP, SÃO LUIS/MA(2), SÃO PAULO/SP, SERTÃOZINHO/SP E TAUBATÉ/SP.
403;19/02/2009;2;4;6;7;8;9;11;12;13;14;15;19;21;24;25;Ganhador de 15 acertos: Avaré/SP.
402;16/02/2009;1;2;4;6;7;8;9;11;16;20;21;22;23;24;25;GANHADORES DE 15 ACERTOS: RIO DE JANEIRO/RJ, BOM JESUS DOS PERDÕES/SP E MANAUS/AM.
401;12/02/2009;1;2;3;5;6;7;8;10;14;16;17;21;23;24;25;Ganhadores de 15 acertos: Belo Horizonte/MG, Colider/MT, Igarapava/SP e Votorantim/SP.
400;09/02/2009;1;5;9;10;12;14;15;16;17;19;20;21;22;23;24;GANHADORES DE 15 ACERTOS: ABELARDO LUZ/SC E RIO DE JANEIRO/RJ.
399;05/02/2009;1;4;7;9;10;11;12;14;16;17;19;21;22;23;24;GANHADORES DE 15 ACERTOS: CONTAGEM/MG, SANTOS/SP, PASSOS/MG, MAUÁ/SP, SÃO GONÇALO/RJ E SÃO LUÍS/MA.
398;02/02/2009;2;3;4;5;7;8;9;10;12;13;16;18;20;21;22;GANHADORES DE 15 ACERTOS: RECIFE/PE E SOROCABA/SP(2).
397;29/01/2009;1;2;3;4;5;6;8;9;10;13;14;15;20;22;25;GANHADORES DE 15 ACERTOS: MANAUS/AM, PORTO ALEGRE/RS E VÁRZEA PAULISTA/SP.
396;26/01/2009;1;2;3;5;6;7;9;10;11;13;15;18;20;22;24;"GANHADORES DE 15 ACERTOS: BELO HORIZONTE/MG; SAO PAULO/SP(2); SETE LAGOAS/MG; NOVA IGUACU/RJ; GOIANIA/GO; SAO LUIS/MA; RIO DE JANEIRO/RJ; LORENA/SP; MATELANDIA/PR; NOVA IGUACU/RJ E BARRO/CE."
395;22/01/2009;1;2;4;6;8;9;11;13;14;15;17;21;22;23;25;GANHADORES DE 15 ACERTOS: RIO DE JANEIRO/RJ, MACAPÁ/AP, UMUARAMA/PR, TABOÃO DA SERRA/SP, GOIANINHA/RN E CAPIVARI DE BAIXO/SC.
394;19/01/2009;2;5;6;7;8;12;13;14;16;18;20;21;22;23;24;Ganhadores de 15 acertos: Estância Velha/RS, Florianópolis/SC, Rio de Janeiro/RJ e Sorocaba/SP.
393;15/01/2009;1;3;4;6;7;8;10;11;17;18;20;21;22;23;25;GANHADORES DE 15 ACERTOS: BERFORD ROXO/RJ, BRASÍLIA/DF E SÃO PAULO/SP.
392;12/01/2009;1;2;3;4;10;11;12;14;15;17;18;20;21;23;25;
391;08/01/2009;1;3;4;6;8;9;12;13;15;16;18;21;22;23;25;"GANHADORES DE 15 ACERTOS: TABOÃO DA SERRA/SP; SÃO GONÇALO/RJ; SERRA/ES; JAÚ/SP; AMERICANA/SP; OSASCO/SP; MARINGÁ/PR; SERRA NEGRA/SP; CAMBUÍ/MG (2); CONSELHEIRO PENA/MG (2); SÃO PAULO/SP (04)."
390;05/01/2009;2;5;7;10;11;12;13;14;15;19;20;21;22;24;25;GANHADORES DE 15 ACERTOS: PONTA GROSSA/PR E SÃO PAULO/SP.
389;02/01/2009;2;3;4;5;6;9;10;12;13;17;18;19;23;24;25;Ganhadores de 15 acertos: Salvador/BA, Contagem/MG, Santos/SP, Bauru/SP e Palestina/SP.
388;29/12/2008;1;2;3;5;6;7;9;10;11;15;16;17;18;20;21;
387;26/12/2008;2;3;4;8;9;10;11;12;14;15;19;20;21;22;23;GANHADORES COM 15 ACERTOS: SP 5, MG 2, AL 1, SC 1,SE 1, TO 1.
386;22/12/2008;1;2;3;4;6;7;9;11;15;18;19;20;21;23;25;GANHADORES DE 15 ACERTOS: PIRAMBU/SE, PAUDALHO/PE E MOGI DAS CRUZES/SP.
385;18/12/2008;1;2;4;5;6;8;12;13;15;18;20;22;23;24;25;Ganhadores de 15 acertos: Campinas/SP, São Paulo/SP, Anápolis/GO, Castelo/ES, Várzea Grande/MT, Cuiabá/MT e Ubá/MG.
384;15/12/2008;1;3;4;7;10;11;13;15;17;18;19;20;21;22;25;GANHADORES DE 15 ACERTOS: ASSIS CHATEAUBRIAND/PR, JACAREÍ/SP e MOGI-GUAÇÚ/SP.
383;11/12/2008;3;5;6;7;9;11;12;14;15;16;18;22;23;24;25;GANHADORES DE 15 ACERTOS: HORTOLÂNDIA/SP, MIRASSOL/SP, NATAL/RN e SÃO PAULO/SP.
382;08/12/2008;2;3;4;7;8;9;10;11;12;14;15;16;21;22;24;GANHADORES COM 15 ACERTOS: TAUBATÉ/SP e ARARAQUARA/SP.
381;04/12/2008;1;3;4;6;7;9;10;12;13;15;17;19;21;22;25;GANHADORES DE 15 ACERTOS: MA: 01, MT: 01, PA: 02, PB: 01, PR: 05, RJ: 01, SP: 06.
380;01/12/2008;2;3;4;6;7;8;9;10;11;14;17;18;22;23;25;GANHADOR DE 15 ACERTOS: BELO HORIZONTE/MG
379;27/11/2008;3;4;5;7;10;11;12;13;14;16;17;18;21;22;25;Ganhador de 15 acertos: Sete Lagoas/MG.
378;24/11/2008;2;3;4;6;12;13;14;15;16;19;21;22;23;24;25;GANHADORES COM 15 ACERTOS: TRÊS RIOS/RJ e ADAMANTINA/SP.
377;20/11/2008;1;2;3;4;7;8;9;11;12;13;15;17;19;20;22;Ganhadores de 15 acertos: São Caetano do Sul/SP e Campos Novos Paulista/SP.
376;17/11/2008;2;3;8;10;12;13;14;15;16;18;20;21;22;24;25;GANHADOR DE 15 ACERTOS: CURITIBAPR.
375;13/11/2008;1;2;5;7;10;11;12;13;14;16;17;18;19;20;25;GANHADORES COM QUINZE ACERTOS: BRITÂNIA/GO, CUIABÁ/MT, RIO DE JANEIRO/RJ E SÃO PAULO/SP.
374;10/11/2008;1;2;3;6;9;12;13;16;18;20;21;22;23;24;25;GANHADORES COM 15 ACERTOS: SÃO CAETANO DO SUL/SP, CAMPO GRANDE/MS e JÚLIO DE CASTILHOS/RS.
373;06/11/2008;2;4;6;9;11;12;13;14;15;17;19;20;21;22;23;GANHADORES COM 15 ACERTOS: CAMPO VERDE/MT, CAMPOS DO JORDÃO/SP, RIO DE JANEIRO/RJ, BETIM/MG.
372;03/11/2008;3;4;5;6;10;12;13;14;16;17;19;22;23;24;25;GANHADORES DE 15 ACERTOS: FEIRA DE SANTANA/BA, NOVA IGUAÇU/RJ, UBERLÂNDIA/MG, POSSE/GO, PENÁPOLIS/SP E TAUBATÉ/SP.
371;30/10/2008;1;2;3;5;6;7;8;9;10;13;14;15;16;22;25;
370;27/10/2008;3;4;6;7;8;9;10;11;12;14;16;17;19;23;25;GANHADORES DE 15 ACERTOS: DIVINÓPOLI/MG, SÃO JOSÉ DOS CAMPOS/SP, CAIAPÔNIA/GO E SÃO PAULO/SP (2).
369;23/10/2008;1;3;5;6;7;9;11;12;14;15;20;21;22;23;24;GANHADOR DE 15 ACERTOS: FIRMINÓPOLIS/GO.
368;20/10/2008;2;3;4;5;6;11;13;14;15;17;19;20;21;22;24;Ganhadores de 15 acertos: Divinópolis/MG e Guarulhos/SP.
367;16/10/2008;1;2;4;7;8;9;12;13;15;17;18;20;21;22;24;
366;13/10/2008;3;5;6;8;9;11;13;15;17;18;20;21;22;23;25;GANHADORES DE 15 ACERTOS: MARIANA/MG, MATEUS LEME/MG, SÃO PAULO/SP,ARARANGUÁ/SC, FORTALEZA/CE, CAMACAN/BA, PIRACICABA/SP, NOVA XAVANTINA/MT, CABO FRIO/RJ, MACEIÓ/AL, ÁGUA BOA/MT, CONSELHEIRO LAFAIETE/MG, JUAZEIRO DO NORTE/CE, SÃO JOSÉ/SC, CURITIBA/PR (2).
365;09/10/2008;3;4;5;8;10;11;12;15;16;18;19;20;23;24;25;GANHADORES DE 15 ACERTOS: BRASÍLIA/DF E SÃO JOSÉ DO RIO PRETO/SP.
364;06/10/2008;2;3;4;6;7;9;11;12;13;15;19;20;21;22;24;GANHADORES DE 15 ACERTOS: ARAGUARI/MG, RIO DE JANEIRO/RJ E BRASÍLIA/DF.
363;02/10/2008;2;3;4;6;8;9;11;13;15;16;17;20;21;22;23;GANHADORES DE 15 ACERTOS: SUMARÉ/SP, BRASÍLIA/DF, MACEIÓ/AL, BRUMADINHO/MG e RECIFE/PE.
362;29/09/2008;1;2;3;4;5;6;7;10;12;13;17;18;22;23;24;GANHADORES DE 15 ACERTOS:RIO DE JANEIRO/RJ, UNIÃO DOS PALMARES/AL, UBERABA/MG, SÃO PAULO/SP, CURITIBA/PR, ITAQUAQUECETUBA/SP, VOTUPORANGA/SP, UBAPORANGA/MG.
361;25/09/2008;1;4;7;9;10;12;13;14;15;16;17;19;20;23;24;GANHADORES DE 15 ACERTOS: BELO HORIZONTE/MG, SANTO ANDRÉ/SP, MACAUBAL/SP, VASSOURAS/RJ.
360;22/09/2008;1;2;3;4;5;7;8;9;11;17;18;19;20;23;24;GANHADORES DE 15 ACERTOS: ARARAS/SP e FLORIANÓPOLIS/SC.
359;18/09/2008;4;7;8;10;11;12;13;16;17;18;19;21;22;24;25;GANHADOR DE 15 ACERTOS: ANGRA DOS REIS/RJ.
358;15/09/2008;2;4;6;9;10;11;12;14;15;16;17;18;23;24;25;GANHADORES DE 15 ACERTOS: IÇARA/SC e SÃO JOAQUIM DA BARRA/SP.
357;11/09/2008;1;2;5;6;8;9;10;11;13;14;17;19;21;23;25;GANHADORES DE 15 ACERTOS: BELO HORIZONTE/MG, BLUMENAU/SC, CÂNDIDO MOTA/SP, SANTANA DE PARNAÍBA/SP, IGAPORÃ/BA, CAMPINAS/SP.
356;08/09/2008;2;4;5;9;10;11;13;14;15;16;19;20;22;24;25;GANHADORES DE 15 ACERTOS: FORTALEZA/CE E SALVADOR/BA.
355;04/09/2008;2;4;6;7;8;9;10;11;12;13;15;18;19;23;25;GANHADORES DE 15 ACERTOS: SÃO PAULO/SP, PASSOS/MG, CAÇAPAVA DO SUL/RS E NITERÓI/RJ.
354;01/09/2008;1;2;4;7;8;9;10;12;16;17;18;19;21;22;23;Ganhador de 15 acertos: Manaus/AM.
353;28/08/2008;2;3;7;8;9;11;12;13;17;18;19;20;21;22;23;
352;25/08/2008;1;2;3;4;6;9;12;13;15;17;18;19;20;22;24;GANHADORES DE 15 ACERTOS: MANAUS/AM E CAPÃO BONITO/SP.
351;21/08/2008;1;2;3;5;7;10;11;12;14;16;17;18;19;23;24;GANHADORES DE 15 ACERTOS: APUCARANA/PR e MANAUS/AM.
350;18/08/2008;1;2;3;4;6;7;8;9;12;13;14;15;22;23;25;Ganhadores de 15 acertos: Piranhas/GO, Patos de Minas/MG, Brusque/SC, Santos/SP, Santo Antônio de Posse/SP e Rio Claro/SP.
349;14/08/2008;1;2;5;7;8;12;14;16;17;18;19;20;22;24;25;
348;11/08/2008;1;2;5;7;8;12;14;17;18;19;20;21;22;24;25;GANHADORES DE 15 ACERTOS: SÃO PAULO/SP (2), SÃO CAETANO DO SUL/SP.
347;07/08/2008;3;5;7;8;9;10;11;12;14;15;18;19;20;24;25;GANHADOR DE 15 ACERTOS: SALVADOR/BA.
346;04/08/2008;1;2;3;5;6;8;10;12;14;15;17;18;21;23;24;Ganhadores de 15 acertos: Rio de Janeiro/RJ, Pará de Minas/MG, Jacareí/SP, Correia Pinto/SC, Manaus/AM, Osasco/SP, São Vicente/SP, João Pessoa/PB e Mundo Novo/BA.
345;31/07/2008;2;7;9;11;12;14;15;16;18;19;20;21;23;24;25;GANHADORES DE 15 ACERTOS: SÃO JOSÉ DO RIO PRETO/SP E BARIRI/SP.
344;28/07/2008;3;4;5;6;9;10;11;12;13;15;16;20;21;24;25;Ganhadores de 15 acertos: Curitiba/PR, Brasília/DF e Gravataí/RS.
343;24/07/2008;3;5;6;8;11;12;13;14;15;16;18;19;20;22;25;Ganhador de 15 acertos: Rio de Janeiro/RJ.
342;21/07/2008;1;3;4;8;11;12;13;15;16;19;20;21;22;23;25;GANHADORES DE 15 ACERTOS: SÃO PAULO/SP, CUIABÁ/MT E ABADIÂNIA/GO.
341;17/07/2008;1;5;7;9;11;12;13;16;18;19;20;21;22;24;25;GANHADOR DE 15 ACERTOS: CURITIBA/PR.
340;14/07/2008;2;3;4;5;6;8;9;10;11;14;19;20;21;22;25;GANHADOR DE 15 ACERTOS: VOTUPORANGA/SP.
339;10/07/2008;1;2;5;8;10;13;15;16;18;19;20;21;22;23;24;Ganhadores de 15 acertos: Rio de Janeiro/RJ, Remanso/BA, Goiânia/GO e Sumaré/SP.
338;07/07/2008;3;4;5;6;7;9;12;14;15;16;17;19;20;21;25;Ganhadores de 15 acertos: Rio de Janeiro/RJ e Aparecida de Goiânia/GO.
337;03/07/2008;1;3;4;5;7;8;9;10;11;12;16;18;19;22;23;Ganhadores de 15 acertos: Rio de Janeiro/RJ, Porto Alegre/RS e Barra do Garças/MT.
336;30/06/2008;1;2;3;5;6;8;10;11;14;15;16;17;19;22;25;GANHADORES DE 15 ACERTOS: RIO DE JANEIRO/RJ, BOA VISTA/RR, TEOTÔNIO VILELA/AL, ITATIBA/SP, SÃO JOSÉ DOS CAMPOS/SP, MATELANDIA/PR e SÃO PAULO/SP.
335;26/06/2008;1;3;4;6;7;8;9;11;12;14;16;17;19;20;21;Ganhadores de 15 acertos: Barueri/SP, Campo Grande/MS e Arapongas/PR.
334;23/06/2008;1;2;6;7;8;11;13;15;16;17;18;21;22;23;25;GANHADORES DE 15 ACERTOS: BRASÍLIA/DF, RANCHARIA/SP, MACAPÁ/AP, SANTANA DO LIVRAMENTO/RS e PETROLINA DE GOIÁS/GO.
333;19/06/2008;1;2;5;6;9;11;12;13;14;15;16;18;21;23;25;GANHADORES DE 15 ACERTOS: São Paulo/SP (05), Brasília/DF, Mutum/MG, Três Pontas/MG, Cordeiro/RJ, São José do Rio Preto/SP, São Caetano do Sul/SP, Guapiara/SP, Ibitinga/SP.
332;16/06/2008;2;3;5;6;7;10;11;12;14;19;20;21;23;24;25;GANHADORES DE 15 ACERTOS: MARIANA/MG, RECIFE/PE, CUIABÁ/MT e VIAMÃO/RS
331;12/06/2008;1;3;5;6;7;12;13;15;16;18;19;21;22;23;25;Ganhadores de 15 acertos: Mutum/MG, Poços de Caldas/MG, Ibirite/MG, Ourilândia do Norte/PA, Gilbues/PI, São Paulo/SP e Londrina/PR.
330;09/06/2008;1;2;5;6;9;12;14;15;17;18;19;22;23;24;25;GANHADORES DE 15 ACERTOS: ITABIRA/MG, ARACATUBA/SP, SAO LUIS/MA, COLATINA/ES, SANTA ISABEL DO PARA/PA
329;05/06/2008;1;2;3;4;8;9;13;14;17;18;20;21;23;24;25;"GANHADORES DE 15 ACERTOS: BRASÍLIA/DF; GOIÂNIA/GO; PORTO DE MOZ/PA; CAMPINAS/SP e VENDA NOVA DO IMIGRANTE/ES."
328;02/06/2008;2;3;4;5;11;12;13;15;18;19;21;22;23;24;25;GANHADORES DE 15 ACERTOS: CURITIBA/PR, GUABIRUBA/SC.
327;29/05/2008;1;2;3;4;8;12;13;14;15;16;17;18;19;21;23;GANHADORES DE 15 ACERTOS: VARGINHA/MG, IPATINGA/MG, BELO JARDIM/PE, MEDIANEIRA/PR.
326;26/05/2008;1;2;4;6;7;8;10;11;12;13;15;17;18;24;25;GANHADORES DE 15 ACERTOS: GOIÂNIA/GO, BRASÍLIA/DF e JAÚ/SP.
325;23/05/2008;1;2;4;5;6;7;10;14;15;19;20;22;23;24;25;
324;19/05/2008;1;2;3;4;6;7;8;9;10;12;16;20;21;23;24;GANHADORES DE 15 ACERTOS: UBERLÂNDIA/MG, JAGUARIAÍVA/PR, PEDREGULHO/SP, SÃO PAULO/SP.
323;15/05/2008;1;2;3;4;6;7;9;10;14;17;19;20;21;23;25;Ganhador de 15 acertos: Jequié/BA.
322;12/05/2008;1;2;3;5;7;12;13;15;16;17;18;20;21;23;24;GANHADORES DE 15 ACERTOS: GOIÂNIA/GO e MARINGÁ/PR.
321;08/05/2008;2;3;4;9;10;11;12;13;14;16;17;18;20;24;25;GANHADOR DE 15 ACERTOS: SÃO JOSÉ DOS CAMPOS/SP.
320;05/05/2008;1;3;6;9;11;12;14;15;17;18;19;21;22;23;25;GANHADORES DE 15 ACERTOS: UBERLÂNDIA/MG, GUARUJÁ/SP, SÃO JOÃO DE MERITI/RJ.
319;02/05/2008;1;3;4;6;8;9;10;12;14;16;17;19;20;23;24;GANHADORES DE 15 ACERTOS: SETE LAGOAS/MG, MONTE AZUL/MG, IPATINGA/MG, SÃO JOSÉ DO RIO PRETO/SP, SANTA CRUZ DO RIO PARDO/SP, SONORA/MS, NANUQUE/MG.
318;28/04/2008;3;4;5;6;9;11;12;13;14;15;16;18;21;23;25;"GANHADORES DE 15 ACERTOS: SALVADOR/BA; FAINA/GO; CAMPOS DO JORDÃO/SP e PROPRIÁ/SE."
317;24/04/2008;1;2;4;5;8;9;11;14;16;18;19;21;22;24;25;Ganhadores de 15 acertos: Goiânia/GO, São Paulo/SP e Ubatuba/SP.
316;22/04/2008;1;3;4;6;7;8;10;12;13;14;15;18;19;23;24;GANHADOR DE 15 ACERTOS: RINÓPOLIS/SP.
315;17/04/2008;2;3;5;6;8;11;13;14;16;17;19;20;21;23;24;GANHADORES DE 15 ACERTOS: CAMPINAS/SP, OLINDA/PE, CAMPO GRANDE/MS, PALMARES PAULISTA/SP, SOROCABA/SP, RIO DE JANEIRO/RJ (2) e SÃO PAULO/SP (3).
314;14/04/2008;1;2;5;6;8;9;11;12;13;14;15;19;20;21;22;Ganhador de 15 acertos: São Paulo/SP.
313;10/04/2008;2;3;6;7;9;10;12;14;15;16;17;18;19;23;25;GANHADORES DE 15 ACERTOS: CURITIBA/PR, SÃO BERNARDO DO CAMPO/SP, SÃO GABRIEL DA PALHA/ES.
312;07/04/2008;1;2;6;8;9;10;11;12;13;16;17;18;19;22;25;GANHADOR DE 15 ACERTOS: COLATINA/ES.
311;03/04/2008;2;4;5;7;10;12;14;15;16;17;19;20;23;24;25;GANHADORES DE 15 ACERTOS: DUQUE DE CAXIAS/RJ, DOURADOS/MS, ITAMONTE/MG, SÃO PAULO/SP (04), GOIÂNIA/GO, GOIANIRA/GO.
310;31/03/2008;2;3;5;9;10;11;14;15;16;17;18;19;21;23;24;GANHADOR DE 15 ACERTOS: SANTA CRUZ DO RIO PARDO/SP.
309;27/03/2008;1;2;3;4;8;9;10;13;14;16;17;20;21;22;24;GANHADORES DE 15 ACERTOS: ARAXÁ/MG e SÃO PAULO/SP.
308;24/03/2008;1;2;4;5;12;13;15;16;18;19;21;22;23;24;25;GANHADORES DE 15 ACERTOS: CANDEIAS/MG, SÃO PAULO/SP.
307;20/03/2008;1;3;4;6;9;10;12;14;15;17;19;20;21;23;24;
306;17/03/2008;1;2;4;5;8;11;12;13;14;15;16;18;19;20;25;
305;13/03/2008;2;3;4;5;8;10;11;12;13;18;20;21;22;24;25;Ganhadores de 15 acertos: São João Del Rei/MG, Tubarão/SC e Porto Velho/RO.
304;10/03/2008;1;3;4;5;12;14;15;16;17;18;19;20;21;22;25;
303;06/03/2008;2;3;4;6;8;12;15;16;17;18;20;21;22;23;24;GANHADORES DE 15 ACERTOS: VITÓRIA DA CONQUISTA/BA, JAU/SP, MASSARANDUBA/SC.
302;03/03/2008;2;4;5;6;9;10;11;12;14;15;16;18;20;22;25;GANHADORES DE 15 ACERTOS: CURITIBA/PR, SANTO ANDRE/SP, RIO DE JANEIRO/RJ (02), CARUARU/PE, SÃO JOSÉ/SC, ITU/SP, JOINVILLE/SC, CASCAVEL/PR.
301;28/02/2008;2;3;8;9;11;12;13;14;15;17;18;19;20;22;23;GANHADORES DE 15 ACERTOS: SALVADOR/BA, MOGI DAS CRUZES/SP, CONTENDA/PR, BRUSQUE/SC.
300;25/02/2008;3;4;7;8;9;11;12;15;17;19;20;21;22;23;25;GANHADORES DE 15 ACERTOS: BRASILIA/DF, SÃO PAULO/SP, VITORIA/ES, CAMBE/PR, CAXIAS DO SUL/RS.
299;21/02/2008;3;5;6;7;8;10;13;17;18;19;20;21;22;23;24;GANHADOR DE 15 ACERTOS: FRANCA/SP.
298;18/02/2008;1;3;4;6;7;8;11;12;13;14;15;16;21;22;24;Ganhadores de 15 acertos: Sete Lagoas/MG e Barra Bonita/SP.
297;14/02/2008;1;4;7;8;9;10;12;14;15;16;21;22;23;24;25;
296;11/02/2008;2;3;6;7;8;11;12;14;15;16;17;18;19;22;25;"GANHADORES DE 15 ACERTOS: CAMPINAS/SP (2); JUNDIAÍ/SP (1); SÃO PAULO/SP (2)."
295;07/02/2008;2;3;4;6;10;13;15;16;17;18;19;21;23;24;25;Ganhadores de 15 acertos: Campos de Júlio/MT e Cristalândia/TO.
294;31/01/2008;1;2;3;4;5;7;8;11;12;15;16;20;23;24;25;"GANHADORES DE 15 ACERTOS: SÃO PAULO/SP; PARAÍSO DO TOCANTINS/TO E VÁRZEA GRANDE/MT."
293;28/01/2008;1;2;3;6;9;12;13;14;15;18;19;22;23;24;25;Ganhadores de 15 acertos: Brasília/DF, Cortês/PE e São Paulo/SP.
292;24/01/2008;2;3;5;7;8;9;11;12;13;16;17;21;22;24;25;Ganhador de 15 acertos: Porto Real do Colégio/AL.
291;21/01/2008;1;2;5;7;8;10;11;12;13;14;15;17;20;23;24;GANHADORES DE 15 ACERTOS: SALTO/SP, BELO HORIZONTE/MG, ITAQUI/RS, MACAPÁ/AP e GUARULHOS/SP.
290;17/01/2008;1;2;5;6;7;9;11;12;13;14;17;20;21;22;23;Ganhadores de 15 acertos: Fortaleza/CE, Teresina/PI, Porto Alegre/RS, Diadema/SP e Sertãozinho/SP.
289;14/01/2008;1;2;3;4;6;8;9;10;12;14;15;17;19;22;24;"GANHADORES DE 15 ACERTOS: BA(01); GO(01); MG(02); MT(01); PR(01); RJ(02); SP(06)."
288;10/01/2008;1;2;3;4;6;9;10;12;13;14;15;18;19;24;25;GANHADOR DE 15 ACERTOS: RIO DE JANEIRO/RJ.
287;07/01/2008;2;5;6;7;10;12;13;15;16;17;18;21;22;23;25;Ganhadores de 15 acertos: Nova Lima/MG, Nova Friburgo/RJ, Nova Iguaçu/RJ e São Paulo/SP(2).
286;03/01/2008;1;2;3;4;7;9;10;11;12;13;19;21;23;24;25;Ganhadores de 15 acertos: Aracaju/SE - Salvador/BA - Juiz de Fora/MG.
285;29/12/2007;1;4;5;8;9;10;11;12;13;14;15;16;19;22;23;"GANHADORES DE 15 ACERTOS: SALVADOR/BA; DUQUE DE CAXIAS/RJ e LOBATO/PR."
284;27/12/2007;1;3;5;6;7;11;12;13;15;17;19;21;22;23;25;Ganhadores de 15 acertos: Coremas/PB, Goiânia/GO, Capinzal/SC, Tubarão/SC, São Paulo/SP, Pres. Bernardes/SP e Barueri/SP.
283;22/12/2007;1;2;4;6;8;9;10;11;12;13;19;20;22;23;24;Ganhadores de 15 acertos: Salvador/BA, Nilópolis/Rj, Bento Gonçalves/RS, Douradina/PR, Goiânia/GO.
282;20/12/2007;2;3;4;7;8;11;12;13;15;16;19;20;21;22;25;Ganhadores de 15 acertos: Aracaju/SE, João Pinheiro/MG, São Lourenço/MG, Contagem/MG e Ribeirão Preto/SP.
281;17/12/2007;1;2;3;4;8;9;10;11;12;14;15;17;19;23;25;Ganhadores da faixa de 15 Acertos:São Paulo/SP(02), Valença/RJ, Ariquemes/RO, Maringá/PR, Porto Alegre/RS.
280;13/12/2007;3;4;5;6;9;10;11;13;15;16;17;19;20;24;25;Ganhadores de 15 acertos: Campestre/MG, Belo Horizonte/MG, Patos de Minas/MG, Serra Talhada/PE, Serra/ES, Marabá/PA e Itaperuna/RJ.
279;10/12/2007;1;2;3;5;6;9;10;11;12;13;17;18;19;22;23;3 GANHADORES DE 15 ACERTOS: 2 de SÃO PAULO/SP e 1 de CURITIBA/PR.
278;06/12/2007;1;2;3;5;6;9;11;12;13;15;17;19;21;23;25;
277;03/12/2007;2;4;9;10;11;12;13;14;16;17;21;22;23;24;25;Ganhadores de 15 acertos: Montes Claros/MG, Aparecida de Goiânia/GO, Bebedouro/SP e Rio de Janeiro/RJ.
276;29/11/2007;2;3;4;5;7;10;11;12;13;17;18;19;20;22;25;GANHADORES DE 15 ACERTOS: SÃO PAULO/SP e ARAGUARI/MG.
275;26/11/2007;1;3;5;6;8;9;10;11;12;14;15;17;18;20;22;Ganhadores de 15 acertos: São Paulo/SP e Londrina/PR.
274;22/11/2007;2;4;5;6;7;10;11;12;14;15;17;20;21;23;25;Ganhadores de 15 acertos: Manaus/AM, Itapeva/SP , Praia Grande/SP e Tramandaí/RS.
273;19/11/2007;1;5;6;7;10;12;15;16;17;18;19;20;21;24;25;GANHADORES DE 15 ACERTOS: SÃO ROQUE DE MINAS/MG e BELÉM/PA.
272;16/11/2007;1;2;4;5;8;9;11;12;13;15;17;20;23;24;25;Ganhadores de 15 acertos: Rio Branco/AC, Campo Grande/MS, Santarém/PA, Sumaré/SP, Mongagua/SP e Osasco/SP.
271;12/11/2007;1;2;4;5;6;8;11;12;16;18;19;20;21;24;25;Ganhadores de 15 acertos: Rio Grande/RS (02) - Curitiba/PR - Osasco/SP - Campinas/SP - Franca/SP.
270;08/11/2007;1;3;4;5;6;7;8;9;14;16;18;19;23;24;25;
269;05/11/2007;1;2;4;6;10;13;14;15;16;17;18;19;22;23;24;Ganhador de 15 acertos: Recife/PE.
268;01/11/2007;5;6;7;8;9;10;12;14;15;16;18;19;20;23;25;Ganhador de 15 acertos: Guarulhos/SP.
267;29/10/2007;2;3;4;5;6;9;11;12;13;14;15;17;21;23;24;GANHADORES DE 15 ACERTOS: AMAMBAÍ/MS e SÃO JOSÉ DO RIO PRETO/SP.
266;25/10/2007;1;3;4;5;6;7;9;11;14;15;18;19;21;22;24;Ganhadores de 15 acertos: Formoso/GO, Ivinhema/MS, Cuiabá/MT, Várzea Paulista/SP e São Paulo/SP.
265;22/10/2007;1;5;7;8;11;12;13;15;16;17;18;19;20;22;24;
264;18/10/2007;1;3;4;6;8;9;12;13;16;19;20;21;22;23;25;Ganhadores de 15 acertos: Salvador/BA, Vespasiano/MG, Dourados/MS, Rio de Janeiro/RJ, Blumenau/SC e Presidente Epitácio/SP.
263;15/10/2007;1;4;7;8;9;10;11;14;15;16;18;19;21;23;24;
262;11/10/2007;3;4;6;7;8;9;12;13;14;15;17;20;21;23;24;Ganhador de 15 acertos: Ibaiti/PR.
261;08/10/2007;1;2;4;5;6;7;11;13;15;16;17;19;20;21;25;Ganhadores de 15 acertos: Vitória da Conquista/BA - São Paulo/SP.
260;04/10/2007;1;3;4;5;6;7;8;9;11;13;14;18;19;20;24;Ganhador de 15 acertos: Corumbá/MS.
259;01/10/2007;3;5;6;7;8;9;10;15;18;19;20;21;22;24;25;
258;27/09/2007;2;4;5;6;9;12;13;14;17;19;20;21;22;24;25;Ganhadores de 15 acertos: Esperantina/PI - Fortaleza/CE - Santa Rita do Sapucaí/MG - São Bernardo do Campo/SP - São Paulo/SP (02).
257;24/09/2007;1;3;6;7;9;10;12;13;14;16;17;18;19;22;24;GANHADORES DE 15 ACERTOS: MANAUS/AM E SÃO PAULO/SP.
256;20/09/2007;1;2;6;7;8;9;10;12;13;15;16;18;20;22;24;Ganhadores de 15 acertos: Brasília/DF(2), Esteio/RS, São José dos Campos/SP, Santa Adélia/SP e Rio de Janeiro/RJ.
255;17/09/2007;1;2;3;4;6;9;10;14;15;16;17;21;22;23;24;Ganhadores de 15 acertos: Campos do Jordão/SP, Itupeva/SP e São Paulo/SP.
254;13/09/2007;2;3;4;5;6;7;8;9;11;13;14;15;16;20;23;Ganhadores de 15 acertos: Salvador/BA, Fortaleza/CE e São Paulo/SP(2).
253;10/09/2007;1;4;5;6;7;8;11;12;13;15;18;19;21;22;23;Ganhadores de 15 acertos: Aracaju/SE - Pato Bragado/PR - Porto Alegre/RS.
252;06/09/2007;2;3;4;6;8;11;14;15;17;18;19;22;23;24;25;Ganhador de 15 acertos: Brasília/DF.
251;03/09/2007;3;4;5;6;9;10;13;15;16;18;19;21;22;23;25;"03 GANHADORES DE 15 ACERTOS: BRASÍLIA; BELO HORIZONTE E JAÚ/SP."
250;30/08/2007;1;2;3;5;9;10;12;13;15;16;17;18;19;21;23;GANHANDOR DE 15 ACERTOS: TEÓFILO OTONI/MG.
249;27/08/2007;4;5;7;8;9;10;12;14;15;17;18;21;22;23;25;Ganhadores de 15 acertos: Castanhal/PA, São Gonçalo/RJ, Boa Vista/RR e Mococa/SP.
248;23/08/2007;1;2;5;8;9;10;11;12;13;15;16;19;20;21;25;Ganhadores de 15 acertos: Iturama/MG - Guarujá/SP - São Paulo/SP (02) - Rio de janeiro/RJ.
247;20/08/2007;1;2;3;4;7;8;9;14;15;16;17;19;22;23;25;Ganhador de 15 acertos: Videira/SC.
246;16/08/2007;1;4;5;7;8;9;10;12;13;15;17;18;21;24;25;Ganhadores de 15 acertos: Salvador/BA e Belo Horizonte/MG.
245;13/08/2007;1;2;6;7;9;10;11;12;14;15;16;18;19;24;25;Ganhador de 15 acertos: Cerquilho/SP.
244;09/08/2007;3;5;6;7;9;10;11;12;14;15;18;20;21;22;24;Ganhadores de 15 acertos: Dourados/MS - Manaus/AM - Blumenau/SC - Maringá/PR.
243;06/08/2007;1;2;3;4;5;7;12;13;16;17;18;20;21;23;25;
242;02/08/2007;2;5;6;8;9;13;14;15;16;17;18;19;21;22;23;Ganhadores de 15 acertos: Goiânia/GO e Carmo do Paranaíba/MG.
241;30/07/2007;3;4;5;8;9;12;13;14;15;17;20;21;23;24;25;Ganhadores de 15 acertos: Salvador/BA(2) - Alagoinhas/BA - Fortaleza/CE - Trindade/GO - Porto Alegre/RS
240;26/07/2007;1;2;4;9;10;11;13;14;15;16;18;19;21;22;23;
239;23/07/2007;1;3;5;6;7;9;10;13;14;15;16;19;22;23;25;
238;19/07/2007;1;3;4;6;11;12;13;14;15;17;19;20;21;23;24;
237;16/07/2007;4;5;6;7;9;12;13;15;16;18;19;20;21;22;23;
236;12/07/2007;1;3;4;5;7;8;9;12;13;15;16;21;22;23;25;
235;09/07/2007;1;8;10;12;13;14;15;16;17;18;19;21;23;24;25;
234;05/07/2007;1;2;3;4;5;9;11;12;13;14;15;17;21;22;24;
233;02/07/2007;1;2;3;4;5;6;7;8;9;12;13;14;17;19;21;
232;28/06/2007;4;5;6;9;11;12;13;14;16;17;18;21;23;24;25;
231;25/06/2007;1;2;5;6;7;10;12;15;16;17;18;19;21;24;25;
230;21/06/2007;1;2;3;4;5;6;8;10;11;13;14;15;17;22;24;Rateio em processamento. Tente mais tarde.
229;18/06/2007;2;6;8;9;10;11;12;13;14;15;16;17;20;23;25;
228;14/06/2007;2;4;10;11;12;13;14;15;16;17;18;19;20;24;25;
227;11/06/2007;1;5;7;8;9;10;12;14;15;17;18;19;20;21;22;
226;08/06/2007;4;5;8;10;11;13;14;15;16;17;18;19;20;21;25;
225;04/06/2007;1;2;3;5;7;8;13;14;15;18;19;20;22;23;25;
224;31/05/2007;4;6;8;9;10;11;12;13;15;18;19;20;21;23;24;
223;28/05/2007;2;4;7;9;10;11;12;13;14;16;20;21;22;23;24;
222;24/05/2007;1;3;4;5;6;7;8;9;12;15;18;21;22;23;24;
221;21/05/2007;1;2;3;6;7;8;10;12;16;17;19;20;21;23;25;
220;17/05/2007;5;9;10;12;13;14;15;16;17;18;20;21;23;24;25;ACUMULOU!!! Estimativa de prêmio (15 acertos) para o próximo concurso, a ser realizado em 21/05/2007: R$2.500.000,00.
219;14/05/2007;2;3;6;8;9;11;14;16;17;18;19;22;23;24;25;Estimativa de prêmio (15 ACERTOS) para o próximo concurso a ser realizado em 17/05/2007: R$800.000,00.
218;10/05/2007;2;5;7;8;11;12;13;14;15;16;17;20;21;22;25;Estimativa de prêmio (15 ACERTOS) para o próximo concurso a ser realizado em 14/05/2007: R$1.000.000,00.
217;07/05/2007;2;3;4;5;6;7;9;10;11;12;16;17;19;21;25;Estimativa de prêmio (15 ACERTOS) para o próximo concurso a ser realizado em 10/05/2007: R$800.000,00.
216;03/05/2007;2;3;4;5;6;7;9;10;11;13;17;19;21;24;25;Estimativa de prêmio (15 ACERTOS) para o próximo concurso a ser realizado em 07/05/2007: R$1.000.000,00.
215;30/04/2007;1;3;4;5;7;9;11;12;14;15;17;18;19;23;25;Estimativa de prêmio (15 acertos) para o próximo concurso a ser realizado em 03/05/2007: R$1.000.000,00.
214;26/04/2007;1;2;3;4;9;11;13;14;15;18;19;20;22;24;25;Estimativa de prêmio (15 acertos) para o próximo concurso, a ser realizado em 30/04/2007: R$1.000.000,00.
213;23/04/2007;1;3;4;5;8;9;10;11;16;18;19;21;23;24;25;ACUMULOU!!! Estimativa de prêmio (15 acertos) para o próximo concurso a ser realizado em 26/04/2007: R$2.000.000,00
212;19/04/2007;1;3;4;6;8;9;10;11;12;14;16;19;20;22;23;Estimativa de prêmio (15 ACERTOS) para o próximo concurso, a ser realizado em 23/04/2007: R$1.000.000,00.
211;16/04/2007;1;2;4;6;8;10;11;12;14;16;17;18;22;24;25;Estimativa de prêmio (15 acertos) para o próximo concurso, a ser realizado em 19/04/2007: R$800.000,00.
210;12/04/2007;3;5;7;9;10;11;13;14;15;16;18;21;22;23;24;Estimativa de prêmio (15 ACERTOS) para o próximo concurso, a ser realizado em 16/04/2007: R$900.000,00.
209;09/04/2007;1;3;5;6;7;9;10;14;15;18;19;21;22;24;25;Estimativa de prêmio (15 acertos) para o próximo concurso a ser realizado em 12/04/2007: R$1.000.000,00.
208;05/04/2007;1;3;4;6;7;9;10;11;12;14;15;16;19;23;24;Estimativa de prêmio (15 acertos) para o próximo concurso a ser realizado em 09/04/2007: R$800.000,00.
207;02/04/2007;1;2;3;4;6;9;10;12;13;14;15;17;19;20;22;Estimativa de prêmio (15 acertos) para o próximo concurso a ser realizado em 05/04/2007: R$800.000,00.
206;29/03/2007;2;3;5;8;9;11;12;13;14;15;16;17;20;21;22;Estimativa de prêmio (15 acertos) para o próximo concurso, a ser realizado em 02/04/2007: R$800.000,00.
205;26/03/2007;2;3;4;9;10;11;12;14;15;16;17;18;21;22;25;Estimativa de prêmio (15 acertos) para o próximo concurso, a ser realizado em 29/03/2007: R$1.000.000,00.
204;22/03/2007;2;3;4;5;7;8;11;14;15;16;17;22;23;24;25;Estimativa de prêmio (15 acertos) para o próximo concurso, a ser realizado em 26/03/2007: R$800.000,00.
203;19/03/2007;1;2;3;4;5;6;7;12;13;14;17;18;23;24;25;Estimativa de prêmio (15 acertos) para o próximo concurso, a ser realizado em 22/03/2007: R$800.000,00.
202;15/03/2007;1;3;5;10;11;13;14;16;17;18;19;21;22;23;24;ACUMULOU!!!! Estimativa de prêmio (15 acertos) para o próximo concurso, a ser realizado em 19/03/2007: R$1.900.000,00.
201;12/03/2007;1;2;4;5;8;9;10;11;12;13;14;15;19;20;22;Estimativa de prêmio (15 acertos) para o próximo concurso, a ser apurado em 15/03/2007: R$800.000,00.
200;08/03/2007;1;2;4;5;8;9;11;12;13;14;15;16;21;23;24;Estimativa de prêmio (15 acertos) para o próximo concurso, a ser realizado em 12/03/2007: R$800.000,00.
199;05/03/2007;1;2;3;4;5;6;9;11;12;15;19;20;21;22;23;Estimativa de prêmio (15 acertos) para o próximo concurso, a ser realizado em 08/03/2007: R$800.000,00.
198;01/03/2007;1;2;4;5;6;7;13;14;15;16;17;18;20;21;25;Estimativa de prêmio (20 acertos) para o próximo concurso, a ser realizado em 05/03/2007: R$800.000,00.
197;26/02/2007;3;4;5;6;7;8;9;10;12;13;18;20;21;22;23;Estimativa de prêmio (15 acertos) para o próximo concurso, a ser realizado em 01/03/2007: R$800.000,00.
196;22/02/2007;2;3;4;5;10;14;15;16;17;19;20;22;23;24;25;Estimativa de prêmio (15 acertos) para o próximo concurso, a ser realizado em 26/02/2007: R$800.000,00.
195;15/02/2007;2;3;4;6;7;8;9;11;12;14;17;18;19;22;23;Estimativa de prêmio (15 acertos) para o próximo concurso, a ser realizado em 22/02/2007: R$800.000,00.
194;12/02/2007;2;7;8;9;10;12;13;14;15;17;18;21;22;23;25;Estimativa de prêmio (15 acertos) para o próximo concurso, a ser realizado em 15/02/2007: R$800.000,00.
193;08/02/2007;1;2;3;4;5;8;9;10;14;15;16;19;20;21;25;Estimativa de prêmio (15 acertos) para o próximo concurso, a ser realizado em 12/02/2007: R$ 800.000,00.
192;05/02/2007;1;2;3;4;5;6;11;13;14;15;16;21;22;23;24;Estimativa de prêmio (15 acertos) para o próximo concurso, a ser realizado em 08/02/2007: R$800.000,00.
191;01/02/2007;2;5;8;9;10;12;13;15;17;18;19;20;21;22;23;Estimativa de prêmio (15 acertos) para o próximo concurso, a ser realizado em 05/02/2007: R$800.000,00.
190;29/01/2007;1;3;4;5;7;8;11;13;14;15;16;18;19;23;24;Estimativa de prêmio (15 Acertos) para o próximo concurso a ser realizado em 01/02/2007: R$800.000,00.
189;25/01/2007;1;2;4;5;6;7;9;13;16;18;19;20;22;23;24;Estimativa de prêmio (15 ACERTOS)para o próximo concurso a ser realizado em 29.01.2007: R$900.000,00.
188;22/01/2007;2;3;5;8;10;11;13;16;19;20;21;22;23;24;25;Estimativa de prêmio (15 acertos) para o próximo concurso, a ser realizado em 25/01/2007: R$800.000,00.
187;18/01/2007;1;3;11;12;13;15;16;17;18;19;21;22;23;24;25;Estimativa de prêmio (15 acertos) para o próximo concurso, a ser realizado em 22/01/2007: R$800.000,00.
186;15/01/2007;2;4;5;6;11;12;13;16;17;18;19;22;23;24;25;Estimativa de prêmio (15 acertos) para o próximo concurso, a ser realizado em 18/01/2007: R$800.000,00.
185;11/01/2007;1;2;4;6;7;8;9;11;12;15;17;19;20;23;25;Estimativa de prêmio (15 Acertos) para o próximo concurso a ser realizado em 15/01/2007: R$800.000,00.
184;08/01/2007;1;3;7;8;9;10;11;15;16;17;18;19;21;23;25;Estimativa de prêmio (15 acertos) para o próximo concurso, a ser realizado em 11/01/2007: R$800.000,00.
183;04/01/2007;2;4;6;7;8;11;13;14;16;19;20;21;23;24;25;Estimativa de prêmio (15 ACERTOS) para o próximo concurso, a ser realizado em 08/01/2007: R$1.000.000,00.
182;02/01/2007;2;3;4;7;8;9;11;13;14;17;19;21;22;23;25;Estimativa de prêmio (15 acertos)´para o próximo concurso, a ser realizado em 04/01/2007: R$800.000,00.
181;28/12/2006;1;4;5;6;7;8;14;15;16;17;19;20;21;22;23;Estimativa de prêmio (15 acertos) para o próximo concurso, a ser realizado em 02/01/2007: R$800.000,00.
180;26/12/2006;1;2;3;4;5;6;7;8;10;11;15;17;20;24;25;Estimativa de prêmio (15 acertos) para o próximo concurso, a ser realizado em 28/12/2006: R$1.000.000,00.
179;21/12/2006;2;3;4;5;7;9;13;14;15;17;19;22;23;24;25;Estimativa de prêmio (15 acertos) para o próximo concurso, a ser realizado em 26/12/2006: R$1.000.000,00.
178;18/12/2006;2;3;4;6;8;9;10;14;16;19;20;21;23;24;25;Estimativa de prêmio (15 acertos) para o próximo concurso, a ser realizado em 21/12/2006: R$1.000.000,00.
177;14/12/2006;2;6;7;8;10;11;13;15;16;17;19;20;21;23;24;Estimativa de prêmio (15 acertos) para o próximo concurso, a ser realizado em 18/12/2006: R$1.100.000,00.
176;11/12/2006;2;4;10;11;12;13;15;16;17;18;21;22;23;24;25;Estimativa de prêmio (15 acertos) para o próximo concurso, a ser realizado em 14/12/2006: R$1.000.000,00.
175;07/12/2006;2;3;5;6;7;11;12;13;14;15;16;18;19;21;24;Estimativa de prêmio (15 acertos) para o próximo concurso, a ser realizado em 11/12/2006: R$1.000.000,00.
174;04/12/2006;1;2;4;7;9;10;11;12;13;15;17;20;23;24;25;Estimativa de prêmio (15 acertos) para o próximo concurso, a ser realizado em 07/12/2006: R$1.000.000,00.
173;30/11/2006;2;3;4;5;7;8;11;15;19;20;21;22;23;24;25;ACUMULOU!!! Estimativa de prêmio (15 acertos) para o próximo concurso, a ser realizado em 04/12/2006: R$2.300.000,00.
172;27/11/2006;1;2;4;6;7;9;10;11;12;13;18;20;21;22;25;Estimativa de prêmio (15 acertos) para o próximo concurso, a ser realizado em 30/11/2006: R$1.000.000,00.
171;23/11/2006;1;3;4;10;11;12;13;15;16;17;21;22;23;24;25;Estimativa de prêmio (15 acertos) para o próximo concurso, a ser realizado em 27/11/2006: R$1.000.000,00.
170;21/11/2006;1;3;4;5;6;7;8;10;13;16;18;20;22;23;25;Estimativa de prêmio (15 acertos) para o próximo concurso, a ser realizado em 23/11/2006: R$1.300.000,00.
169;16/11/2006;1;4;5;6;7;8;9;10;11;12;15;16;20;21;24;ACUMULOU!!! Estimativa de prêmio (15 acertos) para o próximo concurso, a ser realizado em 21/11/2006: R$2.200.000,00.
168;13/11/2006;1;2;3;4;7;10;12;15;16;17;19;20;22;23;24;Estimativa de prêmio (15 acertos) para o próximo concurso, a ser realizado em 16/11/2006: R$1.000.000,00.
167;09/11/2006;1;2;3;6;8;9;10;13;14;16;18;19;22;23;24;Estimativa de prêmio (15 ACERTOS) para o próximo concurso a ser realizado em 13/11/2006: R$900.000,00.
166;06/11/2006;2;3;4;8;9;10;13;14;15;18;19;20;21;22;23;Estimativa de prêmio (15 acertos) para o próximo concurso, a ser realizado em 09/11/2006: R$800.000,00.
165;03/11/2006;1;2;4;6;8;9;12;13;14;15;17;18;19;22;25;Estimativa de prêmio 15 acertos para o próximo concurso, a ser realizado em 06/11/2006: R$1.000.000,00.
164;30/10/2006;1;2;3;5;6;8;10;11;14;15;18;21;22;23;24;Estimativa de prêmio (15 acertos) para o próximo concurso, a ser realizado em 03/11/2006: R$900.000,00.
163;26/10/2006;1;2;3;5;6;7;9;13;14;15;20;21;23;24;25;Estimativa de prêmio (15 acertos) para o próximo concurso, a ser realizado em 30/10/2006: R$1.100.000,00.
162;23/10/2006;1;2;3;4;5;6;8;11;12;13;16;18;20;23;24;Estimativa de prêmio (15 ACERTOS) para o próximo concurso, a ser realizado em 26/10/2006: R$800.000,00.
161;19/10/2006;1;5;8;11;13;15;16;17;18;20;21;22;23;24;25;ACUMULOU!!! Estimativa de prêmio (15 acertos) para o próximo concurso, a ser realizado em 23/10/2006: R$1.800.000,00.
160;16/10/2006;1;3;4;9;10;11;12;14;15;16;17;19;20;21;24;Estimativa de prêmio (15 acertos) para o próximo concurso, a ser realizado em 19/10/2006 (QUINTA-FEIRA): R$900.000,00.
159;09/10/2006;1;2;3;4;5;6;8;10;11;14;15;17;20;24;25;Estimativa de prêmio (15 acertos) para o próximo concurso, a ser realizado em 16/10/2006: R$1.500.000,00.
158;02/10/2006;2;7;8;9;10;11;12;15;16;17;18;19;20;22;23;Estimativa de prêmio (15 ACERTOS) para o próximo concurso, a ser realizado em 09/10/2006: R$1.400.000,00.
157;25/09/2006;1;2;4;6;7;9;10;12;14;16;18;19;21;24;25;Estimativa de prêmio (15 acertos) para o próximo concurso, a ser realizado em 02/10/2006: R$1.400.000,00.
156;18/09/2006;1;3;4;8;9;10;11;12;13;14;15;19;20;22;23;Estimativa de prêmio (15 ACERTOS) para o próximo concurso, a ser realizado em 25/09/2006: R$1.400.000,00.
155;11/09/2006;2;4;5;8;10;11;14;15;16;18;19;20;21;22;24;ACUMULOU!!! Estimativa de prêmio (15 ACERTOS) para o próximo concurso a ser realizado em 18/09/2006: R$3.000.000,00.
154;04/09/2006;1;2;3;5;6;9;10;11;13;14;15;16;18;23;24;Estimativa de prêmio (15 ACERTOS) para o próximo concurso, a ser realizado em 11/09/2006: R$1.400.000,00.
153;28/08/2006;1;2;4;5;8;11;12;13;17;18;20;21;23;24;25;Estimativa de prêmio (15 ACERTOS) para o próximo concurso a ser realizado em 04/09/2006: R$1.400.000,00.
152;21/08/2006;3;4;5;6;7;8;13;15;17;19;20;22;23;24;25;Estimativa de prêmio (15 ACERTOS) para o próximo concurso, a ser realizado em 28/08/2006: R$1.400.000,00.
151;14/08/2006;3;4;5;7;9;10;11;12;13;14;16;18;20;23;24;Estimativa de prêmio (15 ACERTOS) para o próximo concurso, a ser realizado em 21/08/2006: R$1.400.000,00.
150;07/08/2006;1;3;5;6;7;8;9;11;14;19;21;22;23;24;25;Estimativa de prêmio (15 acertos) para o próximo concurso, a ser realizado em 14/08/2006: R$1.400.000,00.
149;01/08/2006;2;5;7;9;10;13;15;16;17;18;19;20;23;24;25;Estimativa de prêmio (15 acertos) para o próximo concurso, a ser realizado em 07/08/2006: R$1.400.000,00.
148;24/07/2006;1;2;4;5;8;9;12;13;16;17;20;21;22;24;25;POR MOTIVOS TÉCNICOS O SORTEIO DO CONCURSO 149 DO LOTOFÁCIL SERÁ REALIZADO EM 01/08/2006 A PARTIR DAS 20 HORAS EM TAGUATINGA/DF.
147;17/07/2006;1;2;4;5;6;10;11;12;13;16;19;21;22;23;25;Estimativa de prêmio (15 acertos) para o próximo concurso, a ser realizado em 24/07/2006: R$1.400.000,00.
146;10/07/2006;1;2;5;8;10;11;12;13;14;16;17;22;23;24;25;Estimativa de prêmio (15 acertos) para o próximo concurso, a ser realizado em 17/07/2006: R$1.400.000,00.
145;03/07/2006;1;2;3;9;10;11;13;14;15;17;18;20;22;24;25;Estimativa de prêmio (15 ACERTOS) para o próximo concurso a ser realizado em 10/07/2006: R$1.500.000,00.
144;26/06/2006;1;2;4;7;9;11;12;14;17;19;20;21;22;24;25;Estimativa de prêmio (15 acertos) para o próximo concurso, a ser realizado em 03/07/2006: R$1.400.000,00.
143;19/06/2006;1;2;8;9;11;13;15;16;17;19;21;22;23;24;25;Estimativa de prêmio (15 acertos) para o próximo concurso, a ser realizado em 26/06/2006: R$1.500.000,00.
142;12/06/2006;1;2;4;5;6;7;9;15;16;17;18;19;22;23;24;Estimativa de prêmio (15 acertos) para o próximo concurso, a ser realizado em 19/06/2006: R$1.600.000,00.
141;05/06/2006;1;3;7;8;9;10;12;13;16;17;18;19;20;24;25;Estimativa de prêmio (15 ACERTOS) para o próximo concurso, a ser realizado em 12/06/2006: R$1.500.000,00.
140;29/05/2006;1;2;3;6;9;10;12;13;15;18;19;20;22;24;25;Estimativa de prêmio (15 ACERTOS) para o próximo concurso a ser realizado em 05/06/2006:R$1.500.000,00.
139;22/05/2006;1;2;7;9;12;14;15;16;17;18;19;21;22;23;24;Estimativa de prêmio (15 acertos) para o próximo concurso, a ser realizado em 29/05/2006: R$1.500.000,00.
138;15/05/2006;2;3;4;5;7;8;11;13;15;16;17;21;22;24;25;Estimativa de prêmio (15 acertos) para o próximo concurso, a ser realizado em 22/05/2006: R$1.500.000,00.
137;08/05/2006;2;6;8;9;10;11;12;13;16;17;18;19;20;21;25;Estimativa de prêmio (15 acertos) para o próximo concurso, a ser realizado em 15/05/2006: R$1.500.000,00.
136;02/05/2006;1;2;3;5;6;9;12;13;14;15;17;21;22;23;24;Estimativa de prêmio (15 acertos) para o próximo concurso, a ser realizado em 08/05/2006: R$1.500.000,00.
135;24/04/2006;1;2;5;7;8;10;13;14;15;18;19;20;21;22;25;Estimativa de prêmio (15 ACERTOS) para o próximo concurso, a ser realizado em 02/05/2006, TERÇA-FEIRA: R$1.500.000,00.
134;17/04/2006;1;3;5;7;8;10;11;12;13;14;16;17;19;22;25;Estimativa de prêmio (15 acertos) para o próximo concurso, a ser realizado em 24/04/2006: R$1.500.000,00.
133;10/04/2006;1;3;4;5;8;9;11;13;15;18;19;20;21;22;23;Estimativa de prêmio (15 ACERTOS) para o próximo concurso, a ser realizado em 17/04/2006: R$1.500.000,00.
132;03/04/2006;1;3;4;5;7;9;10;11;14;15;16;17;22;23;25;Estimativa de prêmio (15 ACERTOS) para o próximo concurso, a ser realizado em 10/04/2006: R$1.500.000,00.
131;27/03/2006;2;4;5;6;7;8;11;12;13;15;19;20;22;23;25;Estimativa de prêmio (15 acertos) para o próximo concurso, a ser realizado em 03/04/2006: R$1.500.000,00.
130;20/03/2006;2;3;4;5;6;9;10;12;13;15;17;19;23;24;25;Estimativa de prêmio (15 ACERTOS) para o próximo concurso, a ser realizado em 27/03/2006: R$1.500.000,00.
129;13/03/2006;2;5;6;7;9;11;13;15;18;19;20;21;22;23;25;Estimativa de prêmio (15 acertos) para o próximo concurso, a ser realizado em 20/03/2006: R$1.600.000,00.
128;06/03/2006;2;3;4;6;11;13;14;15;16;17;19;20;21;23;25;Estimativa de prêmio (15 acertos) para o próximo concurso, a ser realizado em 13/03/2006: R$1.600.000,00.
127;01/03/2006;1;2;3;4;5;7;10;11;12;13;18;19;22;23;25;Estimativa de prêmio (15 acertos) para o próximo concurso, a ser realizado em 06/03/2006: R$1.500.000,00.
126;20/02/2006;1;2;3;4;6;7;8;13;14;16;18;21;22;24;25;ACUMULOU!!! Estimativa de prêmio (15 acertos) para o próximo concurso, a ser realizado em 01/03/2006: R$4.000.000,00.
125;13/02/2006;2;3;4;6;7;9;10;11;12;15;16;21;22;24;25;Estimativa de prêmio (15 acertos) para o próximo concurso, a ser realizado em 20/02/2006: R$1.500.000,00.
124;06/02/2006;2;3;4;6;7;9;14;15;16;18;19;20;21;24;25;Estimativa de prêmio (15 ACERTOS) para o próximo concurso, a ser realizado em 13/02/2006: R$ 1.400.000,00.
123;30/01/2006;4;5;6;7;11;12;13;17;18;19;20;21;22;23;24;Estimativa de prêmio (15 ACERTOS) para o próximo concurso, a ser realizado em 06/02/2006: R$1.400.000,00.
122;23/01/2006;1;2;4;5;8;9;10;13;15;17;18;20;22;23;25;Estimativa de prêmio (15 ACERTOS) para o próximo concurso, a ser realizado em 30/01/2006: R$1.400.000,00.
121;16/01/2006;1;2;4;5;7;9;10;11;12;16;17;18;23;24;25;Estimativa de prêmio (15 acertos) para o próximo concurso, a ser realizado em 23/01/2006: R$1.400.000,00.
120;09/01/2006;1;3;5;7;8;11;12;13;15;16;18;19;20;21;24;Estimativa de prêmio (15 ACERTOS) para o próximo concurso, a ser realizado em 16/01/2005: R$1.500.000,00.
119;02/01/2006;1;4;6;8;9;10;11;15;17;18;20;21;22;23;24;Estimativa de prêmio (15 ACERTOS) para o próximo concurso, a ser realizado em 09/01/2006: R$1.500.000,00.
118;27/12/2005;2;4;5;6;8;12;13;14;15;18;19;21;22;23;24;Estimativa de prêmio (15 ACERTOS) para o próximo concurso, a ser realizado em 02/01/2006: R$1.400.000,00.
117;19/12/2005;5;6;7;9;10;11;12;13;14;15;17;18;20;23;25;CONCURSO 118 ADIADO PARA 27/12 POR PROBLEMAS DE TRANSMISSÃO DE DADOS. Estimativa de prêmio (15 acertos) para o próximo concurso, a ser realizado em 26/12/2005: R$1.400.000,00.
116;12/12/2005;1;2;9;10;11;12;13;14;16;18;19;20;21;23;25;Estimativa de prêmio (15 acertos) para o próximo concurso, a ser realizado em 19/12/2005: R$1.600.000,00.
115;05/12/2005;1;4;5;6;7;9;11;12;13;16;17;18;20;21;25;Estimativa de prêmio (15 ACERTOS) para o próximo concurso, a ser realizado em 12/12/2005: R$1.300.000,00.
114;28/11/2005;1;2;3;6;7;8;9;10;11;14;20;21;22;24;25;ACUMULOU!!! Estimativa de prêmio (15 ACERTOS) para o próximo concurso, a ser realizado em 05/12/2005: R$4.000.000,00.
113;21/11/2005;1;2;4;5;6;8;11;12;13;14;19;20;21;24;25;Estimativa de prêmio (15 ACERTOS) para o próximo concurso, a ser realizado em 28/11/2005: R$1.300.000,00.
112;14/11/2005;1;2;3;4;6;10;11;14;15;17;18;19;20;21;23;Estimativa de prêmio (15 ACERTOS) para o próximo concurso, a ser realizado em 21/11/2005: R$1.300.000,00.
111;07/11/2005;1;5;6;10;11;12;13;15;17;18;19;21;22;24;25;Estimativa de prêmio (15 acertos) para o próximo concurso, a ser realizado em 14/11/2005: R$1.300.000,00.
110;31/10/2005;1;3;4;5;6;12;13;14;17;19;20;21;22;23;25;Estimativa de prêmio (15 ACERTOS) para o próximo concurso, a ser realizado em 07/11/2005: R$1.300.000,00.
109;24/10/2005;1;3;5;7;9;11;12;13;16;18;20;21;23;24;25;Estimativa de prêmio (15 acertos) para o próximo concurso, a ser realizado em 31/10/2005: R$1.300.000,00.
108;17/10/2005;1;2;4;7;8;9;11;12;14;15;16;18;22;23;25;Estimativa de prêmio (15 ACERTOS) para o próximo concurso, a ser realizado em 24/10/2005: R$1.300.000,00.
107;10/10/2005;1;3;4;6;7;8;9;11;12;15;17;18;21;24;25;Estimativa de prêmio (15 ACERTOS) para o próximo concurso, a ser realizado em 17/10/2005: R$1.300.000,00.
106;03/10/2005;1;2;3;4;5;6;10;12;13;14;15;17;22;23;25;Estimativa de prêmio (15 ACERTOS) para o próximo concurso, a ser realizado em 10/10/2005: R$1.300.000,00.
105;26/09/2005;4;6;7;8;9;10;11;12;13;15;17;19;21;22;25;Estimativa de prêmio (15 ACERTOS) para o próximo concurso, a ser realizado em 03/10/2005: R$1.300.000,00.
104;19/09/2005;5;6;7;10;11;13;14;15;16;18;19;21;22;24;25;Estimativa de prêmio (15 acertos) para o próximo concurso, a ser realizado em 26/09/2005: R$1.300.000,00.
103;12/09/2005;1;2;3;4;5;7;8;10;11;16;17;18;22;23;25;Estimativa de prêmio (15 ACERTOS) para o próximo concurso, a ser realizado em 19/09/2005: R$1.300.000,00.
102;05/09/2005;1;2;3;4;7;9;10;11;12;18;19;21;22;23;25;Estimativa de prêmio (15 ACERTOS) próximo concurso, a ser realizado em 12/09/2005: R$1.300.000,00.
101;29/08/2005;1;3;6;7;9;10;13;14;16;17;19;20;21;23;24;Estimativa de prêmio (15 acertos) para o próximo concurso, a ser realizado em 05/09/2005: R$1.400.000,00.
100;22/08/2005;1;3;4;8;9;10;11;12;13;14;16;17;22;23;25;Estimativa de prêmio (15 acertos) para o próximo concurso, a ser realizado em 29/08/2005: R$1.400.000,00.
99;15/08/2005;1;2;3;4;7;10;11;13;14;16;17;20;21;24;25;Estimativa de prêmio (15 ACERTOS) para o próximo concurso, a ser realizado em 22/08/2005: R$1.300.000,00.
98;08/08/2005;1;2;5;6;8;10;11;15;17;18;20;22;23;24;25;Estimativa de prêmio (15 acertos) para o próximo concurso, a ser realizado em 15/08/2005: R$1.400.000,00.
97;02/08/2005;3;4;6;10;12;13;14;15;17;19;20;22;23;24;25;Estimativa de prêmio (15 acertos) para o próximo concurso, a ser realizado em 08/08/2005: R$1.300.00,00.
96;25/07/2005;3;4;6;9;10;12;14;16;17;18;19;21;22;23;24;Estimativa prêmio (15 ACERTOS) próx conc: R$1.300.000,00. Em razão de problemas técnicos, a CAIXA informa o adiamento  do sorteio do conc 97 para 02/08/2005, terça-feira, às 20:00hs.
95;18/07/2005;1;2;3;4;5;10;11;12;14;15;17;18;19;20;22;Estimativa de prêmio (15 ACERTOS) para o próximo concurso, a ser realizado em 25/07/2005: R$1.300.000,00.
94;11/07/2005;2;4;8;9;11;12;13;15;16;17;18;21;22;23;24;Estimativa de prêmio (15 ACERTOS) para o próximo concurso, a ser realizado em 18/07/2005: R$1.300.000,00.
93;04/07/2005;2;4;5;6;7;9;10;13;17;18;19;20;21;23;24;Estimativa de prêmio (15 ACERTOS) próximo concurso, a ser realizado em 11/07/2005: R$1.300.000,00.
92;27/06/2005;1;2;4;6;8;12;13;14;15;17;18;19;21;22;24;Estimativa de prêmio (15 acertos) para o próximo concurso: R$1.300.000,00.
91;20/06/2005;1;4;9;10;11;12;13;14;15;16;17;20;22;23;25;Estimativa de prêmio (15 acertos) para o próximo concurso, a ser realizado em 27/06/2005: R$1.300.000,00 (UM MILHÃO E TREZENTOS MIL REAIS).
90;13/06/2005;1;2;3;8;10;11;12;15;17;20;21;22;23;24;25;Estimativa de prêmio (15 ACERTOS) próximo concurso, a ser realizado em 20/06/2005: R$1.300.000,00.
89;06/06/2005;1;6;11;12;13;15;16;17;19;20;21;22;23;24;25;Estimativa de prêmio (15 ACERTOS) para o próximo concurso, a ser realizado em 13.06.05: R$1.300.000,00 - Hum milhão e trezentos mil reais.
88;30/05/2005;1;2;4;5;8;9;10;11;12;14;17;18;19;24;25;Estimativa de prêmio (15 ACERTOS) para o próximo concurso, a ser realizado em 06/06/05: R$1.300.000,00 - Hum milhão e trezentos mil reais.
87;23/05/2005;1;2;3;5;8;9;10;11;13;15;18;20;22;24;25;Estimativa de prêmio (15 acertos) para o próximo concurso, a ser realizado em 30/05/2005: R$1.300.000,00.
86;16/05/2005;2;4;5;6;8;9;12;13;14;17;18;19;23;24;25;Estimativa de prêmio (15 ACERTOS) próximo concurso, a ser realizado em 23/05/2005: R$1.300.000,00.
85;09/05/2005;1;2;5;7;8;9;11;13;14;15;16;18;21;22;23;Estimativa de prêmio (15 ACERTOS) próximo concurso, a ser realizado em 16/05/2005: R$1.300.000,00.
84;02/05/2005;1;2;4;6;8;12;15;16;17;19;20;22;23;24;25;Estimativa de prêmio (15 acertos) para o próximo concurso, a ser realizado em 09/05/2005: R$1.300.000,00.
83;25/04/2005;1;2;3;5;6;8;10;11;12;13;14;20;23;24;25;Estimativa de prêmio (15 acertos) para o próximo concurso, a ser realizado em 02/05/2005: R$1.300.000,00 (HUM MILHÃO E TREZENTOS MIL REAIS).
82;18/04/2005;1;4;5;6;8;9;12;13;15;17;18;19;20;22;23;Estimativa de prêmio (15 Acertos) próximo concurso, a ser realizado em 25/04/2005: R$ 1.300.000,00 - Hum milhão e trezentos mil reais.
81;11/04/2005;1;2;3;4;5;6;7;10;11;13;15;16;17;19;21;Estimativa de prêmio (15 acertos) para o próximo concurso: R$1.300.000,00.
80;04/04/2005;1;2;3;4;5;7;9;10;14;15;17;18;20;22;25;Estimativa de prêmio (15 ACERTOS) próximo concurso: R$1.300.000,00 (HUM MILHÃO E TREZENTOS MIL REAIS).
79;28/03/2005;1;2;3;5;9;12;14;15;17;18;20;22;23;24;25;Estimativa de prêmio (15 ACERTOS) próximo concurso: R$1.300.000,00. (Hum milhão e trezentos mil reais).
78;21/03/2005;1;2;3;5;6;7;8;12;13;15;16;17;18;20;23;Estimativa de prêmio (15 ACERTOS) próximo concurso: R$1.300.000,00 (HUM MILHÃO E TREZENTOS  MIL REAIS).
77;14/03/2005;2;3;4;6;8;9;11;14;17;18;20;21;22;24;25;Estimativa de prêmio (15 acertos) próximo concurso: R$1.300.000,00 (HUM MILHÃO E TREZENTOS MIL REAIS).
76;07/03/2005;1;3;5;8;9;10;12;13;15;16;17;19;21;23;25;Estimativa de prêmio (15 ACERTOS) próximo concurso: R$1.500.000,00 (HUM MILHÃO E QUINHENTOS  MIL REAIS).
75;28/02/2005;1;3;4;5;6;7;8;10;11;13;15;16;17;20;25;Estimativa de prêmio (15 ACERTOS) próximo concurso: R$1.400.000,00 (HUM MILHÃO E QUATROCENTOS  MIL REAIS).
74;21/02/2005;1;2;3;4;5;6;8;11;13;15;16;18;22;23;25;Estimativa de prêmio (15 ACERTOS) próximo concurso: R$1.400.000,00 (HUM MILHÃO E QUATROCENTOS  MIL REAIS).
73;14/02/2005;1;2;5;7;10;11;13;14;15;16;17;18;19;21;25;Estimativa de prêmio (15 ACERTOS) próximo concurso: R$1.400.000,00 (HUM MILHÃO E QUATROCENTOS MIL REAIS).
72;09/02/2005;1;2;5;7;8;11;12;13;15;16;17;18;23;24;25;Estimativa de prêmio (15 acertos) para o próximo concurso: R$1.400.000,00.
71;31/01/2005;1;3;5;6;8;9;11;13;14;15;16;18;21;22;23;Estimativa de prêmio (15 acertos) para o próximo concurso: R$1.500.000,00.
70;24/01/2005;1;2;3;5;6;9;10;12;14;15;16;19;20;24;25;Estimativa de prêmio (15 acertos) para o próximo concurso: R$1.500.000,00.
69;17/01/2005;1;4;7;8;9;10;11;15;17;18;19;20;21;23;24;Estimativa de prêmio (15 ACERTOS) próximo concurso: R$1.500.000,00 (HUM MILHÃO E QUINHENTOS  MIL REAIS).
68;10/01/2005;1;2;3;5;6;7;8;9;10;12;16;17;22;23;25;Estimativa de prêmio (15 ACERTOS) próximo concurso: R$1.500.000,00 (HUM MILHÃO E QUINHENTOS  MIL REAIS).
67;03/01/2005;5;7;8;9;10;11;12;13;15;16;20;21;22;23;24;Estimativa de prêmio (15 ACERTOS) próximo concurso: R$1.500.000,00 (HUM MILHÃO E QUINHENTOS  MIL REAIS).
66;27/12/2004;1;2;4;8;10;11;14;15;16;17;20;21;22;23;24;Estimativa de prêmio (15 acertos) para o próximo concurso: R$1.500.000,00.
65;20/12/2004;1;2;4;7;10;15;16;17;18;19;20;21;22;23;25;ACUMULOU!!! Estimativa de prêmio (15 acertos) para o próximo concurso: R$3.500.000,00 (TRÊS MILHÕES E QUINHENTOS MIL REAIS).
64;13/12/2004;1;2;3;6;7;8;9;10;13;14;17;18;20;23;25;Estimativa de prêmio (15 acertos) para o próximo concurso: R$1.500.000,00.
63;06/12/2004;4;8;9;10;11;12;13;16;17;19;20;21;22;24;25;Estimativa de prêmio (15 acertos) para o próximo concurso: R$1.500.000,00.
62;29/11/2004;1;3;7;8;9;11;13;14;15;16;17;18;20;24;25;Estimativa de prêmio (15 ACERTOS) para o próximo concurso R$1.400.000,00.
61;22/11/2004;1;4;5;9;11;12;13;14;15;16;19;20;22;23;25;Estimativa de prêmio (15 ACERTOS) próximo concurso: R$1.400.000,00 (HUM MILHÃO E QUATROCENTOS  MIL REAIS).
60;16/11/2004;1;2;3;4;5;8;11;16;17;18;19;22;23;24;25;Estimativa de prêmio (15 ACERTOS) próximo concurso: R$1.400.000,00 (HUM MILHÃO E QUATROCENTOS  MIL REAIS).
59;08/11/2004;1;3;5;6;7;8;10;11;13;14;15;19;20;23;25;Estimativa de prêmio (15 ACERTOS) próximo concurso: R$1.400.000,00 (HUM MILHÃO E QUATROCENTOS MIL REAIS).
58;01/11/2004;3;4;5;6;11;12;13;14;15;16;17;18;19;20;22;Estimativa de prêmio (15 ACERTOS) para o próximo concurso: R$1.400.000,00 (HUM MILHÃO E QUATROCENTOS MIL REAIS).
57;25/10/2004;1;2;3;4;6;7;8;11;12;17;19;20;21;22;25;Estimativa de prêmio (15 acertos) para o próximo concurso: R$1.400.000,00.
56;18/10/2004;1;2;5;9;12;13;14;15;16;17;19;20;22;23;24;Acumulou!!! Estimativa de prêmio (15 ACERTOS) próximo concurso: R$3.000.000,00 (TRÊS MILHÕES DE REAIS).
55;11/10/2004;2;3;4;5;6;7;8;9;12;13;15;16;18;19;25;Estimativa de prêmio (15 ACERTOS) próximo concurso: R$1.400.000,00 (HUM MILHÃO E QUATROCENTOS  MIL REAIS).
54;04/10/2004;2;4;5;6;7;8;9;12;14;16;18;20;21;22;24;Estimativa de prêmio (15 ACERTOS) próximo concurso: R$1.400.000,00 (HUM MILHÃO E QUATROCENTOS  MIL REAIS).
53;27/09/2004;1;2;3;6;7;9;11;12;14;17;18;19;20;23;24;Estimativa de prêmio (15 ACERTOS) próximo concurso: R$1.400.000,00 (HUM MILHÃO E QUATROCENTOS MIL REAIS).
52;20/09/2004;1;2;4;8;9;11;12;13;15;16;21;22;23;24;25;Estimativa de prêmio (15 ACERTOS) próximo concurso: R$1.500.000,0000 (HUM MILHÃO E QUINHENTOS  MIL REAIS).
51;13/09/2004;1;3;5;6;7;8;11;13;14;16;17;20;21;22;23;Estimativa de prêmio (15 acertos) para o próximo concurso: R$1.500.000,00.
50;06/09/2004;1;2;3;6;7;9;10;11;12;13;19;20;21;23;25;Estimativa de prêmio (15 ACERTOS) próximo concurso: R$1.500.000,0000 (HUM MILHÃO E QUINHENTOS  MIL REAIS).
49;30/08/2004;2;4;5;6;8;11;13;15;16;19;20;21;22;23;24;ACUMULOU!!! Estimativa de prêmio (15 ACERTOS) próximo concurso: R$3.000.000,00 (TRÊS MILHÕES DE REAIS).
48;23/08/2004;2;5;6;7;11;13;15;16;17;18;19;20;21;22;23;Estimativa de prêmio (15 ACERTOS) próximo concurso: R$1.300.000,00.
47;16/08/2004;1;2;3;4;5;6;8;10;11;13;15;18;20;22;25;Estimativa de prêmio (15 ACERTOS) próximo concurso: R$1.400.000,00.
46;09/08/2004;1;2;4;5;6;8;10;11;14;18;19;21;23;24;25;Estimativa de prêmio (15 acertos) para o próximo concurso: R$1.400.000,00.
45;02/08/2004;1;2;3;5;7;9;14;16;17;18;19;21;23;24;25;Estimativa de prêmio (15 ACERTOS) próximo concurso: R$1.300.000,00.
44;26/07/2004;3;4;5;6;10;11;12;13;14;18;19;21;23;24;25;ACUMULOU!!! Estimativa de prêmio (15 ACERTOS) próximo concurso: R$3.200.000,00 (TRÊS MILHÕES E DUZENTOS MIL REAIS).
43;19/07/2004;1;3;6;7;8;9;10;14;17;18;19;20;22;23;24;Estimativa de prêmio (15 ACERTOS) para o próximo concurso: R$1.300.000,00.
42;12/07/2004;1;3;4;5;6;8;11;12;14;15;17;21;22;24;25;Estimativa de prêmio (15 ACERTOS) próximo concurso: R$1.400.000,00.
41;05/07/2004;2;3;4;9;12;13;15;16;17;18;19;20;21;23;25;Estimativa de prêmio (15 ACERTOS) próximo concurso: R$1.400.000,00.
40;28/06/2004;1;2;5;7;8;10;12;13;14;16;17;20;21;22;24;Estimativa de prêmio (15 ACERTOS) próximo concurso: R$1.400.000,00 (HUM MILHÃO E QUATROCENTOS MIL REAIS).
39;21/06/2004;2;7;8;9;11;13;14;15;17;18;19;21;22;23;24;Estimativa de prêmio (QUINZE ACERTOS) para o próximo concurso: R$1.300.000,00.
38;14/06/2004;1;2;3;6;7;8;9;10;13;14;15;16;22;24;25;ACUMULOU!!! Estimativa de prêmio (QUINZE ACERTOS) próximo concurso: R$3.000.000,00.
37;07/06/2004;1;3;4;5;8;9;10;11;13;15;20;21;22;23;24;Estimativa de prêmio (15 ACERTOS) próximo concurso: R$1.300.000,00.
36;31/05/2004;1;4;5;7;8;10;11;14;17;19;20;21;22;23;24;Estimativa de prêmio (15 ACERTOS) próximo concurso: R$1.400.000,00.
35;24/05/2004;1;4;5;6;11;12;13;14;16;17;19;21;22;23;25;Estimativa de prêmio (15 ACERTOS) próximo concurso: R$1.400.000,00.
34;17/05/2004;1;2;4;7;8;9;10;11;15;16;18;19;20;21;23;ACUMULOU!!! Estimativa de prêmio (15 ACERTOS) próximo concurso: R$3.000.000,00 (TRÊS MILHÕES DE REAIS).
33;10/05/2004;1;2;5;7;8;10;11;12;14;16;19;20;21;23;24;Estimativa de prêmio (15 ACERTOS) próximo concurso: R$1.400.000,00.
32;03/05/2004;1;2;4;6;7;9;10;11;14;15;16;17;20;22;23;Estimativa de prêmio (15 ACERTOS) próximo concurso: R$1.400.000,00 (UM MILHÃO E QUATROCENTOS MIL REAIS).
31;26/04/2004;1;2;3;4;9;13;14;15;17;19;20;21;22;24;25;Estimativa de prêmio (15 ACERTOS) próximo concurso: R$1.400.000,00.
30;19/04/2004;1;2;3;4;6;7;8;11;14;17;19;20;21;22;23;Estimativa de prêmio (15 ACERTOS) próximo concurso: R$1.500.000,00.
29;12/04/2004;1;4;5;6;8;9;13;14;16;17;19;20;21;22;24;Estimativa de prêmio (15 ACERTOS) próximo concurso: R$1.400.000,00.
28;05/04/2004;1;3;7;9;10;11;12;13;14;16;17;18;19;20;21;Estimativa de prêmio para o próximo concurso (15 acertos): R$1.400.000,00.
27;29/03/2004;3;6;8;10;11;12;13;14;15;18;20;21;22;24;25;Estimativa de prêmio (15 ACERTOS) próximo concurso: R$1.400.000,00.
26;22/03/2004;5;7;8;9;10;11;13;14;16;17;19;20;21;22;23;Estimativa de prêmio (15 ACERTOS) próximo concurso: R$1.500.000,00.
25;15/03/2004;1;2;3;4;5;6;7;9;13;14;16;20;22;23;24;(ACUMULOU!!!) Estimativa de prêmio (15 ACERTOS) próximo concurso: R$3.000.000,00 (Três milhões de reais).
24;08/03/2004;1;2;3;5;7;10;11;14;17;19;20;21;23;24;25;Estimativa de prêmio (15 ACERTOS) próximo concurso: R$1.400.000,00
23;01/03/2004;1;3;4;5;6;8;10;11;12;14;16;17;18;19;20;Estimativa de prêmio para o próximo concurso (15 acertos): R$ 1.300.000,00.
22;25/02/2004;1;2;3;4;5;6;7;9;10;12;13;14;15;22;25;Estimativa de prêmio (15 ACERTOS) próximo concurso: R$1.200.000,00.
21;16/02/2004;1;2;4;5;8;11;14;16;18;19;20;22;23;24;25;Estimativa de prêmio (15 ACERTOS) próximo concurso: R$1.400.000,00. A CAIXA informa que o concurso 022 do Lotofácil acontecerá em 25/02/2004 (quarta-feira) às 20:00 horas (encerramento das apostas: 19:00 hs).
20;09/02/2004;3;4;6;7;8;9;10;14;16;17;18;19;20;23;24;Estimativa de prêmio (15 ACERTOS) próximo concurso: R$1.200.000,00.
19;02/02/2004;2;5;6;7;8;10;11;13;14;15;16;17;20;23;24;Estimativa de prêmio (15 ACERTOS) próximo concurso: R$1.200.000,00.
18;26/01/2004;2;6;7;8;10;11;14;15;17;18;19;20;22;23;24;Estimativa de prêmio (15 ACERTOS) próximo concurso: R$1.200.000,00.
17;19/01/2004;1;2;3;5;6;7;9;13;14;16;17;18;19;20;21;Estimativa de prêmio para o próximo concurso (15 ACERTOS): R$ 1.200.000,00.
16;12/01/2004;2;5;6;7;8;10;12;13;15;17;19;21;23;24;25;Estimativa de prêmio (15 ACERTOS) próximo concurso: R$1.200.00,00.
15;05/01/2004;1;2;4;6;8;10;12;15;16;18;19;21;23;24;25;Estimativa de prêmio para o próximo concurso (15 acertos): R$ 1.200.000,00 (UM MILHÃO E DUZENTOS MIL REAIS).
14;29/12/2003;1;2;5;6;7;9;13;14;15;18;19;20;21;23;25;Estimativa de prêmio (15 ACERTOS) próximo concurso: R$1.200.000,00.
13;22/12/2003;3;5;6;7;8;9;10;11;13;14;15;16;17;19;23;Estimativa de prêmio (15 ACERTOS) próximo concurso: R$1.300.000,00.
12;15/12/2003;1;2;4;5;7;8;9;10;11;12;14;16;17;24;25;Estimativa de prêmio (15 ACERTOS) próximo concurso: R$1.000.000,00.
11;08/12/2003;2;6;7;8;9;10;11;12;16;19;20;22;23;24;25;ACUMULOU!!! Estimativa de prêmio (15 ACERTOS) próximo concurso: R$4.000.000,00 (QUATRO MILHÕES DE REAIS).
10;01/12/2003;2;3;4;5;6;8;9;10;11;12;14;19;20;23;24;Estimativa de prêmio (15 ACERTOS) próximo concurso: R$2.600.000,00.
9;24/11/2003;3;4;5;9;10;11;13;15;16;17;19;20;21;24;25;Estimativa de prêmio (15 ACERTOS) próximo concurso: R$1.100.000,00.
8;17/11/2003;1;5;6;8;9;10;13;15;16;17;18;19;20;22;25;Estimativa de prêmio próximo concurso: R$1.000.000,00.
7;10/11/2003;1;4;7;8;10;12;14;15;16;18;19;21;22;23;25;Estimativa de prêmio para o próximo concurso (15 ACERTOS): R$ 1.000.000,00.
6;03/11/2003;1;2;4;5;6;7;10;12;15;16;17;19;21;23;25;Estimativa de prêmio (15 ACERTOS) próximo concurso: R$900.000,00.
5;27/10/2003;1;2;4;8;9;11;12;13;15;16;19;20;23;24;25;Estimativa de prêmio para o próximo concurso (15 ACERTOS): R$800.000,00.
4;20/10/2003;1;2;4;5;8;10;12;13;16;17;18;19;23;24;25;Estimativa de prêmio (15 ACERTOS) próximo concurso: R$800.000,00.
3;13/10/2003;1;4;6;7;8;9;10;11;12;14;16;17;20;23;24;Estimativa de prêmio (15 ACERTOS) próximo concurso: R$700.000,00.
2;06/10/2003;1;4;5;6;7;9;11;12;13;15;16;19;20;23;24;ESTIMATIVA DE PRÊMIO PARA O PRÓXIMO CONCURSO (15 ACERTOS): R$500.000,00
1;29/09/2003;2;3;5;6;9;10;11;13;14;16;18;20;23;24;25;Estimativa de prêmio (15 ACERTOS) próximo concurso: R$250.000,00.
